split,route_idx,gt_arc_km,pred_arc_km,ade_m,fallback,path_nodes
val,0,447.50262412491526,407.89182477597484,22202.434859333363,0,626
val,1,108.7498952136812,118.17655400583418,9791.985608774066,0,227
val,2,75.49703986741348,64.8275142150813,8629.741651658569,1,0
val,3,29.876927038697676,29.262077547799638,1032.8843206464726,0,53
val,4,65.85256704801377,68.38455376125336,3812.6716665929184,0,134
val,5,55.95558870505833,41.512124601170605,7503.348193061518,0,72
val,6,523.5195157575113,459.87830129125365,51954.79044409997,1,0
val,7,37.97248431985636,33.92230488742142,1864.6367643373096,1,0
val,8,23.373477494151913,21.660739820328384,1050.2448005440967,0,38
val,9,65.78665859278584,68.85299774679429,4436.258317663684,0,130
val,10,23.36018234320686,21.660739820328384,1007.8060966498516,0,38
val,11,23.148786121187438,21.660739820328374,1101.6553955089469,0,38
val,12,88.2590447986903,95.81506325479073,8297.239987229637,0,151
val,13,180.34353990689831,186.60150599981216,20247.793728546992,0,307
val,14,31.941444023577656,28.83334059670409,2577.464657336716,0,51
val,15,72.87533708133549,80.66274709584933,8028.9764090048175,0,144
val,16,20.409896305173845,20.94906394303138,593.2129154451058,0,38
val,17,67.50567636806235,60.814456635016214,4076.0582922108483,0,94
val,18,153.57280567912818,152.1809162193027,6565.217438649963,0,229
val,19,27.867107604359695,24.188366291192153,2491.0420083978975,0,36
val,20,161.4105500191626,172.63268875026858,23058.441269581963,0,322
val,21,37.95828374845299,33.92230488742141,2336.1663503109808,1,0
val,22,32.83750580229034,36.561235305973895,1706.583769449923,0,67
val,23,484.0496360572884,463.550737407678,34310.00514985468,1,0
val,24,135.89096571707393,142.61169863324818,9409.136071608978,0,243
val,25,152.60323209108975,151.68841443280027,10788.503570619985,0,258
val,26,134.11080687023818,66.98124010225222,25034.67800956171,0,120
val,27,97.39876470236892,102.5677213897869,5884.490874947942,0,238
val,28,403.35750332853945,421.9993012966104,50674.5385457471,0,656
val,29,163.6607596924057,173.77411436624828,15911.802610065692,0,272
val,30,1323.0071179025624,867.6933187309144,169873.43850203263,1,0
val,31,23.36077717597162,21.660739820328384,1319.65265169526,0,38
val,32,84.63080888732549,68.11643051708508,11790.112789563796,0,137
val,33,259.4539785006386,244.22353947903497,33640.41312640628,0,397
val,34,48.96127095939726,53.29140813267441,4331.426929997894,0,93
val,35,51.1973322299323,54.97916803410855,5488.398232286243,0,89
val,36,110.2918441682684,106.75141656873978,2797.0166387627046,0,178
val,37,141.62326341320468,140.28019264827543,5925.978111198362,0,223
val,38,222.37170528022997,218.140169880189,37732.49454993954,0,346
val,39,44.0916281821929,41.98706535084091,3275.9881366807876,0,59
val,40,185.40653278652937,202.34705455301116,20558.636075608647,0,328
val,41,78.84392896227013,85.30534140360297,6587.788355043779,0,141
val,42,23.36928261006536,21.660739820328384,1236.903151926435,0,38
val,43,32.33575991581941,31.72463343843647,841.0874224778217,0,55
val,44,97.2758502154306,102.5677213897868,7191.697264634584,0,238
val,45,81.17611187715539,74.6382761479401,5928.8716348213675,0,131
val,46,157.16116285039286,166.57787923709452,15730.215530777476,0,256
val,47,37.535418664550164,33.92230488742142,1810.1331127731135,1,0
val,48,184.62743818889183,199.8489892456449,19710.957604683616,0,316
val,49,38.5573971920179,39.90351939192057,3147.63657215232,0,98
val,50,289.04784720759113,292.00588430904094,43210.71865765486,0,483
val,51,23.44966321422269,21.660739820328374,1178.5576695072625,0,38
val,52,77.1161050633015,82.6422632147317,7042.586183289819,0,130
val,53,43.53199003936506,46.84727952499805,4165.180537928718,0,73
val,54,22.747915944168327,22.948397328993785,1053.0710969453733,0,33
val,55,78.01563453749141,27.810011876152803,11203.954570746557,0,41
val,56,241.74145336255543,221.0019332767091,21916.73049834862,0,335
val,57,55.69816192717407,51.82360843450466,3890.6950076977373,1,0
val,58,41.5242206077502,41.27746987482702,1315.2777118649233,0,72
val,59,174.48063468267563,170.54546921483657,5280.485168819818,0,245
val,60,28.485096248537147,31.820804332871866,1771.7890156527978,0,60
val,61,37.69616960841754,33.92230488742141,2216.2877261738663,1,0
val,62,23.577507967681314,21.660739820328384,1635.797027113795,0,38
val,63,40.178299218371286,37.37827899183658,1862.1223799162376,0,62
val,64,151.83578610437445,112.81091075653623,39833.156651405036,0,199
val,65,23.486449889464353,21.660739820328384,1447.8081163798568,0,38
val,66,30.229364554272593,32.61231531980831,3101.998554201723,0,54
val,67,80.95011350026574,84.50432299221981,5978.514743649217,0,128
val,68,53.33019430974259,44.57246913821535,9739.90118891046,0,81
val,69,124.41756952130652,78.69852011907594,19558.660099292247,0,135
val,70,347.3558519081307,340.8644247193713,16793.89697498809,0,610
val,71,146.41517150342037,111.15637955092917,18153.84045907963,0,200
val,72,146.1644470121368,142.38880274879776,7906.162061480002,0,222
val,73,26.320152786213274,22.54835324656252,3165.136518105488,0,47
val,74,264.340636239342,279.63556322191204,20638.22163520338,0,465
val,75,27.13265900094819,27.956749236372303,987.5544461562349,0,49
val,76,35.99231080768069,25.867429627413493,5818.6671980244555,0,47
val,77,26.783263705704492,24.247863946041324,2092.8249849100407,0,49
val,78,68.78087124503509,19.7236769581363,11788.844533190117,0,31
val,79,264.0802745988347,276.22263533578973,20521.23672432256,0,422
val,80,320.1452832592773,318.9442461868373,1599.4270497819705,1,0
val,81,88.55921005173624,87.81601759290545,9989.088384986142,0,138
val,82,30.210290108336988,27.078230078418017,1674.87304682481,0,38
val,83,66.96471929153925,64.64348443328862,5713.206733239317,0,96
val,84,23.400061122523162,21.660739820328384,1291.795382239378,0,38
val,85,23.473852020409304,21.660739820328384,1307.0878395112704,0,38
val,86,533.4085870670352,417.91726608331345,26699.79552612793,0,677
val,87,262.2431430623654,242.2059861584267,24604.78404584952,0,318
val,88,39.30152904450362,41.28305438916825,2892.8206589988513,0,62
val,89,750.9987796605848,34.680477679519704,35390.52182126751,0,74
val,90,25.680577281386462,26.109325950248362,816.4557808814166,0,52
val,91,25.20013684592529,22.551443485755538,1607.486186601272,0,45
val,92,29.71654267573243,32.44204016605096,3796.3877563335336,0,56
val,93,23.427789849685485,21.660739820328384,1222.7681510187858,0,38
val,94,86.914417358323,70.85778258368389,13719.103877293743,0,136
val,95,47.08207075409257,44.291431707983214,1743.8992613138632,0,63
val,96,50.03177084957655,50.03778610508988,202.36275114337963,0,91
val,97,34.56116983969095,34.11897452435959,3233.6156926179474,1,0
val,98,23.374816739686118,21.660739820328384,1326.8750202042586,0,38
val,99,37.60974093845451,33.92230488742141,2171.7719211054114,1,0
val,100,27.172391371653553,24.833973920468967,1105.9373834323608,0,36
val,101,37.723004598558774,33.92230488742142,2148.11747972901,1,0
val,102,83.98355725936645,84.15588040986079,11210.571905210652,0,129
val,103,108.83344797013818,103.12530755700239,8908.12799552783,0,154
val,104,51.302101814943995,42.553977100445245,5029.177373087759,0,71
val,105,48.12235271393744,45.95028003731418,7584.5737025456265,0,93
val,106,48.88017285454947,50.05121390987955,1951.906969257465,0,73
val,107,62.30666400431907,66.16147853731407,5099.448847179752,0,153
val,108,61.93168774791147,65.92843448162724,5088.268009672003,0,120
val,109,142.44785637075609,146.49718975355125,6107.105276421549,0,229
val,110,460.7039088501504,399.88168094597677,39522.910876343354,0,666
val,111,154.11669108691302,155.25049062266757,18638.340576746472,0,243
val,112,1012.0146433057399,952.2237835633003,40586.666881830526,1,0
val,113,184.10208671871987,178.94148744051245,6701.886269538466,0,322
val,114,23.389913931604294,21.660739820328384,1330.6661384133872,0,38
val,115,97.46041594198212,102.5677213897869,5696.339350006681,0,238
val,116,23.47433709453386,21.660739820328374,1061.625883134105,0,38
val,117,47.60387555726234,50.7820175877218,4031.8159894808527,0,78
val,118,97.41456480858385,102.5677213897869,5549.902142322427,0,238
val,119,44.223349277343964,45.92029862213893,1777.819791758556,0,66
val,120,91.89262993290993,64.65490225694352,12258.069164463694,1,0
val,121,37.87046077518555,33.92230488742141,2386.836156555544,1,0
val,122,23.370275740629907,21.660739820328384,1047.2863030365556,0,38
val,123,282.3501894432608,255.2941745260989,20868.716756290865,0,444
val,124,38.16307676688776,33.92230488742142,2647.873789708516,1,0
val,125,52.74119918075715,53.80066505662669,2658.6395612576453,0,106
val,126,213.6672619409502,215.66986899375712,2558.118115629636,0,505
val,127,298.40681422081656,294.06663708447957,4175.9313469082745,0,472
val,128,90.76595094892986,69.32879371693181,8335.47964978163,0,109
val,129,59.95827904993524,61.66700336906479,2719.7587201591514,0,108
val,130,72.9817205843878,70.56172172720751,6989.414670389395,0,135
val,131,357.0021833420835,371.61762548085375,25050.985545355135,0,623
val,132,186.85551656554975,190.157565984278,16107.765100055098,0,308
val,133,73.3296742781537,62.85470137044135,4571.075290525468,0,88
val,134,37.84755863292063,35.39158024084351,1178.9567893034207,1,0
val,135,427.64727929506455,428.9958565071053,12667.874443333187,0,690
val,136,293.3003928865303,294.85186956640223,11178.6826607048,0,460
val,137,138.2626898729149,137.4953065813919,9564.878305372293,0,256
val,138,280.91721713468166,279.0442028123319,26325.3868693603,0,456
val,139,23.424007026491623,21.660739820328374,1256.450691433098,0,38
val,140,97.35980251104274,102.5677213897869,5967.081497059913,0,238
val,141,41.13852968531716,30.393926184071454,4508.124643828547,0,55
val,142,38.136042943091,33.92230488742141,2635.655161774359,1,0
val,143,152.2587074162999,150.05134318083404,2472.075155082384,0,268
val,144,33.77315701623194,37.39204674356775,1833.6604820925947,0,68
val,145,23.416903626324995,21.660739820328374,1164.1482562579145,0,38
val,146,146.3869168226222,147.6694969647398,2292.1056656082355,0,347
val,147,432.83056115381527,432.79900919069274,790.4835290487589,1,0
val,148,25.85715684804878,21.660739820328374,1573.9098533108163,0,38
val,149,25.871781544546284,22.5245149105073,2906.210582998334,0,47
val,150,481.1987965968722,421.6960260413275,43883.49006804152,1,0
val,151,23.4046081010992,21.660739820328384,1195.5841191566697,0,38
val,152,22.11533045634028,23.52279027567151,1265.2000553684816,0,39
val,153,23.018374190912077,18.90957646702501,3663.841285912814,0,40
val,154,61.404143321424016,59.54737943264371,5401.835691633027,0,89
val,155,23.344190806963432,21.660739820328384,992.8476227047605,0,38
val,156,167.52566770543723,169.09798504179204,3270.6561668218965,0,301
val,157,151.594425388517,157.39675828322416,19662.79389826522,0,245
val,158,64.87185699193573,64.65576112050967,1259.33722765611,0,113
val,159,69.35444597336783,69.40216079727013,2959.1026762416172,0,119
val,160,84.70120991907004,80.43162168688268,3489.852747245873,0,122
val,161,23.446366235074812,21.660739820328384,1298.1355465442662,0,38
val,162,56.56369517860946,49.65289513520493,5329.522385506257,0,90
val,163,37.95349821783338,33.92230488742141,2138.5743432848903,1,0
val,164,23.405229752143168,21.660739820328384,1282.4641747055339,0,38
val,165,25.941434247653653,27.269923539146326,2211.11020740093,0,43
val,166,131.3858935078862,133.02891568963693,7418.1528904184925,0,203
val,167,85.68808509072426,93.55023081865433,9613.392240324649,0,159
val,168,37.27050748566663,33.92230488742142,2006.864931948373,1,0
val,169,23.421275474957074,21.660739820328374,1239.1600557666254,0,38
val,170,23.50191947142491,21.660739820328374,1331.8806473793502,0,38
val,171,634.6596386545658,561.8852474566306,57088.90618336663,1,0
val,172,68.10311548202998,69.06358674405227,2795.7698280484806,0,122
val,173,41.94652795250034,37.15674094995939,4536.593271927172,0,59
val,174,843.4269244575578,611.1104916873558,90547.79359817364,1,0
val,175,121.73663010532046,129.39043490787898,9890.591180101368,0,196
val,176,134.9383381659576,142.4688846762826,11684.12986212815,0,235
val,177,61.20696414172556,60.76760236655577,4252.870683209425,0,95
val,178,141.40410269539146,151.3391401783941,11286.435268053478,0,233
val,179,277.3437373803187,282.64105444346944,7949.360576169408,0,521
val,180,65.44894530691214,63.91455545900724,9549.684786377242,0,115
val,181,23.390779435979663,21.660739820328374,1315.1062649723629,0,38
val,182,142.23701762069632,103.69888585670887,12781.313861207014,0,163
val,183,25.405458057805088,24.648585857938993,4193.794440235893,0,40
val,184,42.97007882027339,46.16999194187937,3814.2125387542496,0,73
val,185,97.29621270057291,102.9855200281497,8039.871226956635,0,156
val,186,23.80665806487362,21.660739820328374,1732.2166420247222,0,38
val,187,65.05399778154866,68.02835997906833,4192.2486348434695,0,98
val,188,59.83853131646147,52.68236350149212,4085.0764440509392,0,88
val,189,46.976656369819544,45.67534344113235,3656.4580079833718,0,70
val,190,23.431491324245542,21.660739820328374,1124.992457023112,0,38
val,191,97.17163113047792,102.33348710487674,7856.343642372183,0,238
val,192,77.75438640542815,71.49904553273453,3715.499715219802,0,100
val,193,97.39822376831006,102.5677213897869,5405.631388483349,0,238
val,194,37.874140553559,33.92230488742141,2000.0615443456886,1,0
val,195,37.78532044344013,33.92230488742141,2254.5003665417394,1,0
val,196,23.613748791368252,21.660739820328384,1597.5768668708681,0,38
val,197,23.43366748314091,21.660739820328374,936.5909297261367,0,38
val,198,48.0978881374941,42.19775063252383,8701.537240284666,0,74
val,199,39.77641794904047,32.14275057326407,4112.11649044059,0,48
val,200,61.05254233629821,62.90479654885354,2741.2846899444,0,88
val,201,23.091578937410073,22.571781257070366,2719.978060362009,0,38
val,202,233.48781178878167,237.21759076258246,5588.202274794302,0,462
val,203,88.57084886111518,59.35250422367476,11266.712651258578,0,94
val,204,72.27528443155131,75.98374984416984,5009.346446654037,0,151
val,205,23.502430169512618,21.660739820328374,954.9342820225957,0,38
val,206,65.00496945707607,65.20443833603788,378.7696996515042,0,118
val,207,91.79458883072105,98.34612346329601,8280.736134690023,0,176
val,208,54.18016714591913,33.855722901840686,6010.379242739892,0,58
val,209,169.24725893805427,177.80684217485822,18624.043641288496,0,334
val,210,33.57178125199931,36.85589716394413,4473.6151079872425,0,65
val,211,23.39422449471796,21.660739820328384,1307.0958638216116,0,38
val,212,59.33386768907626,59.65753068930933,999.223140640686,0,124
val,213,52.870871266696014,50.67264726956094,4343.271569289495,0,98
val,214,630.2467798692559,519.2947621332925,77694.06215211976,1,0
val,215,23.503288188325175,21.660739820328374,1031.8849756875265,0,38
val,216,97.36817284952406,102.5677213897869,5779.699114574851,0,238
val,217,23.400613151279,21.660739820328374,1188.802415212582,0,38
val,218,23.458863036135774,21.660739820328384,1383.8128357440514,0,38
val,219,82.54930160171693,82.57103605560572,4716.83469982165,0,117
val,220,38.27900169734574,28.256992364286983,5662.167291938962,0,40
val,221,97.39813099519229,102.5677213897868,7700.362297324137,0,238
val,222,175.86082444684723,180.9892868358518,9424.566164540895,0,326
val,223,107.72711432719292,104.21992635076565,1750.2599828403422,0,146
val,224,109.16521711140345,50.29820454173544,17407.095809932023,0,87
val,225,192.14345090870407,192.3807880309534,6051.227549448035,0,406
val,226,37.568565092508784,33.92230488742142,2236.653207791502,1,0
val,227,89.43434166410155,83.89560177603063,7664.222668221611,0,162
val,228,399.19137802340697,387.6051958883656,18957.26313447574,0,673
val,229,99.51401704465475,76.87809649890832,12154.915257917317,0,118
val,230,39.23786665109724,34.07277769931935,2273.693339494581,1,0
val,231,352.3820413561666,329.56842307970976,21434.832360911565,0,509
val,232,138.92950083234123,137.64942890509872,10610.115403380956,0,219
val,233,43.53668343535621,33.05465838622876,7647.755791432621,1,0
val,234,129.01139572309955,112.54169700464351,11185.164476012207,0,199
val,235,23.2246795233879,21.660739820328374,1097.2208586185698,0,38
val,236,66.11482963709003,69.53091623731449,5521.189758659227,0,154
val,237,71.45880718339825,56.483149497519875,7294.609040333198,0,101
val,238,23.357480654712017,21.660739820328374,992.5715092045641,0,38
val,239,196.4416888531475,85.77662612639006,44715.82583753748,0,144
val,240,36.76062515209048,25.111090558120633,4597.053321134102,0,40
val,241,119.88724517297115,124.9753300730486,7589.539710088194,0,184
val,242,31.787802774228403,29.161821109484713,2083.112701062862,1,0
val,243,42.22241771926838,30.67958911232842,5710.483716319137,0,49
val,244,309.92653085274134,324.77510008126245,39742.79942536794,0,500
val,245,79.28606046278348,82.85527192045951,4325.287098562972,0,150
val,246,27.298267171089282,28.30537121186867,3141.2551889125116,0,46
val,247,58.41416885185635,56.11337648851206,7307.417863613734,0,98
val,248,485.95104388128,476.8204567049772,12312.056845166162,1,0
val,249,23.40164001100307,21.660739820328374,1204.489534139661,0,38
val,250,299.29139971131275,292.81441858711304,30484.619671838293,0,480
val,251,97.43959934993983,102.5677213897869,5255.157297058099,0,238
val,252,97.27861671398266,102.5677213897868,7499.95084320561,0,238
val,253,252.60696169768147,231.3333498161552,19479.944706847677,0,401
val,254,23.378611181135454,21.660739820328384,1327.6845351486045,0,38
val,255,48.2634546788284,45.10081018838069,1797.3785533771593,0,75
val,256,132.59779129004954,131.82018370788543,3442.3737166252813,0,243
val,257,160.80057864887357,166.28693001009765,7361.602678829016,0,233
val,258,142.84525094585828,137.77182011506181,8111.206494361255,0,188
val,259,70.08179627165647,71.4418355510835,2452.431624482636,0,112
val,260,149.41580744729788,150.47452239322615,8495.00352082871,0,216
val,261,51.58212478654283,54.33842767672556,6439.944818528878,0,84
val,262,28.76068766513115,28.6456297255104,1062.2587440455932,0,50
val,263,45.585019364266934,46.13090138226579,1754.131729788749,0,93
val,264,83.59221604191086,85.27001035940327,2276.1001604363455,0,151
val,265,253.41670956891804,260.3973425799884,11954.564678953022,0,438
val,266,48.93387940010371,50.89900760125126,3006.6289280874844,0,82
val,267,23.43437586374389,21.660739820328374,942.0793163894188,0,38
val,268,150.31581359788544,119.27181329758442,32902.55583136278,0,183
val,269,51.90656615927126,40.86455355623434,5661.162974010576,0,76
val,270,265.15929287818216,252.32864135690366,16565.668155447147,0,424
val,271,189.92941185506652,165.04896278370316,14955.249432551207,0,278
val,272,51.42009032016069,42.25559942121507,8989.890124857873,0,70
val,273,77.51597110676583,77.22176300172738,4549.713353190695,0,111
val,274,71.54331077776456,73.94358267957105,6860.4267350569635,0,135
val,275,37.66612548190295,33.92230488742142,2284.25718998155,1,0
val,276,64.98085122158973,66.80212032890775,5573.406124144489,0,105
val,277,136.58418560617233,142.64211669288812,12893.310787386576,0,204
val,278,59.57355190947774,55.37056144125505,3310.989757428944,0,91
val,279,206.13427477545818,183.23665328173635,16549.941969917454,0,284
val,280,27.169235589505135,21.213938317218936,3161.299675445403,0,38
val,281,23.458525137694867,21.660739820328374,1153.7101098533583,0,38
val,282,97.33808772503836,102.5677213897868,6617.334943481557,0,238
val,283,22.330446916142666,23.437001680594516,1824.6801465268336,0,42
val,284,61.57525636787543,63.440697222632544,3424.2838490988506,0,107
val,285,23.48014255060078,21.660739820328374,995.3237296947004,0,38
val,286,154.3200579217185,68.15997696815899,21809.110051433923,0,93
val,287,147.89885652672018,145.73811594111788,2448.2269291605194,0,245
val,288,37.590563338104936,33.92230488742142,2012.864397864801,1,0
val,289,23.147359065116643,21.660739820328374,942.366751150551,0,38
val,290,421.9332291431549,97.13271077352866,39608.63235335388,0,176
val,291,49.57647710659953,51.99499111461246,3674.2742375372045,0,87
val,292,97.42394148280215,102.5677213897869,6341.338993949963,0,238
val,293,85.93046043959717,91.6259309530341,6917.381017238288,0,212
val,294,23.55671250934012,21.660739820328374,992.046834007254,0,38
val,295,27.005761668854507,24.851713662482613,3104.997515889299,0,45
val,296,23.371542195659007,21.660739820328384,1150.8354035851708,0,38
val,297,227.03888505831253,238.46367221496416,21582.591846671185,0,393
val,298,303.3532062054136,303.55342161047497,268.748366170628,0,418
val,299,125.23502557264757,125.81354152502111,1556.4020594916803,0,247
val,300,28.68586086385239,28.569485803449332,169.8776898405123,0,40
val,301,89.87567442321149,90.18438147012259,1092.236698932926,0,125
val,302,78.75178075574337,64.0570547344086,7170.078281514718,0,113
val,303,215.8229943570903,222.44202764712307,17745.171696788184,0,379
val,304,23.409510645625936,21.660739820328374,1204.7659620775892,0,38
val,305,112.57512202170277,110.36324713126557,11583.834172215902,0,201
val,306,23.362234232268907,21.660739820328374,1146.2731064120183,0,38
val,307,23.386434697559775,21.660739820328374,1214.5313588652245,0,38
val,308,98.94176200847119,99.30959326425997,743.6292491666625,1,0
val,309,109.74334220026387,107.19096968140384,2337.8251464371488,0,192
val,310,97.40747669012539,102.5677213897869,5581.605334301545,0,238
val,311,57.3110303803441,57.26546632026979,303.18219827399685,0,104
val,312,23.363512908849746,21.660739820328384,1297.5642885715818,0,38
val,313,145.5704794074775,153.193770294114,9709.699270841867,0,242
val,314,61.426152871214484,56.58559219019649,2898.291230683731,0,89
val,315,100.93318899216358,107.20420184951469,8502.43015642438,0,258
val,316,23.212399469859157,21.660739820328374,849.9410587076084,0,38
val,317,132.11462217191905,110.86250753403671,22767.25489741996,0,212
val,318,140.11436281861916,138.67683333645385,20682.912570145054,0,271
val,319,188.84467053761526,191.92729277169965,16441.494970681786,0,307
val,320,338.46086833943497,336.5681183819795,2198.4437557224014,0,590
val,321,242.72521441767358,97.49214195179438,45476.04222615709,0,162
val,322,194.58962909505024,210.94703755447176,18787.50688875703,0,391
val,323,87.38832423202388,74.44184883461195,7445.340206494473,0,133
val,324,72.0646344775748,67.13896993725045,13881.252684184657,0,106
val,325,322.1379651004189,25.312663056560172,20734.786016918606,0,43
val,326,136.73525850137767,133.94615584950918,7938.262079551063,0,203
val,327,77.58437091043335,74.1679388304737,3260.895340302599,0,117
val,328,23.68811500421772,21.660739820328384,1438.045358171661,0,38
val,329,42.804827486345815,41.421732955887634,2201.6250191501695,0,70
val,330,122.86947383721676,132.3081059457158,9228.231120758572,0,266
val,331,85.39268233224043,92.49137726341796,8967.25204869101,0,151
val,332,32.46309778033658,32.82766712200486,1518.4638731518319,0,66
val,333,449.8217122329835,442.2685229796474,33179.303693344606,0,684
val,334,162.2485416989624,165.39744509643245,4539.855175182418,0,267
val,335,53.58524227326673,54.89598465358887,1863.2605970987872,0,97
val,336,177.53648745595635,174.17777895031057,1556.6484773465247,1,0
val,337,273.55265100185477,281.1687118393354,14128.415694680338,0,542
val,338,23.355400416516964,21.660739820328384,1140.1395829014148,0,38
val,339,91.53541686876773,92.91496266849957,12935.103142093105,0,143
val,340,62.53864547692547,42.91571493780799,4122.360235681694,0,90
val,341,130.88381503194927,129.61705945111413,5768.459716375512,0,206
val,342,34.3719566064981,31.107859602920527,3407.949727387546,0,61
val,343,446.746015648278,213.55910388384353,50843.841016770784,0,323
val,344,73.56282046154999,77.50503655392956,5938.283967916051,0,118
val,345,38.0689402118874,33.92230488742141,2761.9405733326207,1,0
val,346,23.489577643800065,21.660739820328374,1060.6243885668218,0,38
val,347,159.00745488094836,160.66160054283955,17230.383400586576,0,240
val,348,23.316077123669718,21.660739820328384,1157.498984386242,0,38
val,349,278.8285672762354,207.18555306905802,50692.226459692036,0,363
val,350,631.5765976349785,560.1234105418566,47780.96744269245,1,0
val,351,23.382828888327765,21.660739820328374,1046.582920268935,0,38
val,352,436.6645467347241,308.7036192180841,66775.3270872702,0,463
val,353,45.65557109333155,47.611308081433684,2758.5739162646482,0,71
val,354,23.36585874908039,21.660739820328374,1041.0055445896278,0,38
val,355,41.110998388494735,41.23229828336178,305.8435353755209,0,98
val,356,181.9370370476176,183.97596295452783,2879.596149589184,0,328
val,357,113.12213612529686,116.23694798254095,4382.490713573098,0,188
val,358,25.39983899802972,21.824572466022637,3439.455937773875,0,45
val,359,48.3703700741151,48.87219680687869,1462.19604086527,0,92
val,360,41.93404423790821,41.07618689100051,3040.9412120595334,0,67
val,361,23.47008187787182,21.660739820328374,1349.9938056511223,0,38
val,362,156.0502051375287,158.3415184860712,3057.364806518866,0,221
val,363,23.544302591508615,21.660739820328374,897.9032082418521,0,38
val,364,26.783667961848618,22.78846394736628,3725.499863354154,0,48
val,365,238.03551078255663,218.03875286183674,14441.290646548941,0,345
val,366,52.89432931065153,50.49342271873717,7378.988699608154,0,83
val,367,78.47714492703908,33.390151193409515,10832.677773203464,0,54
val,368,332.02242944358846,330.44052397448337,18121.966609425952,0,571
val,369,32.880723550937255,25.318160914407517,3438.754411287486,0,44
val,370,23.381804015775796,21.660739820328374,1056.1421241027933,0,38
val,371,248.05719671646196,259.1461289522748,21798.916958646096,0,421
val,372,35.19648519420578,34.26548034722476,2927.9419642824623,0,54
val,373,53.264114565391885,40.850713575400626,4599.285447069538,0,64
val,374,146.5214139534507,138.39730679253876,5262.217088917357,0,196
val,375,97.31621161576383,102.5677213897868,6953.754982055045,0,238
val,376,376.23165296678826,309.5282744302321,45926.00668125434,1,0
val,377,23.183131373048738,21.660739820328374,933.2389412523139,0,38
val,378,34.10171592789464,27.625396797755844,6359.307860206185,0,46
val,379,191.95453279485383,176.04525591802175,10859.817187235634,0,277
val,380,139.54079782377775,154.43213347031914,15617.975804156686,0,321
val,381,23.386760232033097,21.660739820328374,963.5840931802896,0,38
val,382,147.8119277943092,131.71414029548993,9828.991555900202,0,281
val,383,37.82898705679523,33.92230488742142,2364.4880300834334,1,0
val,384,23.409437003021836,21.660739820328374,989.3244583541996,0,38
val,385,261.5380497860688,246.88642262747294,15934.126673595063,0,418
val,386,33.86315167515701,30.38179728952977,3185.6549477646186,0,59
val,387,23.84921067375584,21.660739820328384,1572.3880885257165,0,38
val,388,45.47484773523059,45.89508111388392,5006.5973574995605,0,77
val,389,333.49675749188174,324.55265443159055,14988.876848246879,0,428
val,390,31.463863792961504,23.18011599989372,4215.628511648224,0,37
val,391,80.09276658782711,75.03838828412883,6221.711235557612,1,0
val,392,26.7482654705364,24.019043538653037,3646.472534577324,0,40
val,393,238.85808291244953,240.25712150053,47268.79123939588,0,410
val,394,43.08531336162023,43.072378573196346,184.82084682932788,0,103
val,395,155.10388098868194,171.15900001271734,18248.665983476963,0,307
val,396,59.2188943269209,60.06304575265085,2214.5309945285253,0,117
val,397,70.89895774386414,64.05185393219553,7148.270917661733,1,0
val,398,91.4308720762594,83.34026841942504,17313.127477448183,0,131
val,399,23.96726453772783,21.660739820328374,1397.8028657506425,0,38
val,400,127.70487521680482,129.36737949912484,7290.92393400583,0,249
val,401,127.38232758102468,118.10263895869295,7304.779778738888,0,209
val,402,35.272073661759514,24.908267074820795,4218.9488312282965,0,38
val,403,68.13610053591385,71.1944581521394,3198.2405282387576,0,168
val,404,156.92151171360587,169.0966683761292,15306.307915814725,0,259
val,405,41.68319191085264,30.31883807931741,4703.406242838625,0,50
val,406,389.28021170495896,371.47269982069116,35778.23137428575,0,590
val,407,380.6739269198526,110.57498262100752,54998.8791649319,0,160
val,408,37.3993076172024,33.92230488742142,1946.585868964199,1,0
val,409,23.35707747485357,21.660739820328374,1065.7562045996115,0,38
val,410,57.68289330875671,57.372134664329614,3759.5046362849207,0,93
val,411,37.58886376020155,33.92230488742142,2182.529727344252,1,0
val,412,304.5721126718169,311.6563679991107,15600.064378663192,0,593
val,413,452.337403513937,449.5832614609217,9683.092976468679,1,0
val,414,106.518563719267,106.9344448250252,1056.8599976772916,0,141
val,415,23.39714636481653,21.660739820328374,1023.7351616297894,0,38
val,416,23.67141932813047,21.660739820328374,742.7082037837051,0,38
val,417,39.842675032621315,39.33155383639183,3307.270315201229,0,62
val,418,27.095203237656396,27.527295359710944,3563.195349236967,0,47
val,419,250.21618878694568,243.31481992162838,33412.920619435215,0,365
val,420,37.45648909527946,33.92230488742142,2226.707769198705,1,0
val,421,674.9968993653249,561.7555925231461,64038.17133295307,1,0
val,422,43.9182752363485,47.30930938569607,4776.123182229597,0,82
val,423,156.3018540629098,71.3588761279988,33984.668582205064,0,129
val,424,23.39199305103272,21.660739820328374,1276.3927861188936,0,38
val,425,128.1242591277447,139.55835133853054,13716.055656538208,0,223
val,426,97.10529631599593,102.33348710487674,7590.319653112252,0,238
val,427,92.13704415600948,69.74472335972128,17517.400092063683,0,102
val,428,128.07653774712477,126.5268499745568,7450.071479403576,0,191
val,429,23.399062533945703,21.660739820328384,1240.4414918681384,0,38
val,430,23.593448376545705,21.660739820328374,1121.044341650181,0,38
val,431,34.5700385060111,27.896399168088536,4225.993872754342,0,52
val,432,102.3421892682756,108.64724302583885,9126.163309316074,0,170
val,433,43.33967649139794,44.72798020996984,2530.859417759322,0,72
val,434,37.87061572439004,33.92230488742142,2570.735701914153,1,0
val,435,26.91617826456045,25.69307042677431,1172.427799464493,0,50
val,436,431.5112293059503,390.17099285415543,40756.79904428777,1,0
val,437,97.35291917470609,102.5677213897868,7400.0691052622005,0,238
val,438,74.97692554025366,80.79634392353094,5086.5233802464145,0,128
val,439,134.47868037825015,132.91378172045185,2914.2373566217366,0,260
val,440,75.78360856467374,68.02748804896467,5834.69985584386,0,93
val,441,23.465981672440794,21.660739820328384,1179.3827010899865,0,38
val,442,80.87286636767288,72.84966615795213,5289.1169732693825,0,108
val,443,37.60657207815167,33.92230488742141,2012.472758852624,1,0
val,444,175.02130240050548,185.4797768269724,15321.119395183947,0,303
val,445,227.45223285837284,96.93667984080369,27172.32987272275,0,149
val,446,528.7451030421072,421.6194537521906,66445.84303698778,0,622
val,447,97.36560052976367,102.5677213897868,7894.832528654257,0,238
val,448,71.0029835171239,73.22006891226256,5645.5464862806275,0,116
val,449,23.602045984713527,21.660739820328384,1499.0309712025517,0,38
val,450,23.38118010385157,21.660739820328374,965.2168833811512,0,38
val,451,524.2240475977421,524.3200091647349,2645.7754560809317,1,0
val,452,174.97146694997218,68.55604498159758,18747.956353317848,0,100
val,453,282.2645337577923,281.35600350297346,1411.4174063293656,1,0
val,454,335.7061716175917,359.94423282749085,28136.379701032714,0,609
val,455,23.383210877514596,21.660739820328384,1152.7933950753622,0,38
val,456,29.182870227020572,25.0085004183301,3420.131315042895,0,50
val,457,78.71888682082927,80.1193323634081,3438.4159851699164,0,126
val,458,33.424181948228316,30.95223044481004,2164.018452312252,1,0
val,459,47.0046446293238,49.2966603793667,3064.4680654940375,0,89
val,460,23.433467108918897,21.660739820328384,1475.402052156685,0,38
val,461,69.8772611412112,60.43005352432904,14563.882336875462,0,111
val,462,34.42338931754141,36.03905685060151,2547.0370584399047,0,71
val,463,65.56609042413048,60.73637995598321,4449.08129653215,0,114
val,464,246.18413799551794,196.58679361790405,40976.21756482289,0,345
val,465,41.79614090845108,44.23798050898124,6221.565701153212,0,108
val,466,22.832293924051257,23.46389772276644,926.6064428669586,0,34
val,467,267.05511229899275,255.16196071231553,9572.973882532495,0,443
val,468,124.30093021666342,105.23894826843748,9169.694462208277,1,0
val,469,23.517102870291176,21.660739820328384,1406.96591689959,0,38
val,470,186.76873577102947,196.4546720761673,29964.41435647968,0,341
val,471,142.75299288221618,103.69888585670887,13168.947655312619,0,163
val,472,33.77636751450305,35.44947403816133,2841.6865032997293,0,60
val,473,81.05354181518825,62.14303332922214,19850.06298213526,0,101
val,474,37.5144101004994,33.92230488742142,1698.8105232872722,1,0
val,475,34.31139959676416,37.39204674356775,1884.4212810865608,0,68
val,476,23.421582793911632,21.660739820328384,1256.186990114231,0,38
val,477,45.96330763293971,47.87787186368357,2327.6975816701743,0,93
val,478,23.401314515856463,21.660739820328384,1151.2178389090716,0,38
val,479,274.83925143875695,259.1606324852775,16509.15532413246,0,433
val,480,89.53386925135564,82.11180831860935,5012.4193849457515,0,134
val,481,471.29192555337227,469.9360874910641,5554.997358094054,1,0
val,482,36.78266253712253,36.49844305888731,1375.9391854273103,0,53
val,483,628.5698623048883,623.4890057127517,8579.314180298461,1,0
val,484,44.06054266529622,35.10799862550401,4511.142899800138,0,55
val,485,125.35008206102714,131.53855839896246,6932.78925932896,0,198
val,486,23.403377991026233,21.660739820328374,1025.3858456615171,0,38
val,487,353.1516943084769,342.95898428900733,28649.827505824545,0,530
val,488,63.253721199886755,59.804791493967016,7214.997750019955,0,92
val,489,53.6263511340784,42.86365966002312,6249.470281989511,0,67
val,490,51.519257231237795,53.795807866135874,2839.421348602186,0,106
val,491,23.385840566214288,21.660739820328384,1315.536635513145,0,38
val,492,300.2052592071731,198.78875662003423,51877.02187472757,0,336
val,493,327.76982295263,335.34474856324067,48660.08416920059,0,544
val,494,338.891190499704,349.1999638524277,33632.097881056914,0,564
val,495,23.471878690551822,21.660739820328374,1189.4223130304977,0,38
val,496,270.8975223755179,203.235901571807,47099.25122241678,0,352
val,497,599.0508306901422,545.1199078256758,62330.97441990044,1,0
val,498,262.3467854217166,168.3111538145391,45652.92885482843,1,0
val,499,23.497845892784568,21.660739820328384,1402.6466128485367,0,38
test,0,67.97787742334353,47.305281774457484,16100.788590967806,0,74
test,1,36.34414093572496,52.17738616532699,5690.982101500617,0,82
test,2,119.90960788405627,121.5809849158616,16840.73982623688,0,187
test,3,30.9165433243976,29.784346666803014,1821.9098090301716,0,46
test,4,107.1449226944973,107.16288507336546,6832.076167424985,0,191
test,5,54.81490892848865,52.68236000507088,1581.0756469357364,0,92
test,6,54.80735634365143,56.18910659426505,463.74539576058896,0,99
test,7,127.66346269200808,137.29594243434477,10607.743228897714,0,216
test,8,85.17308723007501,85.60472754687595,9441.803272774547,0,186
test,9,82.55142526737465,50.89122032522991,10641.552289052655,0,86
test,10,25.21234287114861,25.089045789384986,437.2827631496907,0,52
test,11,102.24687266940248,96.40906688792792,6317.2159491833445,0,167
test,12,260.0610248054852,266.44441295482653,8547.382565064092,0,457
test,13,325.32155404728815,309.3859123010615,16389.54367889064,0,541
test,14,744.1967482895121,591.5594816752078,87058.89589296725,1,0
test,15,37.37521540292118,24.350032680835515,5646.923082776654,0,43
test,16,29.58279976886059,28.11845503642038,1012.27933751679,0,40
test,17,30.061712024049406,29.884210832959475,1048.382754704101,0,43
test,18,73.19377641475734,74.02310114513064,2279.720761629795,1,0
test,19,28.468776806983065,24.547609464433545,2254.8343306315237,0,50
test,20,57.3525926794382,24.54760946443359,3927.5563174940457,0,50
test,21,28.315278950612374,24.547609464433545,2089.2436445266844,0,50
test,22,147.22818928050452,145.6435675571984,5577.411653398277,0,260
test,23,96.8810806300997,100.10424952054547,8128.489464604288,0,162
test,24,95.77453212208262,98.6561339600143,8317.287299891837,0,161
test,25,127.01924727242773,132.41198949117694,10594.937714460308,0,215
test,26,44.01311516413575,46.21901393055805,3021.2604575767596,0,69
test,27,102.27518165663454,94.19094591941636,10707.519092575068,0,157
test,28,109.28857640644001,87.46430115699002,10371.749479544013,0,152
test,29,63.646906075991545,53.31236956025952,4269.049200593906,0,91
test,30,250.28715718779515,255.7663325388913,5962.902908161109,0,454
test,31,143.4096059460002,111.86158144439504,13568.442800131714,0,178
test,32,37.02682379708405,33.557260171781486,1968.98612445143,0,79
test,33,63.36264186741167,64.33422161609012,493.29997905253987,0,114
test,34,386.68898416363595,372.6043310779007,15306.775356549042,0,598
test,35,197.71870681929553,201.94939315767616,29995.976746786255,0,297
test,36,35.401242430826926,38.52962723246114,4134.325361509314,0,65
test,37,93.48910892449013,85.14643286949911,14401.241171620295,0,186
test,38,44.08448283416624,48.639953684438005,4927.271551012827,0,83
test,39,128.3075770482718,109.57639443114878,8613.684716229638,0,245
test,40,136.7425726976985,141.75597547150974,13835.405017434592,0,213
test,41,149.1157359764907,152.72623386446972,5529.054535792628,0,391
test,42,141.36492313754874,158.43126164024972,17653.201144025126,0,348
test,43,347.9396316618399,342.9891475962387,11394.384174820225,1,0
test,44,29.58279976886059,28.11845503642038,1012.27933751679,0,40
test,45,30.061712024049406,29.884210832959475,1048.382754704101,0,43
test,46,30.112150941658513,22.463095027578515,4561.898297266888,0,37
test,47,27.352910990093793,28.28652130482531,3060.5356740465986,0,48
test,48,57.76722397631239,59.46748389220935,1400.5829985973749,1,0
test,49,232.93269420748186,200.50890117968808,26202.68862190055,0,323
test,50,127.01924727242773,132.41198949117694,10594.937714460308,0,215
test,51,128.2630556870041,139.10965731226088,12709.242139842678,0,270
test,52,233.28386948740967,97.37720537765222,30521.09568107511,0,165
test,53,52.96984756592489,55.17639213023419,3445.90889711956,0,82
test,54,25.083789871421203,20.558680347362703,4333.160671118451,0,36
test,55,90.5655124871097,89.18455846993538,1275.7295023956533,0,124
test,56,141.3602854129681,36.93444082564138,15612.449495869452,0,71
test,57,252.37166727245545,239.37372546915404,10806.376909414668,0,334
test,58,48.52201930158634,42.544057412297754,4823.221035201695,0,59
test,59,203.81601661723934,217.24215109042566,22186.98287416051,0,347
test,60,101.67759447676886,102.14841427331433,16477.377160239543,0,159
test,61,39.721901260797395,43.60597851640648,4309.592842103589,0,74
test,62,62.16808721179756,66.10102302836489,4292.030449434921,0,101
test,63,115.45435295013324,116.09551055839479,3912.8290859179024,0,170
test,64,155.02561701111023,131.71287003057668,28387.723396515663,0,246
test,65,112.15288251274053,111.44095474814713,10155.027322566479,0,156
test,66,63.25333052325278,60.513410278079085,5364.137823943774,0,81
test,67,67.97198180714007,26.4835956599206,6469.904602041974,0,54
test,68,359.3362043395258,371.09897232155294,10203.161737368786,0,673
test,69,59.22527393388911,64.28807033647102,6033.475299537049,0,102
test,70,66.52129295908627,67.07496383325203,1052.658391569714,0,132
test,71,189.9851059392118,190.05614044267423,14635.76410867006,0,293
test,72,83.47514523567679,85.28766661779233,2743.627087813523,0,165
test,73,63.088679025602175,59.65678929208856,2894.459578056339,0,92
test,74,36.79055945621985,23.035259504262463,5254.118129637101,0,33
test,75,28.328414804733843,23.0194421598575,2612.7035904761988,0,35
test,76,25.221043893118807,26.21611173703995,1181.2227172407047,0,39
test,77,71.74588373707114,77.30360867596227,7985.758094666549,0,142
test,78,40.80052835784206,44.94587310086564,3889.44994581167,0,83
test,79,60.91035240682002,57.033671648178085,6280.54807370882,0,101
test,80,36.49881565253574,38.14194731464436,3786.2138569729495,0,64
test,81,59.39792992052656,58.93166726830766,2638.904414819858,0,121
test,82,48.77455695320015,51.276988911223604,4017.844906244486,0,78
test,83,25.33091898567192,21.639941959980455,2144.658687569022,0,37
test,84,111.30971104653786,114.30804591853531,11835.341150821025,0,229
test,85,475.34444060017944,420.09321531859905,29582.32852290341,1,0
test,86,99.58005636155302,103.89902376185503,7726.32729109613,0,161
test,87,298.45421729960776,229.58647665590007,52073.99855366742,0,329
test,88,54.7942043674736,55.746349599285864,1617.235192022366,0,99
test,89,93.79726951074757,97.30895487183409,3481.1162363283383,0,164
test,90,96.33564068901035,69.07611796291502,14522.214771847388,0,117
test,91,37.041062212167844,33.239912509320675,1855.211964858175,0,61
test,92,131.15693574510516,130.9287884175673,5820.223555105981,0,209
test,93,150.20021619199923,160.39356915479186,15155.446211402968,0,250
test,94,177.25049397692783,177.96817268772207,13803.83438467167,0,271
test,95,170.8889339421305,167.49512994920806,14361.60812435119,0,250
test,96,170.33133146611274,165.30419370011805,14956.823055047536,0,251
test,97,209.15036127271517,200.8078885404039,14870.396615666272,0,353
test,98,291.3054062744055,286.58481989711953,19451.933887648232,0,426
test,99,21.3912027142559,21.607825392883385,1619.905376013044,0,35
test,100,244.34406668690394,230.7594490527225,18155.267140033935,0,414
test,101,30.661359208225374,31.34443807119789,955.0483642765536,0,56
test,102,198.00489013644554,189.13629781568343,6348.157278735448,0,312
test,103,110.98107145715001,116.87258314813842,9898.73133759675,0,196
test,104,33.30209032417417,32.36865371000954,1131.6238869449126,0,48
test,105,267.9654869332388,253.74917128347954,10069.441057093318,0,581
test,106,53.593680986455155,53.607450199680414,3814.53224237506,0,92
test,107,28.328414804733843,23.0194421598575,2612.7035904761988,0,35
test,108,25.221043893118807,26.21611173703995,1181.2227172407047,0,39
test,109,31.64903976838263,27.06174673624628,4338.464586843006,0,46
test,110,66.22280451537137,69.2036487041872,5839.481808351309,0,116
test,111,20.170629566283,20.60231313502839,816.4329422906314,0,37
test,112,73.77108264314775,24.54760946443359,4623.707956006691,0,50
test,113,28.093756108863573,24.547609464433545,2099.761084443949,0,50
test,114,211.33556352831673,132.3559742310077,24311.322875895967,0,234
test,115,62.88802728243198,22.151364085599994,6116.071540173148,0,32
test,116,212.44839037607832,188.55369420743642,25524.2321920423,0,314
test,117,62.06972340252053,61.38591557272943,3681.8566392674393,0,125
test,118,40.44854810428336,43.103319724924944,3851.323127910359,0,67
test,119,99.58005636155302,103.89902376185503,7726.32729109613,0,161
test,120,118.19102588370653,122.70142574738453,6625.4334283387325,0,211
test,121,77.63825933440482,75.86785947759584,1042.988304857521,0,105
test,122,104.93643036428648,76.82642145673557,13576.74085998837,0,134
test,123,53.67667467157955,56.24428455612793,3199.8323648417345,0,83
test,124,115.37120961266145,116.67713731347897,1867.1359981126757,0,195
test,125,39.75787978494975,36.441627490333296,3548.438833656293,0,66
test,126,197.93688358041376,203.02756231774714,4340.098959015693,0,352
test,127,36.623173098408294,34.35765477204375,3596.603268748819,0,53
test,128,45.540188078608445,48.98989187605956,4510.787391499573,0,78
test,129,107.73825227739874,110.75429247043466,3875.8492176037826,0,162
test,130,132.73386561480177,87.72533791131528,26384.93068330375,0,149
test,131,73.27390068971543,73.89036528456293,981.0163364616704,0,102
test,132,166.00798495045777,173.2419593559963,14191.259148808034,0,324
test,133,63.37557401895543,48.07709990018781,6098.529405467249,0,92
test,134,105.57674587851879,91.78438582724137,5933.650393227186,0,146
test,135,282.11396457263476,288.23623427824975,36845.27315182504,0,460
test,136,46.05731857486341,44.936311788271965,3758.242948157091,0,76
test,137,69.6677007081322,68.62152252681493,3138.279345844456,1,0
test,138,70.92973287754594,77.30360867596227,6874.664426906928,0,142
test,139,40.44854810428336,43.103319724924944,3851.323127910359,0,67
test,140,139.40706734461634,135.46112315747928,6450.426658166975,0,198
test,141,208.5908016812614,204.51969616454195,37006.02010864654,0,329
test,142,99.72325689261552,22.77862533764198,18693.436747785316,0,37
test,143,279.00110256681756,140.8161823609152,23812.389177216544,0,223
test,144,29.351511360702915,30.81874440923643,2368.0164902719607,0,53
test,145,26.795429716524733,28.522646464865197,2396.1695101935466,0,44
test,146,160.08169958279748,167.08846071808418,13860.436393354543,0,254
test,147,269.6226946620053,278.51469810814774,11668.866586579654,0,446
test,148,62.5445054259569,61.320915830536364,2182.9080176017424,0,88
test,149,64.02715249000116,64.04736278238084,4888.408548970856,0,100
test,150,48.90659834421939,52.41621228156436,4848.141883169602,0,82
test,151,137.9249092087244,133.32848167203997,3793.626745969324,0,233
test,152,36.623173098408294,34.35765477204375,3596.603268748819,0,53
test,153,185.9861591696124,178.06282615318173,29073.183833805942,0,339
test,154,176.56189012936358,174.12178584203323,7071.523739082438,0,275
test,155,112.22861945466447,122.31203029015121,13783.51526332407,0,217
test,156,167.69905271763687,157.81092074971963,9767.693542647845,0,240
test,157,164.5785744034603,162.42926581104294,8237.582118159999,0,250
test,158,118.89451995474114,116.02610593277342,2794.793861745,0,191
test,159,28.054615322291284,28.844542095385066,4667.478982114653,0,45
test,160,28.927700769842815,29.57351019941492,3969.1594723594167,0,46
test,161,249.5887137523021,247.16217758179437,11980.015937978986,0,386
test,162,280.2019719302573,286.41486572845537,37256.300292543085,0,456
test,163,31.913185112479518,32.707488836319925,779.4008954192193,0,53
test,164,26.070051985424396,28.265848623929443,2784.771806319464,0,49
test,165,28.203034723588377,24.837260776839855,3323.221920159267,0,44
test,166,123.6630296404458,125.25116071436754,10045.637196899992,0,211
test,167,67.6493796641643,64.53452946676265,4072.822846330764,1,0
test,168,28.444083132679346,24.547609464433545,2186.6173815526863,0,50
test,169,51.266301426664874,55.14253146679407,5965.523068860181,0,100
test,170,192.23340332122623,197.29317532915795,12652.404972021752,0,336
test,171,230.58208862335385,225.84262013118328,9868.119182624498,0,328
test,172,25.700880368403865,19.52521144809807,3311.1194080137993,0,37
test,173,175.92106679012377,169.05169571876684,21531.11395581548,0,296
test,174,292.09187704617165,220.8910123453871,41012.220535661865,0,333
test,175,109.45761617264532,49.9471844349589,19889.428334705055,0,71
test,176,42.7334885284457,43.47123997070293,970.1793371344692,0,61
test,177,108.3807373481759,108.32199791265067,2161.2595980542437,1,0
test,178,94.80485309971698,93.63629343132968,3581.842236598385,0,153
test,179,100.91274855647707,95.12824512477496,4933.372731760269,0,138
test,180,116.18073165481294,125.6540320482362,11995.252951831062,0,192
test,181,37.69452182942569,40.60437591400964,3470.33993384194,0,69
test,182,85.07591274713674,60.77019326078796,11300.471409770482,0,88
test,183,124.18290008534923,124.31640134676034,17641.85976793589,0,197
test,184,74.59530770332235,80.84716980010931,8125.276086301252,0,127
test,185,238.8199980923304,234.5451988911624,3065.7351516104873,1,0
test,186,216.2643756810692,199.21596361348355,12463.669233442026,0,311
test,187,218.99605484545506,200.89770280997843,12727.702170092769,0,314
test,188,207.14569130757354,206.50223726465217,4520.891275096833,0,300
test,189,119.55263897179229,122.39804835931572,7915.5897267110695,0,234
test,190,31.794561189931017,31.022113335855018,1961.9035821166783,0,53
test,191,27.179796485000683,26.43520685924406,2217.4860387120652,0,45
test,192,460.0440438869869,445.8515714384266,36470.45154538864,0,778
test,193,68.31603519977632,67.21055691873069,1984.2134666157156,0,117
test,194,34.246938644088154,33.239912509320675,856.8226095819657,0,61
test,195,479.07398271078023,334.47147293521374,69615.75255641383,0,461
test,196,37.515656978969695,37.73992574534959,1726.490023013976,0,67
test,197,51.78373305831628,37.73992574534958,8085.769082686584,0,67
test,198,26.070051985424396,28.265848623929443,2784.771806319464,0,49
test,199,28.203034723588377,24.837260776839855,3323.221920159267,0,44
test,200,68.97584408895874,67.59195835204494,3121.1936279314364,1,0
test,201,82.26667354913134,70.82434889868439,10221.411747298178,0,126
test,202,77.35421750206122,77.53899055297259,5650.307326519519,0,142
test,203,73.69877545290245,24.54760946443359,4603.030417831612,0,50
test,204,67.47032243450799,70.82434889868439,6909.897364396075,0,126
test,205,83.13024512735231,77.53899055297259,8497.478506497671,0,142
test,206,308.3776780168435,35.10884531800747,19855.649953243013,0,57
test,207,209.33228991842378,188.2998375142944,24649.770574103542,0,314
test,208,37.509334222955964,41.37527685526722,4550.343480526301,0,69
test,209,95.96615118541766,117.2055200200652,19552.87629998608,0,196
test,210,365.51101823219847,28.981319234331032,26852.16480212462,0,73
test,211,286.7413238240401,273.63111410000863,16880.686346425082,0,475
test,212,209.54653802460024,208.20453865535254,28415.544827185004,0,314
test,213,102.27231016133028,98.22860176587194,10180.913017928244,0,147
test,214,223.9453376403664,130.3938703373331,28515.076922870237,0,255
test,215,201.3312748333128,64.98791497358414,29890.406331456452,0,103
test,216,192.8947661542393,176.5087706025157,14160.886349555436,0,302
test,217,566.8764986777063,529.1098934502462,46469.30525802333,1,0
test,218,235.35195196597422,189.37667579301322,34064.46196333024,0,279
test,219,223.8930670067512,242.1894253752907,23509.456864289776,0,380
test,220,329.2289673327426,326.2099841603076,21291.969461339046,0,618
test,221,127.27349299500194,126.73314215582015,18645.187563237334,0,193
test,222,134.61621225174554,139.66120730897137,8956.030610070284,0,240
test,223,55.10722321224972,55.319792602119975,9490.598391667927,0,112
test,224,121.46289570888976,126.24566489844054,6457.571474377519,0,253
test,225,34.770091285048494,22.725548681276386,5661.193087449769,0,36
test,226,194.93360862659537,180.78002137761422,12916.343946707942,0,288
test,227,502.8623702686164,497.5863003228394,20691.06223113545,0,796
test,228,196.98580439161938,211.141566502682,17806.10448541561,0,329
test,229,257.3672326350992,201.80618017555005,34833.922298424,1,0
test,230,25.582109858861212,26.45596958123443,1282.4116046633196,0,40
test,231,36.49131886514543,26.934419164694617,5071.387521936136,0,41
test,232,41.18846826632902,42.736393010679706,1506.945724473009,1,0
test,233,28.111062742078023,24.547609464433545,2134.9428383034497,0,50
test,234,77.55234248818206,77.1904454265425,5892.289388834477,0,141
test,235,77.51053125961498,77.19044542654241,5458.634362468057,0,141
test,236,28.055486171484315,24.547609464433545,2038.0816222850492,0,50
test,237,66.68945681257598,71.3347991213896,5864.86834115682,0,110
test,238,145.23762413329763,141.45345479108354,19232.949324545647,0,267
test,239,211.39875640015777,205.38094781817472,35773.987802841206,0,303
test,240,199.28122094856124,205.8878826952326,6161.958743769531,0,319
test,241,147.25920702056283,137.83806995628296,10935.193559880516,0,192
test,242,208.583927911826,202.80754189433662,7821.725166296224,0,305
test,243,66.27123753691573,47.004074470374135,7340.920771866148,0,88
test,244,105.23661009047248,102.73522152157177,1729.3263316037253,0,142
test,245,131.90750954652003,91.56968123864135,26227.886480359593,0,157
test,246,200.504846322749,202.97365488721772,16846.30713564381,0,301
test,247,198.5904886106166,205.2749820887933,22760.251209131075,0,323
test,248,29.89365897739923,28.289951895690987,1795.4463228833968,0,51
test,249,311.8338378532349,281.7744824712117,41097.18822010144,0,502
test,250,251.00762886919836,258.86810869420464,15545.40394236756,0,498
test,251,122.60515881205959,120.20626165399187,2765.942514234266,0,199
test,252,320.08950150073184,347.0929169161849,28201.783984625854,0,653
test,253,65.39070622060024,70.43650741243889,5899.663168022814,0,110
test,254,117.08077450532268,117.28996787160096,20233.35439328359,0,181
test,255,387.08088353617666,373.3957257338677,17530.044662628607,0,603
test,256,388.54456297979243,379.5905551830395,16659.130215344598,0,612
test,257,425.82788874176066,359.6355120243414,45307.68597708826,1,0
test,258,446.06747374782697,285.78076407913346,99963.75217094088,0,468
test,259,315.8035174254665,321.4090671999014,19710.32959706429,0,564
test,260,82.93230868402101,88.71237696666971,5619.893753905785,0,147
test,261,23.79756136195521,24.567263491823976,2485.0222719269236,1,0
test,262,28.141847681176234,24.547609464433545,2047.5126906441758,0,50
test,263,44.18027944386258,48.23754768708507,5116.975817851887,0,82
test,264,152.2023309028811,148.89903734212234,19643.568049602218,0,282
test,265,272.8432021821606,276.065434102296,1749.4664875298222,0,482
test,266,76.8035869857508,46.88837158292962,10155.020448392945,0,85
test,267,298.3319587428784,195.05628463097332,35376.69009702239,0,291
test,268,794.3456840646309,717.9863444499715,62108.372679110755,1,0
test,269,465.87710745397743,416.4751080272259,39410.864895157676,1,0
test,270,79.77857617096105,59.25448199118203,8974.98807185763,0,99
test,271,58.74954460968493,62.494113091848746,7086.950104686949,0,98
test,272,651.7657951302565,519.174553221266,50127.724930466575,1,0
test,273,26.334263339186037,28.32839581772132,2274.8715025729293,0,44
test,274,188.47816226582844,196.37044346497154,8750.04929985208,0,390
test,275,186.39016653448724,186.28661567051228,14659.570717381652,0,294
test,276,368.3123450631413,352.48185843575146,19352.592759468927,0,554
test,277,106.19689529026265,106.37035261454682,337.12293702868544,0,239
test,278,162.85341582963508,157.23065207979056,14210.093375330209,0,263
test,279,206.2544512945841,191.2576483949089,13451.74438268504,0,302
test,280,125.62305712455364,121.07021315632394,10575.781766326782,0,164
test,281,122.40122711050975,124.26744913579353,14199.210101595469,0,195
test,282,705.8104575968626,704.9248826957897,3767.0256066634083,1,0
test,283,410.9468778682147,411.1581102950458,2806.9889601307946,0,554
test,284,162.46244809916104,166.18797765379546,12943.735906329508,0,328
test,285,28.26284280065994,24.547609464433545,2080.1681328997834,0,50
test,286,67.10540128556542,70.82434889868439,6896.910722790425,0,126
test,287,75.82321621625785,81.02448446610464,5853.086943134748,0,147
test,288,28.577425423996186,24.547609464433545,2015.0832886206595,0,50
test,289,26.885130364109322,22.853666468614215,4394.828860102306,0,47
test,290,62.147152920853834,58.48662417817419,6082.326690554368,0,90
test,291,45.61315091697078,46.60217761446618,6456.145929838494,0,78
test,292,47.330761652288814,47.59194730614076,6006.12470768166,0,79
test,293,51.23015771357678,45.83699495284765,7384.887298920523,0,78
test,294,45.69758362448164,39.57893767982233,8553.991196247915,0,73
test,295,66.23761773294272,55.01035296655774,8489.42891670675,0,103
test,296,345.49064780360527,195.80463335940664,48824.290839830726,0,313
test,297,82.12013211233148,88.56325234619082,6679.036618701254,0,145
test,298,182.7926281482668,183.04549898719867,7802.453311022601,0,297
test,299,273.1727672908928,282.73408454500327,13821.35648674852,0,403
test,300,252.48477675583717,267.03114953586476,16329.264225607367,0,410
test,301,78.771991104104,77.13391117263839,1257.819421937302,0,107
test,302,135.04330415354988,97.39756107792608,13172.218378732543,0,206
test,303,159.68260441427617,131.87099128258518,20860.25701153303,1,0
test,304,454.9338730365194,448.72263220505346,8747.44464317967,1,0
test,305,91.6882040182941,89.43970253802777,1889.482298687905,0,124
test,306,68.56079459810482,70.87103510522039,11550.68720236281,0,143
test,307,105.94055494466463,108.1604544229568,2876.5851826237067,0,200
test,308,98.81547325677649,106.39055039635068,8312.98306999185,0,163
test,309,165.56766456217943,161.5141990787346,9120.095665012605,0,248
test,310,202.4242673446911,198.77754794104007,6655.040821605526,0,271
test,311,28.077707203114592,27.429698964130584,2138.6194331994066,0,47
test,312,101.42779546539809,100.32390456161848,3878.0923064904205,0,234
test,313,464.3968960317999,445.882809564649,37552.11451777676,0,780
test,314,46.97948299724811,49.19088871345903,3975.699641972126,0,78
test,315,25.19461592783504,26.35996957409762,3205.1515186576694,0,44
test,316,26.641430563927333,26.340345250865607,2853.1464138612446,0,45
test,317,24.8362130906806,27.547420485956717,3075.5560734628725,0,47
test,318,25.9658632352241,26.814674688283244,3096.725926735984,0,46
test,319,28.219678953584243,24.547609464433545,2024.0217512231764,0,50
test,320,211.41153553281882,187.6264087127278,25320.696875998827,0,313
test,321,61.37369560089029,63.42520090319568,5074.46061455642,0,96
test,322,51.23015771357678,45.83699495284765,7384.887298920523,0,78
test,323,50.20309042327288,48.506439181431915,7828.063839057132,0,83
test,324,52.553732995995816,54.36762643308872,2711.5006054953096,0,95
test,325,45.69758362448164,39.57893767982233,8553.991196247915,0,73
test,326,248.02314845712584,250.59062049203732,7683.533422908044,0,396
test,327,472.07608416095616,92.16767611535224,57057.39239685114,0,152
test,328,341.72827028056247,45.39316863832088,30051.291686792487,0,73
test,329,180.33369827282374,194.26280632074904,14971.37343813355,0,310
test,330,274.82355874846724,271.7445589485608,43777.58866560402,0,432
test,331,43.62111401731378,39.604396926919705,3992.2856612841774,0,56
test,332,50.117110435373235,49.82122902365891,654.8084046075226,0,88
test,333,89.48567120662537,87.67873239844218,2713.591153534456,0,141
test,334,82.3553904837719,82.821863697928,6710.193169988785,0,114
test,335,60.64691072772575,61.37952447070555,727.4819249870266,0,85
test,336,100.57785505557857,103.87979318489542,4898.620479122523,0,154
test,337,209.00832462129307,60.09120647487859,37732.08994379136,0,89
test,338,296.75299744367726,313.0983198875481,26950.328018301712,0,520
test,339,91.6882040182941,89.43970253802777,1889.482298687905,0,124
test,340,306.52629421286224,309.1241433153461,50530.82090727644,0,478
test,341,97.42525550741648,86.57519511079359,12192.115351138737,0,159
test,342,201.49701147029998,210.06082181836595,10022.961825209826,0,315
test,343,248.7766050388631,265.65735686742016,18533.163843035843,0,396
test,344,155.21429729654804,149.21973120731454,16533.426219367462,0,239
test,345,162.19741583541213,175.79527161881938,17733.721036789022,0,283
test,346,133.52386669274247,140.96735471523616,12264.931421931831,0,217
test,347,26.993616257098534,26.19805479263705,2200.058923140787,0,45
test,348,151.99559732458667,147.62806193092874,2545.3627701747964,0,208
test,349,139.8092976318145,84.45549746818469,27137.818235858114,0,140
test,350,47.936812640876184,21.49909064775212,5556.581503642491,1,0
test,351,34.54554801146672,25.617381373875784,4627.03850634247,1,0
test,352,187.13926818060898,196.73647473722176,15438.154069540034,0,313
test,353,121.97517770213352,123.49626884887806,6478.109984612384,0,239
test,354,32.49230302139341,33.25430350055334,2871.172355740156,0,53
test,355,71.56917824158091,59.5511602118375,5996.3234490719105,0,84
test,356,50.20309042327288,48.506439181431915,7828.063839057132,0,83
test,357,236.0053114378824,236.43979724446717,1111.0508156446142,0,318
test,358,260.96889711562494,261.8049880280619,10946.967730079383,0,359
test,359,40.949371962805394,41.18223098964071,1605.089157252036,0,63
test,360,112.58101128849704,103.60039981500907,5320.263214744442,0,149
test,361,180.82097570851607,183.38472654897998,7835.600927915969,0,303
test,362,82.3553904837719,82.821863697928,6710.193169988785,0,114
test,363,49.808052767520024,49.91649473219011,10106.424639565688,0,85
test,364,137.66314087196415,111.39960698415122,19654.046218896598,1,0
test,365,31.967327183414003,34.87252613656543,3594.716143715382,0,58
test,366,143.85202243975337,90.63720574579091,25544.783185832533,0,134
test,367,57.068687509601084,59.79280097413508,4769.826089166083,0,101
test,368,216.10008413333657,222.09850723408366,19116.04258377216,0,355
test,369,42.42762813216421,43.37914982493419,6927.555029430973,0,66
test,370,41.81590603300482,45.56003291817148,4017.2493225717735,0,76
test,371,36.05151493425903,36.852183476141526,520.922259003335,0,87
test,372,355.31328805157307,358.96458527796466,12407.484206855079,0,557
test,373,89.81690896949232,90.15069528869871,1353.8240203384153,0,183
test,374,44.576787489853956,23.992457879787672,5699.25833473283,1,0
test,375,34.54554801146672,25.617381373875784,4627.03850634247,1,0
test,376,68.76413848092571,70.0663637333705,5981.945018432921,0,116
test,377,54.9905669366281,50.76584566745066,3220.8254718200164,0,78
test,378,71.56917824158091,59.5511602118375,5996.3234490719105,0,84
test,379,46.41677885198532,48.851680015065746,3185.0374831016015,0,79
test,380,47.06875791358418,47.353561557913295,6413.856839499057,0,79
test,381,47.70919878485904,47.353561557913295,6845.130323285933,0,79
test,382,47.67127656686456,47.08008491658358,6939.609079015654,0,79
test,383,48.00993488341089,47.353561557913295,7539.090670319382,0,79
test,384,197.0815268002604,199.23533045652619,2928.2111512905285,0,371
test,385,41.0652546673673,26.158543117505065,5861.707837278977,0,38
test,386,269.10509366609244,228.2688656625335,29718.91450557472,0,380
test,387,339.7796099941625,303.6363509575044,36619.293932552966,0,533
test,388,51.16224024290043,23.688339157137364,8894.873206733873,0,40
test,389,105.85341976069407,30.313332025679443,21463.35197873617,0,43
test,390,128.51937289067038,40.214581931265435,11957.86945457046,0,70
test,391,204.44455925791945,199.76905267229884,7871.677939250635,0,271
test,392,70.238991044158,74.03782035721383,5356.238422489494,0,111
test,393,467.6477523549386,447.2613318998547,32611.906894263313,1,0
test,394,232.93041816716362,245.46604895373116,14559.10725883876,0,520
test,395,94.7408107101235,88.5156007869203,6894.963143021105,0,155
test,396,109.12205953706787,108.24419607290194,1687.0410073445662,0,148
test,397,191.67804518159414,56.32746551739943,21344.779165694534,0,86
test,398,59.472453714656616,40.98545500742783,11048.198168452134,0,56
test,399,131.2113895023438,121.02561148523911,5993.701375158627,0,173
test,400,73.57470760437995,72.83681089866846,8632.044601071073,0,114
test,401,297.10073244281097,302.763404161216,7475.0797033663885,0,559
test,402,255.3252980282381,260.95839012947874,15768.466807717235,0,455
test,403,319.26565547787305,318.1928066337155,17647.040377507885,0,490
test,404,390.3913889702271,381.93595310771394,16932.78853566186,0,617
test,405,74.14747606275036,71.99132866695645,1626.6896109728166,0,125
test,406,99.18114689082812,100.54288654300098,1328.4500238090127,0,236
test,407,21.23057244419979,23.044344902977407,2793.4386826811838,0,40
test,408,31.447226975264954,21.620570496515835,4951.073915841427,1,0
test,409,37.62637597243517,24.300375957251006,3924.5047571998334,1,0
test,410,31.850546172401312,23.848789752749656,4134.204755326217,1,0
test,411,64.39921016257573,67.27033839747138,3515.5225357672225,0,95
test,412,131.42881826301706,129.00931894395862,1186.6889276787806,0,176
test,413,285.2769613341321,280.2525262422907,7820.113556537129,0,491
test,414,382.3362603784712,272.33924785182256,40276.25997784665,0,471
test,415,488.4323923485317,356.80434067857306,73113.15760350073,1,0
test,416,555.7795759792757,508.8580324393463,49947.27297164839,1,0
test,417,48.93336192529406,45.69674532978346,3423.9264232124924,0,84
test,418,54.04457732913176,56.18302850166217,2990.512714085993,0,140
test,419,72.25950412235962,71.35529897932341,1869.7530425525993,1,0
test,420,28.446041628819565,24.547609464433545,2189.696223091662,0,50
test,421,27.426536266859905,24.547609464433545,1812.6094212951082,0,50
test,422,209.5938370581672,188.46760190707457,24942.287398871365,0,315
test,423,29.146636311310605,30.773439886851055,2021.046332843706,0,58
test,424,167.5836909889604,174.22297169709364,23020.110659134094,0,308
test,425,47.70919878485904,47.353561557913295,6845.130323285933,0,79
test,426,49.12866587836118,46.870951665749786,7636.2798589265585,0,78
test,427,298.6916685386235,287.457319005471,13855.18406974887,0,519
test,428,102.31152083910561,102.4611025501233,10401.088004924844,0,167
test,429,106.13615044389604,112.67629283631999,5908.342343979197,0,196
test,430,668.1407898647121,572.5540518857669,50359.33648297259,1,0
test,431,44.22785579620829,43.7110556825016,4143.5641277681725,0,74
test,432,41.0652546673673,26.158543117505065,5861.707837278977,0,38
test,433,119.81918752222477,125.14028652315339,7576.176393006467,0,213
test,434,74.35462942349423,41.18864025361761,7337.385732458756,0,72
test,435,96.00468006656443,89.43205999527326,17911.942586663892,0,155
test,436,187.31072849273258,181.73894172222413,14130.60683864112,0,346
test,437,378.0415843513553,360.406418999545,14246.776728862615,1,0
test,438,99.97860496955145,106.74983451623524,7265.088081392579,0,173
test,439,31.496113458343256,28.756706110282572,4674.030154938889,0,52
test,440,28.773867303323716,27.540505295072112,3634.4705326997064,0,50
test,441,180.9869668046162,127.5364174328065,19215.288174066856,0,267
test,442,317.56453291357906,316.43932131072046,41696.85265182069,0,646
test,443,618.2209655933696,587.1224960149908,22398.77097467566,0,983
test,444,178.69907318218924,175.85585131077556,7361.856358910643,0,278
test,445,88.63186206280072,86.2100214035177,3180.84012807021,0,176
test,446,210.00362138283367,224.47578325006086,18719.783721167652,0,351
test,447,401.77952265414257,388.8880390763896,17862.788381034192,0,627
test,448,319.66407334106316,332.4618136090995,11382.028717209234,0,488
test,449,30.370575992235974,32.01401354081816,4473.977775191615,0,62
test,450,221.17000349301594,218.8988512932675,1203.3999705082258,0,443
test,451,103.72308989267678,97.17966022281723,5041.838997564594,1,0
test,452,133.94831204506588,120.75851254984863,15758.643608184348,0,257
test,453,351.96839547439214,343.9375922064362,11704.031530544267,0,726
test,454,34.531036985786024,37.26174274608788,2425.5960649247904,0,90
test,455,156.04126743649041,166.5468106394859,12589.952589124878,0,399
test,456,54.705187508867056,54.76277561862737,4263.168982228209,0,137
test,457,54.95113283919383,38.951148517520075,4404.539054186687,0,75
test,458,292.473983042489,280.03863264332995,13588.176325863613,1,0
test,459,70.02796828015269,57.7751973810925,9119.083229483105,0,102
test,460,60.56635664330592,65.88655988850061,4728.138358157001,0,121
test,461,46.81134993798665,43.768596344981546,5138.893964261057,0,66
test,462,59.746396599928595,61.269340661940774,4416.039156216483,0,106
test,463,111.81787020129028,115.96958060631559,13297.58233115444,0,220
test,464,153.8592321405366,145.63858987458488,18895.68220357306,0,213
test,465,23.974358198668032,23.336736326631126,2226.75372824416,0,37
test,466,364.3123255576614,347.9460736696723,11238.93608838635,0,477
test,467,113.32594979885738,97.19948588150072,13387.978200028958,0,168
test,468,261.6179971119369,261.9648771964026,9757.117269931938,0,367
test,469,172.85828478785987,188.17189075162395,17872.199213363154,0,306
test,470,139.03268434242642,123.82593042813357,5792.642209187065,0,212
test,471,224.22269976102467,200.85594431148547,33544.201484544275,0,328
test,472,455.74029898716793,85.1723322228205,28955.59548316262,0,133
test,473,319.01521879262793,321.3919503076247,15955.698058195821,0,481
test,474,148.92441663192324,121.18906624162791,20498.133766583436,1,0
test,475,178.7342408699844,187.03397737590615,17686.335687695326,0,299
test,476,220.1881908848327,200.46318450113063,13420.995490651972,0,311
test,477,174.52793613809223,177.36858793812715,14051.777838748496,0,286
test,478,241.6080906924799,260.9321573554614,23003.169096688143,0,518
test,479,127.6759867546586,121.22745504356351,5124.015689665577,1,0
test,480,75.6070492044764,46.491639690842945,11179.239814353941,0,73
test,481,196.83707766927216,131.99819948797372,20459.09374033434,0,247
test,482,106.90988497779628,82.84428139401456,9828.268250597752,0,198
test,483,30.21110937555014,30.41730619494132,555.9590752555024,0,55
test,484,88.87187371460799,93.03334204252103,6237.088876975355,0,156
test,485,47.55018269367842,46.26595003994531,3187.985308605775,0,80
test,486,210.45660395441874,153.6778863593295,30292.139984291054,0,265
test,487,47.5144861243717,47.106059598081835,3133.01778307541,0,86
test,488,29.030654990413687,25.067985023744107,3056.890937228382,0,41
test,489,100.00985593910849,98.5388237428473,2636.3928488195797,1,0
test,490,96.4645684680436,103.94371245738637,8718.124285563024,0,163
test,491,20.93038232550032,21.603153754509666,2045.2404783855845,0,36
test,492,57.07835114823945,44.65318729312613,7596.910144243285,0,65
test,493,193.43642183885999,124.13881737245691,21453.405436607394,0,189
test,494,101.89102522705139,103.47685425202937,8813.111884847209,0,193
test,495,35.46674431118741,37.102055047783544,1696.4791879577722,0,56
test,496,95.18994665189182,100.59200557153083,5004.816639251916,0,178
test,497,355.40531952117107,361.3514169589361,10073.15869383827,0,597
test,498,20.806628303446487,22.277952385757978,2011.7545559246173,0,35
test,499,33.195490283054234,34.227907911856974,2213.967598879159,0,49
test,500,38.056432250614435,40.94635042544746,3110.597505346062,0,64
test,501,254.5966308768352,248.59588217064763,9224.597697079545,0,394
test,502,116.87043206957813,121.19560545195769,14025.377825898346,0,196
test,503,218.2291217970298,227.3915466937854,13857.703706020264,0,332
test,504,238.99275110751063,231.26794134945737,6093.485812458571,0,385
test,505,371.2031107338014,21.292044647516448,11798.925848670386,1,0
test,506,235.19578858953057,50.23811259113747,25545.003234380503,0,91
test,507,96.7977459573049,104.14736316612203,9924.447416566822,0,170
test,508,174.77758357138458,168.38790595317613,13914.952896387793,0,302
test,509,29.343065645635903,30.588921282495896,415.1385068470454,0,49
test,510,53.438318707409366,54.85169137674999,2669.802378216968,0,105
test,511,454.5111112341498,431.74666042627797,28469.110966555512,1,0
test,512,207.14245813115392,194.85326777790124,13587.557236104509,0,306
test,513,222.7873885593268,203.4986790553371,13730.923207238235,0,317
test,514,55.99184912560593,56.67577961759787,1090.5680494614041,0,111
test,515,27.012399708029253,26.198054792637038,2088.5216987679487,0,45
test,516,26.47725532267424,25.764154618186772,2281.2788045203947,0,44
test,517,391.87207245736886,323.0056463265768,43594.6264894268,1,0
test,518,127.62339571779137,138.91420864088855,11497.01611958118,0,332
test,519,413.28422155091545,391.8946539821661,19978.66384934953,0,680
test,520,144.58780226155073,133.37946647987258,7371.822541540934,0,205
test,521,356.6424835472498,359.44873325549617,10330.070750524075,0,606
test,522,328.4951905417403,304.6647827355335,57730.01831278186,0,498
test,523,156.54338649040986,155.83429183225562,4751.756761675239,0,232
test,524,683.891267433312,424.83549086686406,119593.75714043387,1,0
test,525,145.35313185469172,146.02536706835463,8451.199182171056,0,234
test,526,141.8787415042659,144.84570131856324,4962.106553978576,0,373
test,527,29.030654990413687,25.067985023744107,3056.890937228382,0,41
test,528,87.86772253529325,91.96448252380603,8062.30094718525,0,150
test,529,50.547842002519744,24.547609464433545,3857.440116402344,0,50
test,530,62.5029694629508,63.928091885687714,3461.2036682676494,0,93
test,531,132.8270484103239,122.95095692225755,10712.858707313102,0,188
test,532,133.245151283179,122.88013783321603,9108.506023737715,0,185
test,533,229.75260299125935,231.63588913788593,12751.045223809819,0,465
test,534,59.20786719010951,61.28300637641458,6382.400620512486,0,97
test,535,27.85742867414448,29.169859385187863,1274.412554006566,0,43
test,536,52.59950391471978,52.948037965075216,7107.707115039753,0,126
test,537,213.51277421286886,223.1008668794146,20682.67809194127,0,493
test,538,170.66651181724723,184.9248288812143,17759.080396691195,0,290
test,539,360.70464256747744,321.3528872496097,39243.68048949279,1,0
test,540,92.79943931831295,25.46257654780438,8531.320969929384,1,0
test,541,347.8950150959074,357.1984769543674,10877.019107838496,0,588
test,542,76.3853949635774,80.45115244814913,9940.12909998528,0,131
test,543,90.28261653826307,94.25756120671383,5367.692285293895,0,162
test,544,197.07444450291243,178.28719207134813,13700.283127673929,0,388
test,545,29.026592241505583,29.655192886811705,1237.3847608988542,0,43
test,546,96.46115150662415,99.03011162088039,11380.686733261313,0,148
test,547,329.2581087629431,325.58198566775087,12127.522495096475,1,0
test,548,308.7443834379929,313.2475911581849,6137.072287897193,0,428
test,549,371.8270020085776,114.291272373289,85495.85811056706,0,229
test,550,73.78319574998656,66.11666431931555,3054.7894044622312,0,116
test,551,142.99981785768608,142.32970269892238,795.555871556666,0,257
test,552,656.42892609073,520.7697887991778,104914.37629265894,1,0
test,553,130.05982550678388,135.57898154101727,8163.983725489803,0,200
test,554,118.95402777309624,110.90281340318597,12674.477349482984,0,203
test,555,122.66592627784048,124.09595968739303,13675.562685424477,0,180
test,556,115.84065982797934,119.19649138563423,13742.916707620243,0,178
test,557,176.9829256317717,173.9952110365122,9231.034864102401,0,269
test,558,177.1665456525405,173.7104341867159,5572.035693763381,0,263
test,559,36.32675889153225,38.19328802829847,2825.0467675674836,0,63
test,560,172.9358904727057,178.6164120177266,10664.442602667883,0,398
test,561,234.5415495384429,245.63871352949897,8802.168281818582,0,385
test,562,113.71968310272032,118.22439582700201,7426.275396886484,0,173
test,563,580.0141559846016,511.2092621037331,36935.02439566181,0,865
test,564,237.7276295446306,240.95958733721582,3042.967598084769,0,421
test,565,38.45167352528894,41.27167749299017,3371.632974327845,0,63
test,566,79.16467693421151,60.58922781190205,10702.179035645739,0,113
test,567,128.0267544580085,81.26716537575761,15580.914769089386,0,127
test,568,766.3164941498693,592.746328155757,90802.17905646293,1,0
test,569,343.9019191354106,327.0971634259646,10553.665281200421,0,620
test,570,32.770862446659486,32.75194891596495,962.7131038795488,0,59
test,571,40.03450938986508,34.57217683582838,1662.6428164460112,0,59
test,572,28.88238580165884,30.97514682328204,2816.333849693734,0,52
test,573,77.65225103866443,74.65655917162212,4481.29736261361,0,106
test,574,24.736914246449896,21.183064472045167,1674.1680163470946,0,46
test,575,213.76054312027395,187.19794939784146,25655.90839424516,0,312
test,576,66.1319121564697,72.65525856404433,7039.533651946906,0,121
test,577,131.48188764960116,125.74495625259729,9802.415911663502,0,193
test,578,45.28057026664433,46.21304361740745,2627.4185968740344,0,70
test,579,57.485428221623195,56.66006595124114,3737.810909032032,0,94
test,580,129.41582702543187,139.0200715969507,15063.756151341355,0,228
test,581,212.92664256831483,212.70564607096,17767.82640615797,0,334
test,582,188.4072144275548,188.9496341742748,3433.466667013073,0,442
test,583,90.68260643594759,89.92652345155102,1252.3797647980555,0,123
test,584,22.048766641838203,23.714560546544295,2085.0870605091054,0,37
test,585,475.582373301744,441.9838836068328,27449.339291307817,0,669
test,586,113.25584087953781,112.93488111288313,4190.55643242479,0,176
test,587,541.0692064714617,72.15369130030352,73484.32771136927,0,111
test,588,565.0282908391849,532.3722090673725,28012.976750249458,1,0
test,589,652.4957143398155,635.8961666903951,31255.08323947398,1,0
test,590,129.897810708909,129.486637589328,5495.592382487829,0,206
test,591,139.5075815685155,152.18743732435178,13161.096757735102,0,334
test,592,304.4499726979717,300.7964765539772,2802.585087790795,1,0
test,593,310.33210093013463,323.20684429080023,24699.93670077307,0,489
test,594,221.86489431363535,202.4411921825681,13475.872826827792,0,313
test,595,191.6292956129398,155.77218550339788,26632.612363649503,1,0
test,596,230.27662327520238,242.34253933291245,15945.097315414267,0,349
test,597,24.99075144220471,23.85998214812897,2104.2989369070006,0,41
test,598,142.94029674796369,82.72069125954569,18462.07466537382,0,169
test,599,132.2158765421296,129.81522435889542,2510.5728478991186,0,216
test,600,487.10826293264864,456.5261085880362,39631.44575868948,0,812
test,601,466.1563957219696,430.16947508280856,24812.77430453582,0,741
test,602,221.36786307247328,225.08392901316148,4669.467820410124,0,498
test,603,191.34398287365752,181.26727139005519,6782.153728015033,0,283
test,604,143.29557467830995,156.9545264388161,12960.524191435677,0,326
test,605,433.46024881396323,407.44776873087727,36726.78880350443,1,0
test,606,128.0267544580085,81.26716537575761,15580.914769089386,0,127
test,607,137.51818003553424,138.10844789010628,600.534084471569,0,368
test,608,195.65835791179424,208.89452934870428,14030.999906409992,0,499
test,609,140.54561097595146,134.6062308707352,4673.830177810576,0,222
test,610,28.88238580165884,30.97514682328204,2816.333849693734,0,52
test,611,36.69927827080889,37.36730398309295,2133.9109278637147,0,66
test,612,20.920961496325578,21.79747080995812,1329.0843591127152,0,33
test,613,33.31499444089277,33.628996864550565,3045.5719953626426,0,64
test,614,162.00541253259013,175.51600247413475,16890.412830467725,0,286
test,615,24.894959107294373,21.183064472045167,1939.399399904963,0,46
test,616,24.736914246449896,21.183064472045167,1674.1680163470946,0,46
test,617,28.888531856899917,29.571298569113296,1729.109097006834,0,46
test,618,62.787572260571366,68.76534447704996,7174.038480420071,0,118
test,619,871.6851116911173,790.7494164297495,47202.61775869451,1,0
test,620,56.056059273365626,61.569583025791886,5822.457284227082,0,107
test,621,365.907234077364,252.4214920213108,89568.98465131492,0,436
test,622,428.8873864806753,411.94945922916617,24675.25422170338,1,0
test,623,122.2638819393505,128.81877347390855,7927.958644799239,0,192
test,624,32.92214674074011,32.23152491611768,1749.8725802137142,0,43
test,625,48.95045320145892,48.83429798607706,4256.025107836893,0,72
test,626,380.60229448345797,359.2428164265466,27067.12887122892,1,0
test,627,568.8982277776128,540.3359485766523,39741.135283743795,1,0
test,628,233.22303870020355,105.81968678460345,45228.517818414504,0,191
test,629,135.2297909679065,144.66057834589182,12782.20825871292,0,220
test,630,300.60014205558025,317.4146778669713,44409.67521992336,0,499
test,631,121.4524460694411,93.85710508674568,14586.765533644497,0,166
test,632,283.47739023137797,285.8503946697552,9981.353736249177,0,400
test,633,264.7738765769282,286.4410242734224,26741.745996856393,0,512
test,634,361.5740991039033,385.80678257029075,52325.492580940765,0,649
test,635,223.6619778139156,218.00243540850698,6373.928540258994,0,308
test,636,158.6572493458397,169.92306768389085,14541.015398501328,0,264
test,637,45.55734065560269,28.30508232924848,6588.16492518527,0,46
test,638,119.42765592617978,124.89712388748539,7563.9939264472305,0,213
test,639,243.7375647845743,249.5847385677606,34942.346642642464,0,415
test,640,387.2152578922411,373.25952431044306,17845.796080153534,0,605
test,641,132.00656222285033,143.1414689767504,10068.40983585418,0,229
test,642,24.99075144220471,23.85998214812897,2104.2989369070006,0,41
test,643,31.32990692495154,30.462631638866572,2400.1735522674458,0,52
test,644,95.52668079052589,99.07879732366574,8738.847663586384,0,237
test,645,390.97231033491823,389.6127522278865,18920.59699819265,0,621
test,646,45.694672961513746,46.71832182452998,5651.359425983573,0,87
test,647,85.90983829939456,83.86717559653546,8069.496012678508,0,122
test,648,167.9930175235494,57.23445335481222,16851.181975123112,0,126
test,649,223.68463942262292,231.99067774195106,14213.96494721348,0,397
test,650,251.23805830433344,222.9607915738348,14244.732373617548,0,458
test,651,228.51860369388208,219.609619406117,13489.41683686175,0,452
test,652,519.2841060704428,493.4457326394543,20777.519368660898,0,883
test,653,324.68493388764284,324.28745750138194,11959.804176830765,0,552
test,654,59.015909506203066,61.39510236564178,4209.188430772209,0,101
test,655,57.88046683957574,59.7627829568514,3558.735352167665,0,98
test,656,125.74107052103727,131.42596677264837,9189.76316781276,0,302
test,657,85.73740316123931,90.89061708920151,8027.800235678143,0,216
test,658,99.47855198195774,100.84021671634531,5894.784704581115,0,172
test,659,317.82052050912154,331.1459149412863,22698.99204982714,0,552
test,660,30.657933644829324,32.677725015300325,3362.9823087536233,0,55
test,661,29.478740589038274,31.949476654412283,3331.5806473435864,0,54
test,662,99.71566252646122,105.04499980542008,9782.91896834427,0,159
test,663,50.341290876085274,51.23568667252359,4139.310431341968,0,76
test,664,31.434583873276235,32.799192548218386,3455.679298277844,0,59
test,665,38.01911658712578,41.09515854212965,2264.4299051211974,0,78
test,666,108.24258171245228,110.31586006045485,5509.522035237916,0,213
test,667,59.81082357542871,63.90511931978559,5021.482356163714,0,119
test,668,55.459129654466395,58.9459172426249,3223.2704438094115,0,94
test,669,70.36240792639839,60.90224190275428,7338.578131971885,0,97
test,670,61.56014201292132,34.29865328622602,7834.462228339237,0,57
test,671,76.97592103711233,42.19409808161486,7401.513002558456,0,72
test,672,58.85296592731576,24.601541543778698,5411.348713313529,0,48
test,673,80.03658381559967,86.0335157661468,6972.277766722167,0,154
test,674,135.81294379481298,139.65677389477773,3912.970392158043,0,322
test,675,56.056059273365626,61.569583025791886,5822.457284227082,0,107
test,676,100.07738267307626,90.45442937586844,19309.650079116098,0,135
test,677,61.03292457303236,58.96706393626085,1875.9525705554745,0,104
test,678,120.4698476110312,127.83167704306558,6545.561365841836,0,227
test,679,125.13698730418727,136.37568119921636,16143.93043323826,0,299
test,680,38.47934052154696,22.36609931540701,6870.749725494668,0,36
test,681,67.9648727692283,67.29787722695708,13624.630550693044,0,112
test,682,94.19081024800344,92.2502572070513,10557.504298027969,0,137
test,683,178.87151324441797,173.17608474055405,8018.533364102052,0,294
test,684,113.58881948268645,114.45518089145456,12744.019796254168,0,175
test,685,130.26074629973175,125.52305770002907,13553.913628330483,0,179
test,686,80.61224625186773,81.53512449508281,1426.0438346519652,0,112
test,687,290.8370916447298,267.19930541003765,31052.167292017708,0,391
test,688,296.77319394319903,202.1277022190972,63099.97428389437,0,344
test,689,25.85780034241043,24.918544479771988,1407.220523262596,0,35
test,690,121.75537355896073,112.23932903344236,10811.771482439759,0,270
test,691,544.9148935468166,491.9598920256886,27696.843391711955,1,0
test,692,86.81434371140851,88.03304977460816,1632.5550920819846,0,123
test,693,32.30380159026903,30.409822677177335,1685.5359710336465,0,56
test,694,97.42018152690389,79.72106091422846,8988.229976988168,0,140
test,695,152.1203571177858,167.7625112930634,17712.583122799977,0,296
test,696,198.59724440378076,175.97301345785974,19150.16243562938,1,0
test,697,29.38764326146139,28.67854664466076,2364.0669843622736,0,49
test,698,251.65879408852442,251.9215290536179,342.4551588988924,0,454
test,699,98.1643070386754,98.7663554532289,440.6103446989306,0,178
test,700,359.2076301343697,353.7303986233036,19829.261305615917,0,599
test,701,128.37308153696003,61.17109428885003,16696.14151807233,0,136
test,702,201.17303071788913,197.52594687360386,7389.6422662881,0,320
test,703,58.93536222542624,56.07280604398063,6219.281416244943,0,94
test,704,58.89124451921874,56.072806043980634,6164.215867570732,0,94
test,705,277.92731339930134,288.4779407290253,12854.27418867211,0,598
test,706,118.1239057724601,127.69344230700486,8982.974912939635,0,310
test,707,83.39409629518069,81.74368699271994,4599.204121347364,0,130
test,708,87.86780243379992,83.07667506746574,3540.677514086655,0,132
test,709,576.0787155013905,543.7968283429198,44448.76278136698,1,0
test,710,37.2572492565044,37.94342348360495,1964.2772584745724,0,67
test,711,31.434583873276235,32.799192548218386,3455.679298277844,0,59
test,712,38.01911658712578,41.09515854212965,2264.4299051211974,0,78
test,713,55.459129654466395,58.9459172426249,3223.2704438094115,0,94
test,714,70.36240792639839,60.90224190275428,7338.578131971885,0,97
test,715,60.496006383822554,65.78796543055111,5801.329038852224,0,106
test,716,286.7428117893008,194.64895379210537,42570.07608799655,0,363
test,717,44.176796187027456,44.60624164240902,906.6494169580127,0,63
test,718,61.89513052434487,61.87264934493855,497.70104409513584,0,112
test,719,126.09012430205341,134.08255036015916,13651.261219600425,0,234
test,720,212.83245813402476,218.12031120276995,12172.984580604741,0,457
test,721,144.57088764028887,140.70573347266398,5986.914270476628,0,332
test,722,445.12855671517724,396.805275444484,46986.572957589655,1,0
test,723,94.19081024800344,92.2502572070513,10557.504298027969,0,137
test,724,31.157435179268383,30.976870841437723,3761.4825217651696,0,54
test,725,88.74125829538522,48.374938505385146,13582.521476278718,0,78
test,726,94.62520427176497,100.3492906740106,6751.859822625455,0,212
test,727,122.69714513505355,126.91437728427151,5295.843788466577,0,176
test,728,917.2975961785642,585.4785231915796,158645.1403349132,1,0
test,729,381.1260283288459,377.6680438299395,11130.645128390734,1,0
test,730,99.32831395620518,102.37779095889375,7146.263603305429,0,188
test,731,355.9193983212783,372.07565550191424,13607.90280662516,0,551
test,732,55.54083260639616,55.914218258349855,5461.241128756143,0,90
test,733,223.12642980592452,195.205982152654,25105.319015740228,0,392
test,734,135.78924882367969,148.62931818602945,9697.107431854387,0,320
test,735,109.23635903987632,108.56787910353611,11117.46188664045,0,204
test,736,287.8114480683748,307.10377800363386,29525.01604834418,0,586
test,737,272.9633615958521,292.71615359565584,31027.21776743521,0,557
test,738,286.50295564727475,307.10377800363403,31775.35993161496,0,586
test,739,284.12185564598525,302.3144749030537,30176.764497157565,0,575
test,740,286.0356439879773,307.10377800363403,31755.92046603053,0,586
test,741,31.36902462589925,29.07886661558485,1698.5188977224434,0,41
test,742,101.84226529103715,69.46768309087213,20709.17607046575,0,122
test,743,640.6927557579127,453.33895017370844,109717.89348378153,1,0
test,744,58.40260495559926,55.85721526513761,6155.46452732552,0,93
test,745,321.48423013910474,319.68014568378936,8049.6376860588425,0,588
test,746,168.57679389522525,179.64867422655604,13420.846547686708,0,431
test,747,560.0902252490573,509.5552946119725,50605.87661216691,1,0
test,748,59.40129731108276,53.72962604752554,3795.1219874987078,0,135
test,749,629.32284124564,506.97749844172705,65768.1683750736,1,0
test,750,31.3323980921748,30.520001513181384,1333.5444549333508,0,44
test,751,70.50741248063862,70.78791882749303,2124.3061006772095,1,0
test,752,177.0370454548346,185.81402153049976,7816.770751625207,0,335
test,753,332.19319782067464,344.84130299615447,24023.082381656146,0,521
test,754,76.99628193314145,77.77077616121902,4919.663035368537,0,122
test,755,128.57917656670247,139.1638759929102,12176.319021755155,0,223
test,756,58.455509468410334,63.01867638146082,5187.00698565588,0,102
test,757,131.72398824311296,128.08880385453213,4069.9745218131193,0,205
test,758,344.9826250170789,247.8641422463465,42283.18868145358,0,414
test,759,124.62913943016589,133.7399593933648,13610.900362740193,0,234
test,760,206.2855943101025,204.45968522833343,2685.278289300251,0,350
test,761,66.67336323016293,63.71699582526387,1737.9882882422603,0,114
test,762,197.29720647285427,198.0050204141474,6791.5440821100465,0,317
test,763,138.39477050549846,138.92515693237502,1758.0646859640535,0,192
test,764,41.814936483683105,43.422526857367224,1819.2037533268367,0,76
test,765,324.619559480632,310.1483197759004,59806.044070029275,0,502
test,766,275.1493123723216,277.6938481583178,14234.673104562577,0,418
test,767,203.64144876228102,198.91170179659795,14564.859871658968,0,380
test,768,69.86566943840208,65.28437492836522,8089.253061695193,0,122
test,769,244.28147015093265,244.11104528883706,17692.922532845645,0,393
test,770,256.6249291145379,269.65010415197804,25808.862706089287,0,446
test,771,130.9940689984289,124.99358287751909,21176.076162410674,0,237
test,772,243.7648232950267,238.21118355372064,16750.702306295945,0,456
test,773,175.9017106572926,158.53707762289838,21856.61297979557,0,232
test,774,52.97959491593479,53.27918922127587,451.7862909120257,0,74
test,775,253.3225476405005,257.876522927462,15687.812673973862,0,450
test,776,738.4560317247102,737.0357698537471,2854.0909720462637,1,0
test,777,104.54784234702208,106.7924932817221,10391.336714787902,0,182
test,778,128.2678659631623,137.78360139957948,8324.314439475374,0,217
test,779,69.08629073353792,71.1100605636505,2523.3438387407955,0,101
test,780,55.54083260639616,55.914218258349855,5461.241128756143,0,90
test,781,26.773634762089323,26.19805479263705,2145.527718226881,0,45
test,782,28.14166391569507,27.42969896413058,2028.9486273866544,0,47
test,783,31.28036785213369,33.37316767409064,1994.8308005744432,0,57
test,784,286.50295564727475,307.10377800363403,31775.35993161496,0,586
test,785,38.441571127534374,42.64157047238257,4007.8872552726716,0,80
test,786,37.18610149693316,37.11558947642337,161.20444976662856,0,50
test,787,101.84226529103715,69.46768309087213,20709.17607046575,0,122
test,788,258.65989032210933,230.64668957078234,14497.385540672809,0,477
test,789,58.40260495559926,55.85721526513761,6155.46452732552,0,93
test,790,114.57932809859297,115.25341730672754,6337.025579593572,0,182
test,791,271.8806658403315,267.4976374346411,13663.540887740422,0,439
test,792,262.9769345348697,268.3925137268717,10638.645370395858,0,441
test,793,578.669010715825,528.3174712886814,57730.465145577444,1,0
test,794,418.8606513214792,350.2921809114369,38625.15202469565,1,0
test,795,116.35226239392632,104.26259673510073,5238.342066760899,0,192
test,796,35.71916475774106,37.29552135043199,2435.0328430473437,0,71
test,797,481.0768404276009,462.19719899535477,37309.99604686005,1,0
test,798,37.03166172142361,37.54728338765586,2189.6760658202593,0,66
test,799,21.822212722045418,20.75196521839309,1714.2776853371226,0,31
test,800,21.852745722791738,20.75196521839308,1838.3455352274332,0,31
test,801,23.056379614204076,20.75196521839309,2538.3908373804256,0,31
test,802,24.401217564918646,23.30593358253049,1510.322167761313,0,35
test,803,28.028105782830377,20.75196521839309,2874.340619556461,0,31
test,804,22.29226916273615,20.75196521839308,1821.6287906635218,0,31
test,805,94.49876925794779,102.24456709068168,8358.639082712127,0,188
test,806,76.18590900462523,82.98827013339626,8469.425354371155,0,134
test,807,107.71048361341374,38.41531307135019,12022.87447881282,0,74
test,808,178.53020327899543,195.21008168889853,19731.596421210626,0,323
test,809,360.32805669267293,392.6889306913566,43683.49269869829,0,656
test,810,90.17577427285032,94.94044533096687,9768.027855267434,0,151
test,811,447.1356499021899,428.85604468982865,14436.930100761143,1,0
test,812,195.91640851603248,197.4614058967298,6728.697285842244,0,317
test,813,738.9757013774154,739.2207987154278,1467.8349159345719,1,0
test,814,40.21163471701056,25.84994237213654,8684.471012816268,0,39
test,815,100.56214590012404,109.22008906240447,11735.382054401864,0,192
test,816,25.20820820562519,26.76879607386175,1469.3240118512097,0,40
test,817,272.66483210387327,282.1955782881422,19411.134097947648,0,474
test,818,20.877035732380282,21.558950697839247,3492.2805882216794,0,42
test,819,135.00069854863978,140.91810545492675,4259.300686222375,0,259
test,820,62.09786145052393,62.75145227709415,6479.269280692581,0,95
test,821,195.70242817733762,156.2215850551755,23244.304420470682,0,238
test,822,126.05396854045343,128.9335192980724,15352.00822614782,0,204
test,823,32.34487939562908,32.38115599309308,1063.47149019735,0,55
test,824,561.2689372090456,534.1548431480616,36995.52918103402,1,0
test,825,141.95144052452383,148.325346528331,6619.693527740262,0,294
test,826,429.84352687504946,402.4611460707368,34562.95473099766,0,557
test,827,130.5802046878644,139.03810801330013,11466.0754029098,0,217
test,828,67.21979496778572,72.56240226153206,7451.911708581659,0,132
test,829,54.39707072005051,51.743861852998045,4412.2089094454595,0,75
test,830,42.97108142290538,41.7420075677225,4195.6159256625115,0,64
test,831,26.597820550773537,25.764154618186772,2238.2119014386594,0,44
test,832,24.709127611586688,23.85998214812897,2095.764844948893,0,41
test,833,28.577080570314095,27.982270125217962,2306.5928267645345,0,48
test,834,233.103383154535,248.4519012847372,22696.077185793365,0,497
test,835,137.93244430807272,84.45549746818469,26866.67320622881,0,140
test,836,410.03176882522126,389.693231800655,19750.83763089084,0,676
test,837,34.268567281889105,26.1009391861269,3727.02164858169,0,55
test,838,40.82046634320467,41.129324350212826,819.0579431403162,0,58
test,839,47.34431719654903,30.159809141921023,3983.491678642651,0,42
test,840,206.4336771402136,220.76112901221126,17531.326326518785,0,346
test,841,33.49375343837267,35.981723047405374,2970.883174963895,0,64
test,842,134.44056459468962,99.17920203854925,12136.047800426211,0,178
test,843,596.3313560640214,543.3278331387629,26528.546680423948,0,976
test,844,52.11666548747525,50.32558192150718,6683.802367353282,0,85
test,845,82.43105616604284,80.3500185773806,4365.383499917254,0,128
test,846,147.6391233814605,160.0517597257911,13579.537223593694,0,273
test,847,77.65195263115865,77.24815106862604,2120.9224352310976,1,0
test,848,127.27882230961785,129.36378040778385,1765.614404162786,0,230
test,849,30.60885406549249,30.537503428524026,2507.8007408227227,0,51
test,850,201.9063390457586,203.90624175305922,923.1836063582102,0,357
test,851,973.4953171949769,959.2371210725952,24142.766601179923,1,0
test,852,1075.4791053461533,922.849074955228,118864.28808475385,1,0
test,853,822.3154832131552,646.2897697917668,113503.39061922944,1,0
test,854,114.48535987992064,115.09543015369691,8301.201863502709,0,178
test,855,162.22404464584577,164.02385300210474,5933.143553821415,0,317
test,856,62.09786145052393,62.75145227709415,6479.269280692581,0,95
test,857,203.15072416483963,197.58319715525806,9726.72049658172,0,319
test,858,113.26524402854012,119.36010996602806,12474.92640369852,0,183
test,859,257.744417177971,261.13847354572835,23967.314773431553,0,427
test,860,75.83125808265716,42.48030807128688,7058.29071208986,0,65
test,861,124.74550171763624,125.95415495856298,11653.941085688772,0,218
test,862,392.49209278047624,395.4443354080205,27924.28322044804,0,566
test,863,618.9423439702814,570.131404915597,41685.83726232256,1,0
test,864,164.49348391299475,160.9131132871585,7517.341498014396,0,247
test,865,350.2500262536119,355.35148805430566,14866.04051653517,0,546
test,866,28.30362966944613,27.429698964130584,2237.374631971207,0,47
test,867,627.2549788726183,587.0087881865892,51119.927794687166,1,0
test,868,87.15726132983255,81.22609437692921,8078.148004465371,0,147
test,869,346.5540583217494,344.83892859230303,20787.163459922467,0,712
test,870,383.8156843708878,314.20248081521083,44071.40739158167,1,0
test,871,34.268567281889105,26.1009391861269,3727.02164858169,0,55
test,872,34.127774404861704,35.519372085196416,3615.0267263649043,0,58
test,873,418.0249917033659,388.90651052673456,29910.11040060152,1,0
test,874,25.87472488177361,26.213594079218122,3900.870016271799,0,47
test,875,381.56571160543297,370.91972906766745,41907.442968925265,0,539
test,876,247.89129937512928,240.41803529148424,12579.415110751093,1,0
test,877,57.49207244151696,53.67943514481034,6322.71075056446,0,89
test,878,51.816474578469325,49.62693067199978,2403.403701987029,0,100
test,879,403.65631015602895,380.2863923941283,26799.160874848694,1,0
test,880,221.26717385550407,218.75208708640514,6842.518178382192,0,478
test,881,91.41299699195378,88.0994850264497,2517.6431503145436,0,227
test,882,36.93955820034603,23.96421143865927,5156.397607834067,0,35
test,883,31.88764774284697,21.324506309665654,3706.670289885184,0,34
test,884,30.6695043523865,24.09719683123145,2295.059745640918,0,39
test,885,91.29247927670305,93.24699264706923,12296.474635793333,0,147
test,886,377.3056969524416,316.8080162712622,34757.90785705723,1,0
test,887,548.5431681954728,495.580516959479,50889.93874082864,1,0
test,888,291.3947897070877,295.62146418450556,7146.917172186606,0,488
test,889,92.52215153606247,24.808592620528405,20925.72203534283,0,49
test,890,71.08375449050308,56.66288117226593,12865.452399566393,0,90
test,891,26.843330108824457,26.366516214886506,611.957225586751,0,48
test,892,200.64910585305466,203.9312934033243,4584.9588268186335,0,355
test,893,81.96451777196732,43.91865178942315,9365.745870791696,0,72
test,894,480.51669269415106,342.7326390986137,67677.90085032965,0,483
test,895,45.79172400021315,48.76559210704562,2778.643496675679,0,74
test,896,385.38474511085764,237.32575608683365,58434.48716329489,0,382
test,897,54.35130910079644,59.42437478704019,5702.646909052525,0,97
test,898,107.28301285808075,117.28847662404165,9514.489930143987,0,221
test,899,136.6922410657742,138.54463769748662,2169.720233710554,0,189
test,900,129.66367565489017,145.70900513504597,16696.070106301577,0,314
test,901,514.478481294325,514.3982464240312,342.67252056891294,1,0
test,902,602.6559967759129,482.41177781629654,83991.19754296455,1,0
test,903,86.2600504530903,92.08501829313109,10988.61348312999,0,145
test,904,69.5896625102402,67.34719178593767,1982.3254630578963,0,116
test,905,157.9446795954962,158.645925239134,6545.656446682931,0,249
test,906,180.5307642508864,184.91093953535636,8811.533482582528,0,318
test,907,186.56073296745916,186.54283292657826,917.3790320287599,0,259
test,908,135.79798782478267,124.13255410906497,9133.817638736493,0,235
test,909,236.83603557070572,204.9956077339312,8899.190233271238,0,333
test,910,630.8048741677761,587.3909679718545,57225.25019755353,1,0
test,911,57.47612731611748,53.67943514481034,6322.383749174488,0,89
test,912,726.0263104050749,356.8431466408319,153885.47966855066,1,0
test,913,144.730564713932,151.9329916818275,11358.759318336382,0,252
test,914,63.34530908970077,63.633993304303935,5405.802167394572,0,136
test,915,39.730114638286736,43.70688931120228,4072.188644342077,0,72
test,916,57.28230516974324,57.8131132142766,7229.09008914817,0,95
test,917,36.61230487596679,38.36745257948791,2985.8899362045295,0,58
test,918,59.88962070823657,65.32981780524524,7119.539712712488,0,110
test,919,507.69708346473595,496.646768238234,13201.653805512795,1,0
test,920,144.74264720142867,158.1025979244518,15966.745740542809,0,262
test,921,52.65286942586986,50.98179282821964,5112.585042958339,0,76
test,922,103.93855382389762,84.07536503682608,15021.346494548417,0,120
test,923,160.817631752016,168.91018412963905,14510.092327160159,0,302
test,924,208.73039034589942,212.96701001819375,7290.998813727128,0,409
test,925,32.03962104467007,33.64306892885849,2065.8122289499797,0,49
test,926,99.64727241215479,85.43426913859354,10628.600228704587,0,186
test,927,45.287521373545594,48.21407649052525,3045.828966675891,0,73
test,928,177.1228610363087,163.84315839953027,13345.04684151287,1,0
test,929,164.0911099542163,133.84232040529386,22119.043629259188,1,0
test,930,177.6782334822926,57.35880522816485,40324.93352865498,0,85
test,931,24.677338681762414,23.692948338743616,615.6612807541089,0,49
test,932,358.540170308881,341.4508848141518,20727.352208060154,1,0
test,933,122.57532515164687,124.80146468709795,3046.4289930600307,0,231
test,934,384.02057785058116,366.9090656126002,18785.990697169855,0,592
test,935,356.4809318078672,301.51279929816604,36567.89013967088,1,0
test,936,24.686273981508442,24.707023781128353,548.6378899802913,0,34
test,937,36.23554884866498,36.163764610383346,223.04453287646103,0,72
test,938,236.86443365884742,238.8781814316814,7193.176375356144,0,357
test,939,122.84104696772674,120.66638354683035,5000.46771990627,0,296
test,940,306.2164915733592,316.3952081715229,15423.2885187384,0,534
test,941,351.2090877650419,338.5336685605856,15760.60938250032,1,0
test,942,308.98702953853405,316.46674944093206,24560.236611445293,0,665
test,943,74.20210322702738,72.00208097606331,5160.666061310989,0,123
test,944,474.17976431675424,431.4225111056568,45703.2564567966,1,0
test,945,70.79345021605705,77.3389509042673,8077.258428717705,0,130
test,946,74.03753425575306,79.78223722870125,8506.315013471354,0,134
test,947,40.313145952782456,42.745482397691596,2486.5069313995036,0,62
test,948,73.1115445841441,78.74878223293145,6764.07528718629,0,145
test,949,172.88793222818035,172.87445533264517,1124.2969367018195,0,311
test,950,43.10999341191456,47.597297032843535,3729.7449102785245,0,110
test,951,38.00514661716434,39.03753790892795,6868.005095593311,0,86
test,952,414.44748234250227,409.4780504516605,10874.911828730956,1,0
test,953,141.57549923950387,158.4305396102869,17172.04384646833,0,351
test,954,78.3839654129381,80.54903807100952,7720.760832350036,0,149
test,955,77.21859522166943,80.13799745133808,6954.294242143956,0,128
test,956,65.26273824553286,63.90210804285121,2887.3602808829396,1,0
test,957,26.64950437024315,27.400857679830573,2505.3671660144146,1,0
test,958,26.217917993727603,27.400857679830573,1925.5993871401702,1,0
test,959,26.47138254858551,27.400857679830573,2522.158570579263,1,0
test,960,26.211549646018753,27.31550247457802,1866.3539888069104,1,0
test,961,26.3627510644454,27.315502474578025,2723.0549134128923,1,0
test,962,26.390825139989847,27.400857679830573,1988.5943283013012,1,0
test,963,47.21585785201819,48.41031011405631,4398.3673270298705,0,72
test,964,158.5612148326361,141.4396711593798,8664.053880594498,0,255
test,965,64.38189840882352,62.220170373475206,2637.061898247286,0,96
test,966,29.283044967506946,27.079918088065956,2546.4911240263345,0,38
test,967,151.97750924575362,146.3500401986646,2997.7297919049447,0,264
test,968,79.4352842465275,49.583567706902656,8035.189396247153,0,84
test,969,145.31008662012258,150.65733110193042,13040.673455571752,0,283
test,970,134.60884097374176,139.99040141295006,15216.187172157826,0,253
test,971,432.7188029405617,416.6306498132329,7111.863884341235,1,0
test,972,189.53401975149688,183.4799262208407,4512.174646453635,0,276
test,973,366.2743038297584,326.44587329087096,34623.07772221827,1,0
test,974,31.703504652377738,33.94019386602586,2193.2850161249817,0,61
test,975,38.05254803043085,36.4999071822919,3005.009922127328,1,0
test,976,91.1998668194007,91.39968254772673,648.8065798849202,0,186
test,977,27.21541299914115,28.024276524368325,2130.6970331379694,0,55
test,978,49.78425826962496,37.681221991791595,6560.249570320714,0,66
test,979,210.5335003500008,210.33681190336867,30207.824075141532,0,344
test,980,34.54878257956741,36.52478769891882,2234.415681807459,0,55
test,981,150.09531219691004,157.1827980099595,12856.207750073208,0,270
test,982,161.7734472261462,166.34223984279632,6803.708529192218,0,235
test,983,812.9316595190248,629.7301243187071,75681.4100934715,1,0
test,984,237.9177440532311,233.79802667145785,3592.9931242147404,1,0
test,985,243.49457417144907,265.1111275582027,18393.821234382136,0,529
test,986,131.33176268246638,123.89230127955895,20827.50004219962,0,177
test,987,59.980080082349005,45.52643299746543,6426.354900312445,0,83
test,988,31.949838846797782,31.136570592648546,2474.7906929071005,0,53
test,989,24.843900986410898,23.859982148128978,2143.0532496672536,0,41
test,990,35.8059659994614,34.39425635143738,2351.208974080498,0,60
test,991,26.921016117067726,26.198054792637038,2197.181658203593,0,45
test,992,22.83396253666981,22.069819181436586,2068.778190285922,0,38
test,993,30.152063620226297,29.777844118052915,2381.9126964144025,0,51
test,994,163.4508479519316,168.2149283677085,8849.657130065445,0,364
test,995,386.71855474158195,368.34184812069145,16414.692183709263,1,0
test,996,333.59637508398356,363.3066280768318,31226.07302538431,0,699
test,997,287.14706326760415,307.10377800363386,29261.046721043473,0,586
test,998,255.293533792959,273.10447105964334,29769.36325861444,0,520
test,999,23.2696979929771,25.52985946878268,2683.472485159684,0,44
test,1000,43.10999341191456,47.597297032843535,3729.7449102785245,0,110
test,1001,189.84124074520045,194.5762880574658,7634.764786352939,0,309
test,1002,57.215741536307796,53.67943514481034,6365.104176262731,0,89
test,1003,52.5465973362425,49.298445543338204,6669.661840303872,0,82
test,1004,296.84681047267037,302.3947159421805,11903.271540531583,0,511
test,1005,263.195620470948,267.9074266499442,9274.784313176146,0,440
test,1006,721.2391636844704,592.746328155757,72675.6815530764,1,0
test,1007,140.50582340995217,134.6062308707352,4615.4906957963985,0,222
test,1008,144.30495891883206,151.0405494573549,9377.462001416483,0,248
test,1009,65.26273824553286,63.90210804285121,2887.3602808829396,1,0
test,1010,38.64437445281763,36.583470825718,1355.5215896748773,0,49
test,1011,249.9578847599282,257.61187962366256,13211.585786413347,0,492
test,1012,283.79410737119326,289.6738526369109,37051.48335004315,0,467
test,1013,138.76001209277126,140.71264256615908,4845.192641280722,0,219
test,1014,159.53749350324426,160.48265358542028,16213.177501952558,0,360
test,1015,98.17981340071077,99.6112506004758,2035.7943264650817,0,177
test,1016,248.06634792710526,258.03592790405014,20542.501984639184,0,415
test,1017,47.13662887768278,50.081858008182536,3089.0716759116076,0,76
test,1018,195.13729278858668,202.28494794886353,8015.689228692233,0,360
test,1019,329.8067246680558,335.06372043125833,17231.49554555402,0,504
test,1020,275.7125054229465,266.5949900104195,31953.216962591767,0,392
test,1021,153.56961715720962,158.00807303082735,6212.938433666921,0,276
test,1022,290.4723563308534,305.19282348349424,23736.302792031955,0,671
test,1023,288.4786194671886,306.9143312631225,19892.544821658947,0,674
test,1024,382.84962643040654,388.2020365232916,16120.725346216417,0,622
test,1025,173.62412378007494,185.39658652982732,12915.522376126428,0,286
test,1026,108.87049984434289,112.25638734719743,8026.346359575127,0,213
test,1027,101.69869427286069,105.3952139585241,8325.80673163928,0,199
test,1028,28.728083044258135,28.120775849378873,2338.115410032202,0,48
test,1029,24.843900986410898,23.859982148128978,2143.0532496672536,0,41
test,1030,35.8059659994614,34.39425635143738,2351.208974080498,0,60
test,1031,286.0698592486996,307.10377800363403,31684.601744042582,0,586
test,1032,94.30159087711003,55.036365586486696,15662.817208180106,0,84
test,1033,343.4471116374749,327.68546676345983,19602.939518587435,1,0
test,1034,218.4691285540771,238.33288698570345,21293.609222676085,0,454
test,1035,289.2470306732324,277.8323083359234,4495.388454518158,0,562
test,1036,48.44881500937442,51.50220735205233,4788.238484762267,0,114
test,1037,523.7805975588952,497.66192690531966,23578.20435819852,0,864
test,1038,365.6695183865104,368.8570505180924,13702.11791495218,0,663
test,1039,275.8881610308338,280.43465568665033,11052.17953500443,0,441
test,1040,32.7816944110374,31.248840771498365,642.0464096296588,0,65
test,1041,74.78699837235624,80.57104517605816,6955.834773129038,0,127
test,1042,84.27969536947101,83.55162309278799,3741.4862868065165,0,132
test,1043,42.9896928142191,35.765089753313966,5655.424529098411,0,69
test,1044,44.73795318828119,37.097299705800125,5394.871190790213,0,72
test,1045,41.97102953812153,35.765089753313966,5327.140536724427,0,69
test,1046,39.96077787296739,33.96767231286424,5883.043105722688,0,64
test,1047,41.74106564176776,34.661634758881746,5855.726773416306,0,66
test,1048,43.43186649716312,36.917919996963086,5496.928950692668,0,71
test,1049,41.98313994789813,39.146155392441756,1309.4371419318297,0,58
test,1050,177.52009740930635,190.20662919661657,25639.79319515218,0,324
test,1051,511.77340351673314,485.52539280236084,37576.909586050206,1,0
test,1052,867.2825729364829,681.5357218766327,123094.55853442092,1,0
test,1053,472.32969456637414,465.89202900244004,4469.373288188792,1,0
test,1054,57.69556797004061,62.45693963784096,5734.369380480054,0,97
test,1055,237.09503969310626,239.90066321230574,7961.284403643289,0,328
test,1056,248.06634792710526,258.03592790405014,20542.501984639184,0,415
test,1057,216.56936702750312,227.84682861662765,13087.485883095145,0,335
test,1058,51.00762397035825,56.01427181962238,5207.446877135968,0,99
test,1059,292.9201395778091,297.54554589362624,17505.34005388142,0,579
test,1060,938.1204130558415,923.8792274204058,26197.1346432996,1,0
test,1061,108.25977877925996,104.20278494178568,2270.2602363642627,0,147
test,1062,58.724637584320796,61.94734838769149,3713.9995305072953,0,95
test,1063,118.7194581470501,127.8853972011193,11601.873362338605,0,286
test,1064,25.579022018793168,24.512856708981616,1113.5059278268943,0,47
test,1065,25.83537490972471,24.51285670898161,1269.3490413918619,0,47
test,1066,113.60646751337131,93.87351159672266,16139.707851445672,1,0
test,1067,29.61732831903493,30.277555543991028,2097.0166827998924,0,53
test,1068,35.070553529903485,34.39425635143738,1917.1908561217033,0,60
test,1069,35.259617374133676,34.39425635143738,2436.3926485952998,0,60
test,1070,35.33353155635557,34.39425635143738,2359.5702733641738,0,60
test,1071,23.974081425599447,22.74328844049853,2225.51584248668,0,39
test,1072,333.52442226267675,363.3066280768318,28805.956231500644,0,699
test,1073,146.40071902950876,157.4452414991961,10783.230454461605,0,309
test,1074,234.5414100140237,259.73081902501116,27477.765144027664,0,512
test,1075,349.0082812653358,369.92831404381207,24721.550899842514,0,562
test,1076,95.14251818067407,93.53520966342883,4883.15261355773,0,167
test,1077,545.9594140911354,529.574570850073,12965.822015134072,1,0
test,1078,137.6985687647927,140.67441892933917,4618.9609645649625,0,212
test,1079,621.8345889239997,621.848801211743,3319.2009379044875,1,0
test,1080,399.0272243679104,382.72009625157045,22177.559909110645,0,572
test,1081,47.15241929398685,48.70688640829728,3008.4585406144997,0,112
test,1082,358.68738655045445,343.4994943162763,14749.367078868743,0,582
test,1083,249.14260597387374,246.615515413628,10507.729916864011,0,427
test,1084,721.4254305211101,592.746328155757,72734.09262730416,1,0
test,1085,105.62630027010059,108.49944324425178,5779.2455451243295,0,188
test,1086,660.6338558662605,516.8874630887782,104849.42406448917,1,0
test,1087,161.9077222552718,158.59218063833353,7467.028932624455,0,249
test,1088,69.99401099334064,57.98777362913677,14826.40645914009,0,105
test,1089,100.6364471755191,91.34568084904497,13835.831937116121,0,168
test,1090,104.74897636465744,106.62970544826547,7390.156404793933,0,206
test,1091,93.0822861001527,83.56388682772159,10487.444578365154,0,128
test,1092,72.89876141050006,73.41745565708112,6530.337363399736,0,111
test,1093,85.82140888703402,84.15588040986079,11157.636659320286,0,129
test,1094,170.90484849649462,166.48394778834677,11069.27280707743,0,331
test,1095,30.818598839299217,32.20489618649723,2022.6189370471786,0,50
test,1096,52.85031675894967,48.50197222071378,2958.501942931496,0,90
test,1097,94.05553082514407,91.52144312145032,2440.3875752191925,0,147
test,1098,128.08200498090034,118.18593856024148,20330.471982585623,0,176
test,1099,110.96305978748204,117.99557320250636,12133.671563766371,0,195
test,1100,32.78889854492983,34.12472150080476,2019.9565945367688,0,61
test,1101,151.30750885172927,164.88843464899855,13918.968810165286,0,337
test,1102,92.94076921329841,33.91571427926891,12489.475886845852,0,70
test,1103,73.50072574392264,57.555435416246226,6355.223596887034,0,88
test,1104,241.92172054422244,219.3910973546391,14261.636690532025,0,362
test,1105,387.24452717101514,330.42652621765114,35945.221131530954,1,0
test,1106,320.9542125816235,289.9579128617751,28385.50433183226,1,0
test,1107,227.095334919599,230.56075635334517,9632.139960467224,0,327
test,1108,28.687311230760177,25.58189535501297,2236.971066655707,0,36
test,1109,140.4423675784779,137.61113000204895,4160.480648720508,0,230
test,1110,50.01414938531519,45.842945953983985,1894.3583894503306,0,63
test,1111,399.2766055483344,412.1150595265087,23568.17995387327,0,691
test,1112,358.37102403823684,371.17521126708726,32432.429072049574,0,540
test,1113,128.95930507390867,134.7534529157574,4476.158674510124,0,222
test,1114,86.68953442629383,86.61509729859688,611.7630094414783,0,115
test,1115,23.974081425599447,22.74328844049853,2225.51584248668,0,39
test,1116,29.61732831903493,30.277555543991028,2097.0166827998924,0,53
test,1117,29.07216686728512,28.40508563624037,2467.807630162071,0,49
test,1118,35.070553529903485,34.39425635143738,1917.1908561217033,0,60
test,1119,35.259617374133676,34.39425635143738,2436.3926485952998,0,60
test,1120,35.33353155635557,34.39425635143738,2359.5702733641738,0,60
test,1121,310.39269261062304,318.6971749063837,22674.28844297526,0,533
test,1122,322.7111342646359,327.98739654396553,25671.936608398246,0,555
test,1123,429.9491923027953,408.578259427448,20691.43327675627,0,713
test,1124,255.89227405881667,265.58979725170633,24069.367519357307,0,451
test,1125,231.67213680962337,125.38022573295939,19767.4174957492,0,291
test,1126,133.68553451264359,135.04804431675768,8999.623460579869,0,210
test,1127,793.2885505721475,492.874307543467,127597.50392591831,1,0
test,1128,139.6064571285706,141.1751283592836,2348.207299214819,0,286
test,1129,58.16674776639255,56.82351421199094,3522.2864512637593,0,80
test,1130,40.44205993865232,22.618247313635816,5163.020204740649,0,35
test,1131,37.21777120721021,38.420058368631985,5976.8678462277385,0,70
test,1132,55.20394253356201,56.248492081528944,1464.5763016817568,0,80
test,1133,552.3495196516874,551.1156941570326,9172.447155617956,1,0
test,1134,34.61975649962853,35.24178191362111,461.2512340261485,0,80
test,1135,122.94328082064627,77.53386413703485,19814.14256350982,0,110
test,1136,48.61727787508137,48.0567900374191,4987.537540256726,0,70
test,1137,208.3709490998292,200.83808417979364,5855.2773860511825,0,302
test,1138,43.009122122263044,40.07260529621495,2559.656885222754,0,60
test,1139,114.6011509645204,103.58543351679052,17310.24154087047,0,179
test,1140,47.08432790479337,51.596647491170316,5212.287426681636,0,89
test,1141,203.07388593745816,187.04943744889061,21371.010683233293,0,292
test,1142,153.15893793649428,166.0152400727374,14062.276589310572,0,266
test,1143,182.91654518327965,176.9495895988443,5377.390361758835,0,257
test,1144,76.1869462834047,81.22523211219078,6226.222902924189,0,122
test,1145,29.07334484622275,28.40508563624037,2467.80875033354,0,49
test,1146,34.46257402394592,34.32222212492004,2353.086419470497,0,59
test,1147,28.370435781272967,27.429698964130584,2051.6543573956487,0,47
test,1148,35.690874962582505,34.39425635143738,2376.023439427583,0,60
test,1149,35.66127871571246,34.39425635143738,2382.7302747394974,0,60
test,1150,26.424465832363104,25.634620388620274,2246.68755993344,0,44
test,1151,360.5792763622313,356.03561236768655,19926.869790852674,0,601
test,1152,449.156532245384,409.315860875439,44619.0630756051,1,0
test,1153,472.69474301971616,475.6429380924821,10618.970518503296,0,854
test,1154,57.1250766011761,53.67943514481034,6320.229870140011,0,89
test,1155,63.23076084976316,64.67121256130595,3817.2465779277045,0,113
test,1156,584.9239611938364,565.8285562573963,31551.432099748,0,976
test,1157,39.55471010856497,38.45592320460498,4978.438369150135,0,66
test,1158,83.39701289422817,79.07918143616328,10926.770546531152,0,141
test,1159,81.09406699355816,77.70783734839492,12151.693950721587,0,138
test,1160,81.20606075630172,79.07918143616328,11966.412337291922,0,141
test,1161,84.60614562713067,79.07918143616338,11381.415805613875,0,141
test,1162,23.63264597461758,25.51982868969779,2727.449280027157,0,47
test,1163,23.63719145439095,22.796433501282543,3418.586648311667,0,43
test,1164,24.099544813107112,22.796433501282547,3754.635753190233,0,43
test,1165,47.48748147773569,22.796433501282543,3638.6276075656265,0,43
test,1166,27.542178763104527,22.796433501282547,1559.0074509050157,0,43
test,1167,27.02968716708203,22.796433501282543,1420.331791560553,0,43
test,1168,24.232389388628743,22.796433501282547,3884.083510674831,0,43
test,1169,39.768105925799716,43.261220151557104,4244.090107981366,0,77
test,1170,331.20248882558406,323.3649565241695,28643.527859110767,0,520
test,1171,313.31408405442767,311.28162447559436,27050.433209508745,0,513
test,1172,38.176162488910066,36.28109654151552,3775.28223040744,0,71
test,1173,58.87982198326464,62.29304070935851,4181.189796628672,0,91
test,1174,512.0100571311325,509.0845038716082,11477.202133200362,1,0
test,1175,58.16674776639255,56.82351421199094,3522.2864512637593,0,80
test,1176,23.60982707585489,24.652772992110787,1673.4523807872538,0,38
test,1177,358.3540595694955,316.35063636942215,39617.01712872148,0,432
test,1178,104.86120681520653,103.02190632823793,6497.304116069218,0,144
test,1179,72.29070090762212,70.42535090936738,1123.893419770698,0,98
test,1180,26.7617195180717,21.537131086688046,5132.049119106892,0,38
test,1181,76.62721466197304,82.04154453870385,5857.138232521912,0,179
test,1182,127.06992276408445,122.91307977761187,4927.427034245395,1,0
test,1183,208.3709490998292,200.83808417979364,5855.2773860511825,0,302
test,1184,379.8217194783181,384.3702393478236,51408.4685347026,0,604
test,1185,47.70313950842908,49.047405932088076,2199.157140293402,0,68
test,1186,185.77503530039934,129.12759617926412,27953.403030531113,0,191
test,1187,80.24276652904209,84.2329297856046,3549.792500353059,0,138
test,1188,204.41065625230317,87.36885405576871,32982.263220049754,0,143
test,1189,448.57576187818,355.92238442042145,31445.706709506227,0,554
test,1190,266.88882814320635,278.6709006981073,41745.316607377434,0,493
test,1191,151.35060983251046,150.3167101578847,5785.9175883736125,0,237
test,1192,138.01970584716423,146.63995816548635,10575.373268449788,0,221
test,1193,179.6949594159865,176.18633644824737,9399.912399382647,0,273
test,1194,31.89041930353521,32.73758471570684,2289.8740342660553,0,57
test,1195,35.094269211185555,34.39425635143738,2764.504225264837,0,60
test,1196,35.31765461463808,34.39425635143738,2315.400825400105,0,60
test,1197,35.03491803746422,34.39425635143738,2645.5660286890975,0,60
test,1198,35.28880424581327,34.39425635143738,2277.451874302099,0,60
test,1199,124.33097499956052,132.8013185884206,23806.926289564435,0,261
test,1200,820.6987666461316,740.4637787462331,87242.3539595181,1,0
test,1201,120.12656693253683,123.73755638768782,6367.873721171752,0,197
test,1202,136.63385685232086,143.78033925036084,10132.68542723625,0,209
test,1203,220.25274485039256,154.8192340794514,19987.804135932813,0,303
test,1204,151.65295370488795,156.99518508793875,7434.4670390806805,0,260
test,1205,137.61174830484404,154.45803620593426,16457.6846266827,0,341
test,1206,99.73601355240933,106.6233943580702,8317.95251296072,0,248
test,1207,239.7977311021788,236.36429441513843,8016.671307490979,0,510
test,1208,48.810232815319026,45.512112832386116,3354.470492194313,0,82
test,1209,65.00661738126384,59.55450652915038,5990.959198044717,0,94
test,1210,204.93308172854128,209.76321813050265,8613.645499172528,0,360
test,1211,29.970094771896196,28.962452026310192,403.7051381402759,0,44
test,1212,71.73379054532118,60.430053524329026,13765.47287505279,0,111
test,1213,44.163509644245394,40.45425699425176,7330.407277727377,0,67
test,1214,82.03630752442136,79.07918143616328,10699.956145653492,0,141
test,1215,136.8565320610119,130.50832413435737,11538.957444497739,0,211
test,1216,84.60614562713067,79.07918143616338,11381.415805613875,0,141
test,1217,120.27702714026836,126.39201104579791,8947.781651382948,0,235
test,1218,318.1956145032398,320.7867745236758,15366.468194110756,0,527
test,1219,675.2431625337538,646.2016543463525,15706.65430271103,1,0
test,1220,71.4972380101472,77.54601869281672,7859.11082221549,0,132
test,1221,122.38090141203492,124.93604954589898,10790.079287402308,0,182
test,1222,202.03662718287706,211.20494154844513,17946.015289038056,0,323
test,1223,161.84101965095064,156.82694237300458,4402.90963042785,0,234
test,1224,50.57799580967753,54.10842440698159,4148.19550427072,0,99
test,1225,113.35328335578225,116.90748204184472,4628.9199567695105,0,162
test,1226,229.62546357547885,235.6083877638475,29826.222107638463,0,433
test,1227,91.59306408607603,84.02289419666819,3397.6965737228475,0,141
test,1228,1095.6705081278308,297.41908921020394,263991.6827218126,0,439
test,1229,159.0076738662658,164.97682486721868,9836.4234001472,0,284
test,1230,246.5184817464263,242.92353575859983,3276.550712002788,1,0
test,1231,34.51144207302215,37.60382137047227,2934.761079408613,0,61
test,1232,990.4171200147426,686.6599045949054,177434.41665676163,1,0
test,1233,352.3329538517974,319.86682672759434,23807.558228177535,0,531
test,1234,118.80857132667676,119.87655164118088,5051.595355330733,0,214
test,1235,61.59254057595857,60.232632390914944,2495.8351229472996,0,106
test,1236,83.37410265199932,84.03995113225338,6446.8834852705,0,146
test,1237,365.26905761694246,375.57744649917424,20029.248963169826,0,606
test,1238,92.82066444502668,87.38321363894256,4633.527795080027,0,127
test,1239,28.085577331875953,27.429698964130584,2260.3857943042367,0,47
test,1240,369.0000793769421,359.7781682457518,21988.43219791346,1,0
test,1241,334.173442525885,363.3066280768318,31301.6691330059,0,699
test,1242,138.6074678307183,82.72069125954569,17277.173683476092,0,169
test,1243,340.0657170459584,348.6496851020115,23002.48376330358,0,727
test,1244,138.74360500062375,145.6149960557611,12444.12026414275,0,286
test,1245,390.1895301325621,384.9222340980445,19959.382550145685,0,659
test,1246,894.0375501154969,781.8135804424415,108233.67022319508,1,0
test,1247,193.30217486168556,192.39716975362595,8567.343905405312,0,303
test,1248,767.6410457742884,403.9108038740702,151106.9578410356,1,0
test,1249,57.22431192317011,57.8534354481161,3980.5765691161314,0,91
test,1250,597.2306382155556,560.337258892618,49552.5797073426,1,0
test,1251,354.94681885930004,334.8828708905946,11734.429507405748,0,627
test,1252,53.60267122416003,54.66711999829533,3462.591973066761,0,136
test,1253,719.2500662383528,592.2677195447282,71593.77092275936,1,0
test,1254,359.03676568780946,374.61597865527926,25216.54094615266,0,630
test,1255,176.60034127709818,186.03112157502412,12421.011421238112,0,355
test,1256,265.0129412447436,209.86379554953098,26489.896750953518,0,417
test,1257,325.3640641919377,223.70033501159963,46024.411727172635,0,348
test,1258,55.8979657696351,53.09686699460722,8389.986464026639,0,106
test,1259,70.63007383387718,58.112825148082294,14862.914356587677,0,109
test,1260,69.8299670003871,58.112825148082294,14718.926248061656,0,109
test,1261,68.75336606285454,69.42178382015068,2128.9832005677035,1,0
test,1262,64.75081238665342,69.11890204342237,5940.412185003744,0,131
test,1263,41.58022885766046,35.928131626562894,4885.390533063952,0,70
test,1264,42.73353842380096,35.491660261129205,5143.539145433653,0,69
test,1265,42.1467095940134,35.765089753314065,5057.271437836057,0,69
test,1266,41.98993630378457,35.765089753313966,5220.062963338398,0,69
test,1267,30.52927480742553,31.12527368079941,1014.3759084160639,0,53
test,1268,125.85467637010987,134.15958294316263,13877.576805412102,0,222
test,1269,29.178302447820947,24.016664267418335,3494.538361463691,0,34
test,1270,45.13134211915555,49.42770376384527,5024.524662919502,0,81
test,1271,539.4799133930377,289.7836586465478,86810.84115612188,0,433
test,1272,173.30007688337253,175.3919774520514,34967.43162464908,0,289
test,1273,36.19470426223126,37.57320927222808,2776.2695020452775,0,55
test,1274,219.8909524888179,181.18083549643728,34412.07446820444,0,292
test,1275,82.85109581194818,71.01661267491588,10652.512813992902,0,132
test,1276,248.17883643266845,254.07748134970336,13817.717223451798,0,485
test,1277,282.0953298717396,255.1265606509822,41552.73991449409,0,430
test,1278,525.183689942538,505.08264476111265,20815.45275277665,1,0
test,1279,509.71661488953293,448.7644918041738,45633.86976513708,1,0
test,1280,175.79202146909728,162.7915692475692,13437.218206220556,1,0
test,1281,102.0272211453166,111.32759512662346,10767.740601712308,0,180
test,1282,270.5968289298903,289.6575837305551,25668.466661777802,0,577
test,1283,92.94964708390395,87.35846637092267,5291.861840669691,0,153
test,1284,92.82066444502668,87.38321363894256,4633.527795080027,0,127
test,1285,69.91970598620297,72.85441163804181,3578.901277230227,0,113
test,1286,51.97836899414592,54.555345953356806,5043.417819546552,0,88
test,1287,30.70151364162532,27.557442951813165,2904.3439470341978,0,47
test,1288,29.15441744431107,28.67854664466076,2324.645947512648,0,49
test,1289,30.10868565138864,29.33952498125006,2396.697743215475,0,50
test,1290,20.237203500689176,22.30268340746387,1829.6513065985812,0,52
test,1291,170.5270650840884,186.7748457539161,14819.511637007632,0,416
test,1292,354.8574567702303,347.0793806602121,18957.435533908007,1,0
test,1293,84.19762575542863,88.41725257096219,9202.825821811006,0,137
test,1294,187.4112407096529,201.0941949701659,16153.761481471545,0,310
test,1295,168.22960020229834,176.57022375224085,12799.109060210532,0,297
test,1296,140.62571088384937,133.2289439227628,6078.393779255808,0,222
test,1297,197.60145341702867,166.4514443631835,8688.612753820564,0,273
test,1298,179.05231254505014,177.02278156791292,23492.507265455748,0,279
test,1299,136.6342320305911,134.00484644740177,13442.36995967153,0,204
test,1300,128.43947357271836,124.82748665916175,5764.799032325872,0,232
test,1301,572.4471659490969,515.8707770015774,59730.308251908085,1,0
test,1302,256.5009362796072,266.8615589105873,18027.4412438257,0,445
test,1303,715.9522254566592,591.7141010564993,70378.2882957409,1,0
test,1304,28.46868896646149,26.427483681892095,3753.7663055744383,0,51
test,1305,33.88297328105107,33.24144290386712,1562.3387002473614,0,51
test,1306,35.359561480829235,30.885141524862377,7541.740902243818,0,48
test,1307,70.03277388715827,58.62625658033024,14677.044198258094,0,110
test,1308,30.12823765248472,30.133816420844738,4179.449243873271,0,58
test,1309,70.08416314054412,60.430053524329026,14630.623393165712,0,111
test,1310,38.08715852371862,36.15823465419988,2764.3446027649343,0,72
test,1311,36.80302155535646,37.88681959662228,5119.561813787364,0,73
test,1312,71.12977067549957,58.112825148082294,14416.934271064576,0,109
test,1313,68.68137202699668,60.19795355087809,14333.340156553508,0,111
test,1314,157.53357138053076,148.60542425896216,17022.99482705933,0,247
test,1315,39.92613513138728,37.33358736905385,2180.4567670863516,0,58
test,1316,47.38148726419692,45.85664622068176,2390.3120069475626,0,72
test,1317,63.260745368373364,64.78986166623166,1857.6132686283115,1,0
test,1318,27.078146304276874,20.387239890228813,4997.229257492897,0,38
test,1319,42.1467095940134,35.765089753314065,5057.271437836057,0,69
test,1320,41.98993630378457,35.765089753313966,5220.062963338398,0,69
test,1321,42.255107830342745,35.928131626562894,4892.703372981608,0,70
test,1322,42.55781619751719,35.92813162656303,5004.140540317144,0,70
test,1323,40.20005678104348,33.91690974684292,5078.747501442658,0,65
test,1324,48.366293494204534,35.29004843151295,4837.688850249543,0,68
test,1325,62.58207909695123,68.5977143359265,6604.546701246939,0,115
test,1326,472.6147093952032,446.35792349557397,36431.41353887626,1,0
test,1327,201.57035223498139,215.76154477603836,17307.37413286907,0,327
test,1328,93.99753918840327,77.75424849325624,10580.408689684402,0,107
test,1329,63.98493823555218,64.18249069093683,3460.996022950567,0,90
test,1330,54.22943480397206,60.53201429681433,6634.465387218023,0,114
test,1331,227.96548205496902,225.86911302612413,9208.569238306156,0,350
test,1332,302.4567636939464,309.8586489971784,13888.915557174754,0,497
test,1333,148.29607152432328,158.73818973944373,12947.164924346043,0,270
test,1334,80.05200617441098,86.6960656139259,8096.9208296127545,0,139
test,1335,177.90894982447924,182.90692993687068,5714.026733691491,0,320
test,1336,518.1396922016938,517.8309057603237,2909.6312906233707,1,0
test,1337,173.64074944327047,169.4007594287191,13413.184390696015,0,322
test,1338,102.63919489522168,101.62152891087175,11216.883211734666,0,185
test,1339,1060.8978252150728,1024.2311734691307,50320.6051811223,1,0
test,1340,235.56101564379435,253.13513515022223,22402.350377374016,0,539
test,1341,251.41431471249652,243.96691894818247,10711.892713929046,0,512
test,1342,209.62434629631997,189.2047426239759,15339.506888951693,0,297
test,1343,181.0205454488543,147.10830333346178,24830.621963078705,1,0
test,1344,117.91564624562518,110.19563095757155,6183.545298162132,0,157
test,1345,512.4058894639431,458.3834869299302,42635.07330486732,1,0
test,1346,28.42944090664059,27.552957950488917,2141.468816306646,0,47
test,1347,29.559722648907183,29.097788036010044,2537.875862743447,0,50
test,1348,29.891541939457024,29.77784411805292,1708.5629177281157,0,51
test,1349,29.842121045911348,29.22276044574404,2352.6066352564676,0,50
test,1350,31.62284200417026,33.04783139258156,2063.5380220328193,0,57
test,1351,48.57945754909954,45.26808876143366,3242.547793835761,0,69
test,1352,337.3939999744579,348.6496851020114,20338.552233797694,0,727
test,1353,386.56124264894754,368.34184812069145,16540.051304731827,1,0
test,1354,871.6891483872814,697.9817539612932,105323.65998426246,1,0
test,1355,326.50131766071206,337.5251463016982,8834.478230235003,0,618
test,1356,122.61290782608178,122.71860422163603,967.5786571354504,0,211
test,1357,119.92551129947188,129.62277678424385,11278.658245895955,0,206
test,1358,106.88720101262946,102.54380564085884,4663.892130993062,0,176
test,1359,127.72133550456057,104.09805626358077,12092.018688540868,0,179
test,1360,141.8669804508323,139.05318674875312,6505.054300950021,0,267
test,1361,323.6746281094177,311.6728793457636,8430.029173252386,0,606
test,1362,393.68817770064703,407.0296200896457,18518.348476479652,0,696
test,1363,328.8084925823554,341.0254085147454,19416.347949023624,0,581
test,1364,42.42832403995835,41.96741897245906,3855.6153464422496,0,72
test,1365,40.048677047302846,39.585395847544206,3861.611244096797,0,68
test,1366,71.54125425929034,72.3668070004783,2092.2057947223825,1,0
test,1367,41.507422320504155,35.551367176873164,5291.950312762107,0,68
test,1368,41.486679710926374,35.55136717687345,5218.496211238694,0,68
test,1369,41.86801873576505,35.551367176873164,5662.906932692927,0,68
test,1370,41.10217480641136,35.55136717687345,5247.37538644518,0,68
test,1371,40.20005678104348,33.91690974684292,5078.747501442658,0,65
test,1372,41.67902193596679,35.551367176873164,5282.25071767738,0,68
test,1373,42.93378737254553,35.55136717687345,4918.4510376875005,0,68
test,1374,43.70863571202143,35.55136717687345,4681.485523014082,0,68
test,1375,41.18950308659586,35.551367176873164,5250.999678360503,0,68
test,1376,41.40094268703267,35.55136717687345,5267.1488954361175,0,68
test,1377,41.43602855904198,35.551367176873164,5199.2627761962485,0,68
test,1378,42.4204194421836,35.011857411180614,4880.247645577011,0,68
test,1379,43.71788399343359,32.75057110882323,4865.169813824389,0,62
test,1380,42.398999362518026,35.011857411180614,4950.865007441857,0,68
test,1381,44.03063964025075,46.24792401854188,3030.5188329786115,0,74
test,1382,35.76356166861686,38.04803155908414,3258.9022593507534,0,60
test,1383,99.18963182771357,105.30873282168935,8098.872346841245,0,160
test,1384,1179.6377308747392,987.822559220028,125153.52335734163,1,0
test,1385,61.085001323746766,64.77818158374683,4793.684167562306,0,100
test,1386,76.89671964623663,77.91981153329634,1516.6001391856457,0,106
test,1387,74.66440594948914,61.714819267381976,10001.03975192915,0,117
test,1388,49.04270359692556,47.26101459377896,1138.6652226589495,0,67
test,1389,63.98493823555218,64.18249069093683,3460.996022950567,0,90
test,1390,32.13416962558221,33.41874496475669,3791.6438429840737,0,52
test,1391,74.03324186221617,72.92359047910317,3388.5287088161945,0,98
test,1392,66.19571566202639,64.60555904735308,1117.8963161632605,0,111
test,1393,233.6319023941126,234.06783985826337,8116.293731965748,0,328
test,1394,309.3536263875156,291.17170692830655,28145.775811541404,0,472
test,1395,204.17268173886615,211.36196259056402,23825.97233617969,0,389
test,1396,72.88075579225487,41.091753540169655,9419.565108277695,0,75
test,1397,70.70196738499875,68.84946275146517,7615.754387488869,0,114
test,1398,37.19220346303403,39.746428282452044,2414.3786229623333,0,60
test,1399,125.02919516030067,134.21741282660295,10591.286635559625,0,288
test,1400,236.09016541341836,241.71042297456302,11004.133431946953,0,355
test,1401,210.57526415778065,168.9674981915068,29970.350553666372,1,0
test,1402,252.38620511630515,229.7309438766922,16264.562133356627,0,365
test,1403,30.439378791659156,32.74202977818555,2725.558344512265,0,58
test,1404,25.489263927790248,26.998246801723585,1821.1983694518622,0,46
test,1405,287.7424656102067,307.10377800363386,29507.187356928596,0,586
test,1406,79.13979625387142,71.4400974469885,8851.090947351175,0,166
test,1407,239.63528526873114,216.74438157314765,15852.305541113728,0,343
test,1408,72.08701203673616,54.466923246061775,5571.7862677428275,0,97
test,1409,306.82611620239896,302.3200673152484,14620.665516772156,0,668
test,1410,80.51634168752845,80.03898338531852,3233.138349258893,0,164
test,1411,659.7172684468394,564.7021661266244,57788.71635772516,1,0
test,1412,565.8050436773763,532.2871946606916,44518.619781378366,1,0
test,1413,568.2207179333916,533.1640766287491,47079.0008875219,1,0
test,1414,717.4196932277594,590.0532733437581,72837.60094021753,1,0
test,1415,539.1745609167226,514.6950575401912,29299.806009726784,1,0
test,1416,178.04239275542201,178.62756530332416,15764.676771552611,0,367
test,1417,64.85773189473561,57.706651585051596,13509.839332073365,0,105
test,1418,54.59666602862015,54.162319845787465,9725.041566620748,0,103
test,1419,58.149007438742395,56.135671560728674,10963.652509828687,0,106
test,1420,66.2911135896413,57.70665158505192,14538.013014467297,0,105
test,1421,43.71788399343359,32.75057110882323,4865.169813824389,0,62
test,1422,39.35561243951469,32.980112180531165,5338.623272581135,0,63
test,1423,87.70330745053352,95.6898008236011,8857.696023938606,0,161
test,1424,109.82533791293042,109.61091296137826,16466.108186679852,0,191
test,1425,57.88937120601623,53.16704359592436,5546.507665954456,0,78
test,1426,367.73847830739504,324.4305489533612,19577.64659297012,1,0
test,1427,623.927130033808,563.6645982409337,56106.5273199251,1,0
test,1428,74.17288958967727,72.88113075286654,4112.492314076784,0,152
test,1429,279.9235230671589,267.56413838399976,9983.89250763191,0,449
test,1430,433.04025054479183,429.3644667211441,41562.570203091724,0,627
test,1431,68.62868840889723,68.41626161925349,886.6027376563186,0,109
test,1432,33.0902294971843,24.814723960987546,4832.908143398534,0,36
test,1433,217.73135168333704,202.13923158879157,6262.036496416583,0,314
test,1434,335.67462707304446,301.85529353897005,9157.245954664018,0,447
test,1435,220.55342212613283,213.18799043309647,4527.905450356967,0,374
test,1436,56.90296072216881,39.69453976217913,9922.797906752614,0,61
test,1437,55.05618212673079,52.36948196333717,2888.7550870408813,1,0
test,1438,40.69086125263619,43.68190989552861,2596.7608526421777,0,66
test,1439,327.24591829192315,248.1607135256641,57478.985251479106,0,380
test,1440,285.33030018113993,295.17170747748406,21227.588495595395,0,503
test,1441,604.551063301712,239.66569006434813,108249.0299258661,0,428
test,1442,134.68318506302316,129.21935171335477,18035.596519339528,0,199
test,1443,85.38635683915996,71.79312736431521,7225.516292954427,0,117
test,1444,55.36773795106673,57.049774612354305,2352.794229501239,0,82
test,1445,55.27819311535745,52.02858053876744,5881.447775786752,0,109
test,1446,87.57585863907299,90.49292645666321,3926.986273968803,0,128
test,1447,25.725625870999036,25.082483149055427,2306.8148294939665,0,43
test,1448,34.849251708215704,34.39425635143738,2465.0733228618665,0,60
test,1449,337.0130220052368,332.80011146656574,14041.90873352091,1,0
test,1450,236.74500385808955,204.9956077339312,9092.490578056939,0,333
test,1451,638.8233495217814,589.6903552076562,58192.88281230724,1,0
test,1452,569.2406651488941,536.5208833103732,51965.21725146157,1,0
test,1453,178.12004310949015,180.18288725906365,8963.851687208926,0,303
test,1454,149.98126656911413,129.2939619802262,20255.26823828175,0,226
test,1455,446.1012587566331,430.41048142794364,30803.704560512855,1,0
test,1456,689.101148606988,592.7463281557569,58322.45739464203,1,0
test,1457,596.6043071955094,559.9291197664786,47023.99363023301,1,0
test,1458,158.32518363391898,161.39015703359948,7196.933435119298,0,273
test,1459,48.377620226381886,45.69674532978346,3235.5233559091444,0,84
test,1460,168.05969465655173,173.5262589390732,9117.264405239901,0,353
test,1461,66.6878602893214,64.36268370140179,3825.3469970472133,1,0
test,1462,224.12431890580046,194.86824808422068,27167.2058015295,0,320
test,1463,42.3056078453016,35.49166026112863,5180.51518153313,0,69
test,1464,42.719465068688436,35.491660261129205,5132.236848931454,0,69
test,1465,41.790787608723285,35.011857411180614,4833.6964849874,0,68
test,1466,41.32674447704537,35.011857411180614,5099.230092089452,0,68
test,1467,70.35434946090751,58.53876958333854,6498.712727298644,0,95
test,1468,332.3337617166992,287.8814705115096,18756.2680348788,0,502
test,1469,31.127689325182256,28.630310158999308,3831.1916959451323,0,43
test,1470,112.29288987085909,111.07647911871996,17402.94864806548,0,192
test,1471,97.6150215255069,103.98331229359387,7724.1409814975095,0,161
test,1472,315.9811074123497,318.09763729191553,39318.223345856975,0,532
test,1473,87.68388133478501,93.39659918129814,6389.457169125494,0,144
test,1474,832.7998581523337,823.9923252091568,20935.057257703425,1,0
test,1475,320.2497660781424,307.6718802052953,14123.34670870769,0,567
test,1476,237.55340715729483,238.08054170408454,9632.026467759608,0,344
test,1477,28.533761119805433,27.260671627662227,2637.9732837842294,0,42
test,1478,868.6283152877464,858.1639432918794,22267.222508865296,1,0
test,1479,191.91683049060578,190.3826495498934,7283.824622527057,0,302
test,1480,132.81472812630432,130.80659321788795,5867.636322324594,0,208
test,1481,666.2613336372463,666.0301888182402,502.65560769879636,1,0
test,1482,49.44761893573542,49.070795730410346,7750.612606290571,0,82
test,1483,128.83799965884043,136.3557965610907,9302.282701803268,0,202
test,1484,161.84431115301498,153.79591516236792,17563.608849290056,0,282
test,1485,68.20240296594031,64.8577562258684,1917.6985760081866,0,116
test,1486,44.35520101710042,47.11508866270437,2804.1826524726544,0,71
test,1487,88.34074782006016,93.77687518938778,7521.679818716783,0,149
test,1488,100.28194184368148,98.35321073161484,1210.82506187627,0,135
test,1489,91.17612424161787,67.35872614318843,21307.982899480758,0,108
test,1490,477.14822556990464,482.62891663490024,10668.158332199539,0,661
test,1491,94.57354599262763,100.33715462022612,8990.985400972959,0,153
test,1492,219.9395426235468,226.22810499774198,8368.413035583548,0,460
test,1493,344.291256849479,343.823693146871,1958.930222449668,1,0
test,1494,68.24857290398634,65.25509753656249,1703.3807073321823,0,91
test,1495,582.7468235323893,547.6409395088859,17073.777975684487,0,958
test,1496,28.5804878965195,27.982270125217962,2215.364608822119,0,48
test,1497,29.605982897251785,29.22276044574404,2352.739541198481,0,50
test,1498,31.05846949090441,30.462631638866572,2396.822982667381,0,52
test,1499,30.052705700183616,29.22276044574404,2290.212071734341,0,50
test,1500,31.81417576426449,31.022113335855018,2328.978058114177,0,53
test,1501,38.28927645028711,39.997955084525934,3110.480852813073,0,66
test,1502,300.9205352903132,311.732968956124,21864.076788235965,0,657
test,1503,386.0617265005088,368.34184812069145,16552.24837230936,1,0
test,1504,24.270319838821806,21.447933750419555,1623.9673645563032,0,42
test,1505,418.29423663854345,397.34631617200006,20287.763098538162,0,691
test,1506,1030.2520194069325,952.202184427066,70413.61461151988,1,0
test,1507,156.77623521658552,154.8609864550149,4562.233718447906,0,239
test,1508,422.9790419832465,413.437211552309,18977.392364338702,1,0
test,1509,292.0421124433259,285.6420627748025,14779.514961568862,1,0
test,1510,252.8327531719948,257.5079646938109,15325.658000187015,0,439
test,1511,439.43585201293916,429.6873665230194,11228.54619305398,1,0
test,1512,239.55356588316977,256.0901269462268,26008.459517988165,0,539
test,1513,301.237245682437,290.481499824368,21707.384626237883,1,0
test,1514,604.673131912988,560.337258892618,55840.5732504678,1,0
test,1515,715.331602501136,591.7141010564993,69607.97031329156,1,0
test,1516,259.4677731587214,268.6109165444805,18679.09900825923,0,449
test,1517,73.82185431130755,71.40871472918735,6844.642037357331,0,105
test,1518,41.419916132169035,35.29004843151295,4997.341573771514,0,68
test,1519,41.77102772581617,35.011857411180614,5214.597208428512,0,68
test,1520,41.959932049121264,35.011857411180614,5224.714816585744,0,68
test,1521,43.24033347579152,36.6562632119945,5113.353208665684,0,71
test,1522,28.29919538753526,22.08054878369618,5040.364360572265,0,41
test,1523,38.297289074955735,36.281096541515524,3784.971160010495,0,71
test,1524,42.804146607493365,36.656263211994116,5071.23834608757,0,71
test,1525,41.53432992121753,35.011857411180614,5175.839653732293,0,68
test,1526,42.61919786011239,36.656263211994116,4871.335094257641,0,71
test,1527,41.66631413406856,35.011857411180614,5023.386757931797,0,68
test,1528,44.81833356780839,46.91073972459202,7579.026865935221,0,93
test,1529,52.568045067198966,42.980458968227595,6844.7414281291985,0,76
test,1530,105.33264515337622,115.7950148144026,12288.704566416633,0,214
test,1531,231.4716715216137,232.28064057715088,18515.159777563385,0,396
test,1532,24.928516885665218,23.568784754018754,2855.3053566619715,0,46
test,1533,59.43515756425382,53.67830983095471,3164.274682375466,0,90
test,1534,133.33646485814688,141.0186675521774,17433.36559964405,0,213
test,1535,533.9447485395482,503.11961434501956,44009.22801220288,1,0
test,1536,57.49221931145134,57.59217556041265,562.5148881841112,0,101
test,1537,260.25603542247154,264.8389029571922,8309.218224352018,0,429
test,1538,124.24111888266435,130.95686153305735,9269.976839899518,0,192
test,1539,206.31027376893417,201.3271555421904,14592.927195091597,0,298
test,1540,333.9411300784091,338.3067426763845,7502.617210030185,0,465
test,1541,387.92873271661455,323.5361975259983,40081.75107953549,1,0
test,1542,226.9010309644144,234.79169461583584,35386.53843253786,0,403
test,1543,370.7917262134215,370.6839910142197,964.1618857280516,1,0
test,1544,43.099994408403184,46.534932606684585,5268.576525630576,0,101
test,1545,112.72910031528741,113.71940286877881,925.2908467676843,0,152
test,1546,413.7098645355002,418.04551369080895,75836.65229554157,0,684
test,1547,40.197934169911576,39.89692935739442,4683.901371174259,0,61
test,1548,26.701439193499482,26.19805479263705,2179.693945201212,0,45
test,1549,28.5804878965195,27.982270125217962,2215.364608822119,0,48
test,1550,29.605982897251785,29.22276044574404,2352.739541198481,0,50
test,1551,31.05846949090441,30.462631638866572,2396.822982667381,0,52
test,1552,30.052705700183616,29.22276044574404,2290.212071734341,0,50
test,1553,31.81417576426449,31.022113335855018,2328.978058114177,0,53
test,1554,29.104251600170453,28.678546644660766,2379.9907463006934,0,49
test,1555,27.61009921990984,26.760646055937496,2412.6764035509323,0,46
test,1556,415.81990556973705,401.1527628292893,29483.740930959953,1,0
test,1557,106.9255136670143,104.39785377541547,2179.815622833999,0,176
test,1558,453.7414095695752,379.7913642680692,65884.00042652611,1,0
test,1559,602.1598502699148,424.83549086686406,92086.38306114092,1,0
test,1560,47.384210401922275,45.675343441132206,3704.046298129062,0,70
test,1561,298.8216199606385,288.47453219763446,6692.57309860556,0,468
test,1562,239.55356588316977,256.0901269462268,26008.459517988165,0,539
test,1563,688.6705120983835,592.5613972086252,58329.08727240794,1,0
test,1564,564.5437421660127,531.152739100018,44548.37418811758,1,0
test,1565,708.0888723889046,582.6798926799221,71993.82284591292,1,0
test,1566,688.7209915422452,593.616251140923,57114.742628841515,1,0
test,1567,115.64898723701107,117.70497293016273,2887.3383314998573,0,229
test,1568,51.39331476485377,52.8150276620634,1730.3072196245969,1,0
test,1569,97.32762773827997,80.73587067805353,8060.68171861154,0,127
test,1570,67.33320741820997,31.92684850349446,7028.729217706862,0,49
test,1571,235.15489496529125,203.0521580694437,26678.396005819137,0,324
test,1572,41.53432992121753,35.011857411180614,5175.839653732293,0,68
test,1573,42.61919786011239,36.656263211994116,4871.335094257641,0,71
test,1574,41.66631413406856,35.011857411180614,5023.386757931797,0,68
test,1575,42.88424985213984,36.656263211994116,5207.237656866716,0,71
test,1576,42.66553031902862,36.6562632119945,5180.630408892115,0,71
test,1577,40.436294953241166,34.34010500177882,5198.893317984113,0,66
test,1578,41.67995552489717,35.011857411180614,4930.621815701112,0,68
test,1579,39.99810706140442,34.34010500177882,5130.064840787451,0,66
test,1580,40.622044107229,34.34010500177833,4925.865574333489,0,66
test,1581,40.43430363371522,34.34010500177882,5284.648586107451,0,66
test,1582,41.97356847246278,35.011857411180614,5083.088749454413,0,68
test,1583,41.219946287662395,35.011857411180614,5039.081905406173,0,68
test,1584,91.81849443597015,95.7181011079742,8469.18965016415,0,180
test,1585,101.9737852560395,110.22078753512491,8144.40015041545,0,202
test,1586,105.33264515337622,115.7950148144026,12288.704566416633,0,214
test,1587,74.94598336445218,73.0631076722428,2752.084755030595,0,121
test,1588,477.0362072531707,472.9885171143902,9062.662247702576,1,0
test,1589,74.19742759378327,63.06455072397968,3860.19416127647,0,90
test,1590,317.2188360788929,278.2140225751486,29645.03880216716,0,436
test,1591,219.74473302187062,228.51470046536448,21885.96098302101,0,375
test,1592,289.21723029936715,24.698219374476324,13111.606364295385,0,40
test,1593,360.07436396455586,337.55483234106936,28247.599809198728,0,482
test,1594,36.53789431194643,39.27166252383916,3374.3595302983945,0,60
test,1595,123.0747967306722,130.79708512871284,13537.66002089027,0,214
test,1596,236.52187381552605,247.3982661757241,24855.10412936489,0,403
test,1597,69.8871774528539,63.578124334313955,3720.0837487409876,0,97
test,1598,62.68231609982429,62.34352264604478,2482.395415108499,0,85
test,1599,43.27310093818271,38.560659937920285,3375.5596803195235,0,71
test,1600,72.08941729315526,71.3116450510517,4725.610075488994,0,125
test,1601,93.51645144533224,87.98636147015532,12981.023239284561,0,132
test,1602,520.3279470522289,462.4929994065798,39852.450131354664,1,0
test,1603,69.1523410975136,64.72801905930098,3317.8370868882616,0,106
test,1604,28.90975398891074,27.982270125217962,2199.01277768159,0,48
test,1605,30.1583500036805,29.777844118052915,2327.109623419749,0,51
test,1606,35.48379479995396,34.39425635143738,2357.7931342636953,0,60
test,1607,35.49450555646761,34.39425635143738,2386.5162718308748,0,60
test,1608,35.55015378480014,34.39425635143738,2356.7345899930147,0,60
test,1609,35.28854974575074,34.39425635143738,2296.0597987818155,0,60
test,1610,31.796477887383467,20.944080692458666,4933.0306929826465,0,36
test,1611,35.17638126339979,34.39425635143738,2621.108482920956,0,60
test,1612,35.64022091425405,34.39425635143738,2419.4501922876066,0,60
test,1613,27.014982801207523,26.19805479263705,2228.9910316298283,0,45
test,1614,353.67509754584563,248.59919575807197,50327.16460713125,1,0
test,1615,49.51012947009303,46.10236307461719,2654.3952772537195,0,76
test,1616,52.38817318885586,46.48740848195681,2965.438633272287,0,77
test,1617,86.96169673312892,86.61485784625012,7273.378477986242,0,152
test,1618,106.9255136670143,104.39785377541547,2179.815622833999,0,176
test,1619,439.68494488545247,321.1025487737967,63038.11162179678,1,0
test,1620,91.58213382636785,92.88345717629274,9230.905394783758,0,211
test,1621,92.88477677925076,94.50564568764696,10174.380567734805,0,213
test,1622,322.23385090871255,293.1493934013105,13064.678721706065,0,628
test,1623,593.4607419766728,558.4424113474926,46524.18881567328,1,0
test,1624,53.45382552698315,57.00072793274292,5641.346403886568,0,130
test,1625,212.52057057540011,220.70882465703792,12941.471745474439,0,378
test,1626,35.35360486952225,36.091343249825414,2072.712288213783,0,64
test,1627,38.406939795602625,38.666741265979475,1808.0950586418535,0,68
test,1628,46.15527220576873,45.808927026252576,4374.135848919772,0,73
test,1629,39.82420461056808,40.83302625159872,2106.8445800455365,0,80
test,1630,83.93191084703172,27.367534283963494,4687.286432932792,0,42
test,1631,41.97356847246278,35.011857411180614,5083.088749454413,0,68
test,1632,41.219946287662395,35.011857411180614,5039.081905406173,0,68
test,1633,40.38115335915083,34.34010500177833,5329.645568815858,0,66
test,1634,125.14740906756509,119.8099104051149,15194.22753998969,0,195
test,1635,190.41434122016904,152.3707582426808,16800.64730992237,0,314
test,1636,54.39471768652167,27.789118584795144,5050.952618570039,0,58
test,1637,97.13366555617704,93.43741452552882,7218.642731351356,0,209
test,1638,254.70024661396297,251.0275988849334,6499.918113162892,0,401
test,1639,85.36528756030505,83.30555800807873,1242.6518492476087,0,115
test,1640,27.62494333869176,23.772472738236473,4851.4779194155035,0,40
test,1641,36.53789431194643,39.27166252383916,3374.3595302983945,0,60
test,1642,185.1969204236822,198.09513196265698,18039.229090500936,0,318
test,1643,27.543382055843253,25.64616676491375,3236.8564749465586,0,37
test,1644,50.27302854387293,49.36906437236524,7089.468793674089,0,101
test,1645,40.42203292890718,42.93092435445414,2329.7227350041885,0,65
test,1646,627.8890157320125,585.9195036796692,57729.82798441481,1,0
test,1647,26.541583818581024,24.151683915141078,2009.413017015393,1,0
test,1648,176.60708364449118,178.5646471592866,2028.4511989461623,0,241
test,1649,202.42671016811684,201.2170053039001,10295.570962019727,0,370
test,1650,69.1523410975136,64.72801905930098,3317.8370868882616,0,106
test,1651,34.310892148236576,34.32222212492004,2406.374978662793,0,59
test,1652,28.060380609390183,27.42969896413058,2239.486438366175,0,47
test,1653,653.2129268311274,424.83549086686406,112975.66174840862,1,0
test,1654,602.8247900532775,424.83549086686406,91885.04677746272,1,0
test,1655,498.5677287088317,506.8774918762549,20600.67309385189,0,953
test,1656,358.70954313999556,343.4994943162763,15005.009662771741,0,582
test,1657,279.62232396282064,280.10052552155605,8631.99626684128,0,462
test,1658,69.8272753130257,65.66297434705223,3777.320935065738,0,103
test,1659,586.0810826079517,537.5229248273764,56370.30135066159,1,0
test,1660,57.44647200247282,57.58737261453477,1118.8576710858279,0,144
test,1661,721.1167441342474,592.746328155757,72630.9842138062,1,0
test,1662,714.4354254446479,590.8713137453138,69465.41521095883,1,0
test,1663,173.0796477592098,172.55836472157725,1941.9459481567671,0,367
test,1664,35.35360486952225,36.091343249825414,2072.712288213783,0,64
test,1665,38.406939795602625,38.666741265979475,1808.0950586418535,0,68
test,1666,62.30949259195204,61.70553024698891,7607.446341358454,0,98
test,1667,31.28040234624199,33.74718797154935,2922.161569817533,0,62
test,1668,73.2115751312302,76.3137205303251,10180.43391993173,0,118
test,1669,186.86997780880557,178.14136072260376,30565.810466623425,0,258
test,1670,105.65320973512527,83.13876885772754,17590.215194684133,0,127
test,1671,314.42775229047743,340.0965754363031,29753.92766894364,0,541
test,1672,108.06477869562983,116.34461831934992,7838.6556562943215,0,204
test,1673,319.6990221575169,275.2038028733788,23129.95388921204,0,492
test,1674,62.39049030196883,65.99012789577347,4376.281482146224,0,120
test,1675,62.51241704792329,57.67671580432318,3621.1647148399857,0,92
test,1676,85.2533512681051,86.01787570034955,12316.918519789095,0,148
test,1677,40.42203292890718,42.93092435445414,2329.7227350041885,0,65
test,1678,149.93225985211336,121.18891490805625,21035.902808761948,1,0
test,1679,434.7716698626717,432.97517636601464,8942.484527772762,1,0
test,1680,172.34432523720255,169.67915457956815,4076.6098827362516,0,241
test,1681,162.83287698826442,168.36322515764854,9800.412488003285,0,384
test,1682,35.831484217699085,37.50154552179391,2678.7065750223232,0,87
test,1683,21.953451641634732,21.076729531604656,2033.4842565849613,0,36
test,1684,35.35915143761312,34.39425635143738,2300.613737759924,0,60
test,1685,35.50196480183053,34.39425635143738,2295.9550246425506,0,60
test,1686,30.029432191187617,29.22276044574404,2363.2019790692684,0,50
test,1687,340.1142628573341,348.6496851020114,20403.571868705283,0,727
test,1688,21.41486910475698,23.581590479500534,2239.8326373542395,0,44
test,1689,387.9341705001119,369.6924999417275,18584.081484082635,0,638
test,1690,33.73840585663135,35.89045751236193,1248.4041286837416,0,64
test,1691,217.7782800702555,232.5551786288618,13983.48133311801,0,506
test,1692,441.9624296142415,437.76289073157636,11034.628377734783,1,0
test,1693,172.92217926521133,172.09387644070117,1958.3115791310247,0,366
test,1694,179.02848123843677,178.16910345307005,2021.578590662174,0,379
test,1695,126.51701977944238,105.75519467131745,12002.861008596748,0,205
test,1696,123.04845720883702,99.7967643030178,10032.262815523844,0,158
test,1697,85.19024025681887,87.59739745968929,8206.828818495947,0,141
test,1698,50.936166009105406,51.14623052487163,6682.350019842097,0,77
test,1699,144.53446153977615,147.76129422140883,2477.992633410934,0,275
test,1700,35.610829925713766,26.86541461772856,3899.8795158941543,0,46
test,1701,100.2085486523324,100.27682569796666,14341.34874887627,0,168
test,1702,113.41717294610507,53.53448918867602,18002.929861687207,0,97
test,1703,119.27267368266953,117.5836575424086,1347.7549942567966,0,162
test,1704,35.02234019685509,35.72578263568333,1220.242839363829,0,59
test,1705,82.42247112165391,79.01551324734186,2067.8563241124016,0,112
test,1706,61.155627156620355,65.25917036284169,5497.12579594,0,99
test,1707,62.43159075957296,57.67671580432318,3598.018503993225,0,92
test,1708,42.68601799924125,36.40365801187771,5212.294149937503,0,57
test,1709,88.82311507880331,93.07549575292701,6643.591114639281,0,158
test,1710,56.146599316503355,49.23358634176136,6725.50605247535,0,94
test,1711,61.73300855304799,52.58543879250666,9533.576022310332,0,93
test,1712,27.0687083521692,28.96682722964055,2685.0852935926055,0,47
test,1713,407.1693237163268,405.7255472098296,19996.512185737804,0,660
test,1714,81.28645728859752,76.57920727715054,2602.286011159934,0,125
test,1715,42.70931229664772,45.244670493213455,2183.2384438409863,0,68
test,1716,88.98651072897654,93.1934313276518,6037.138661151203,0,159
test,1717,153.1708594170481,151.06171806891612,7850.563239638634,0,298
test,1718,144.6075407209387,141.11384991119652,3629.0620495648545,0,247
test,1719,150.46016896419866,155.14020699424893,7692.171386222726,0,244
test,1720,151.79553627287038,152.9996373734902,1067.2511701353596,0,207
test,1721,29.909077233534408,29.22276044574404,2289.6565086718488,0,50
test,1722,33.3408444126582,28.799812444379583,3077.4574280281845,0,49
test,1723,35.80052190453046,34.39425635143738,2441.145266277204,0,60
test,1724,68.88123416364782,77.18892621003985,8446.478996804664,0,153
test,1725,40.913473095345545,40.16700123465117,2476.327402395471,0,73
test,1726,409.3423901174675,382.1238304826678,21337.35333439605,0,741
test,1727,303.29026816444366,309.2789274373327,7593.210211225209,0,546
test,1728,71.93188506142147,69.75016829525735,2736.172565353691,0,104
test,1729,84.09976442147126,83.83876533246925,3809.029703402576,0,129
test,1730,119.31058989222474,115.98985900756114,4025.4787591526247,0,197
test,1731,159.44331123678006,141.27434017052937,10580.115492915209,0,256
test,1732,35.050578228182474,36.29934846493276,1218.885572921412,0,94
test,1733,126.51701977944238,105.75519467131745,12002.861008596748,0,205
test,1734,123.04845720883702,99.7967643030178,10032.262815523844,0,158
test,1735,31.976336251935894,29.609753140384225,1842.5094145088208,0,44
test,1736,224.51966764848797,212.1578377544259,13146.720780272099,0,422
test,1737,59.46963245219701,62.095188692817,9806.518950428395,0,112
test,1738,33.257045510680925,27.104445760756093,3654.158924773976,0,50
test,1739,222.0279194558023,236.2610840818783,18295.055386315915,0,355
test,1740,23.827258535286628,21.95227571219143,1720.5766912400695,0,36
test,1741,63.364648726434865,39.67329366096761,13293.035253232081,0,67
test,1742,187.60005414002893,162.33098606275126,12409.55409062944,0,281
test,1743,275.4312149498979,282.998480798272,14296.007881046673,0,548
test,1744,23.36904611598357,24.12059240173026,829.8528563426751,0,47
test,1745,26.763418760380915,29.538388925687634,2955.362217511673,0,52
test,1746,42.68601799924125,36.40365801187771,5212.294149937503,0,57
test,1747,147.68528489194514,37.135086078349666,23759.001035480316,0,57
test,1748,34.30140586742551,34.26360126717517,1041.0223232592418,0,50
test,1749,106.6966259730461,115.65393278524608,10331.864385667299,0,223
test,1750,142.05450681607005,144.4985418976179,9499.577273295092,0,213
test,1751,120.82027642880325,77.03192000543646,25386.855648808367,0,120
test,1752,35.53056514377367,37.23183947662868,2087.650134766048,0,54
test,1753,135.67794237085545,107.03636174966596,18622.880734830025,0,194
test,1754,32.22674436012605,28.853244496141166,3328.0462749900057,0,42
test,1755,128.9334461437566,124.21497808192251,3471.8628447680208,0,207
test,1756,318.3823429828532,343.1843723852219,31354.24321772012,0,574
test,1757,406.9202937020698,397.29577913028737,5950.633426527528,1,0
test,1758,350.0618711260174,356.39455649770866,10067.06640081914,0,513
test,1759,429.8512639363472,412.62191163089733,32983.35767516558,1,0
test,1760,187.08964779795508,187.3708398423395,11595.49949722269,0,353
test,1761,93.27655564610355,102.21754377563383,9663.005719194565,0,182
test,1762,47.89157113856808,38.14444424089342,5174.547256695086,0,66
test,1763,29.61612066922929,32.51958565775061,3554.803612807195,0,71
test,1764,30.958381719996556,33.89486095439419,3873.3717098872316,0,73
test,1765,320.1531137567181,263.85915957405484,63736.4351009218,0,510
test,1766,347.9346685425362,319.4746181782329,65950.18061955253,0,567
test,1767,30.34534879397683,31.411037403834918,1946.7619764318301,0,55
test,1768,34.35307166663892,30.91879151806346,2951.8719725568208,0,53
test,1769,33.3408444126582,28.799812444379583,3077.4574280281845,0,49
test,1770,59.821674779829515,60.7335460115468,1017.0129334032239,0,119
test,1771,107.29492648699055,110.11334650410517,4403.43428086222,0,165
test,1772,194.75010359899156,195.83201705778654,8010.142313775262,0,366
test,1773,310.60948022889005,307.8004024370847,9264.397846831314,1,0
test,1774,80.33468930158216,80.779277078031,1140.2702327129966,0,123
test,1775,182.1200806497673,181.9995449160764,3827.367093572621,0,385
test,1776,178.77222423509312,180.4476645205015,3447.151129587805,0,382
test,1777,175.4742677511712,177.28387651258217,3069.681921818763,0,375
test,1778,27.199667753496023,22.796433501282547,1524.467668105556,0,43
test,1779,157.74145996530487,164.5359328471833,14417.71810128173,0,265
test,1780,71.23175758525312,46.91829064865074,6606.452447983694,0,83
test,1781,77.48892670044748,77.13181510136275,8642.65321602949,0,121
test,1782,29.55011907893261,23.94900039965899,3325.738777162022,0,34
test,1783,302.56851066802085,299.5175467110734,28733.491754225448,0,429
test,1784,99.27835172213354,83.1607466790193,10495.110872971203,0,167
test,1785,153.37255860251656,149.89118869943596,1937.3489809152522,0,213
test,1786,101.72535425130704,96.1698165958968,9707.848246458163,0,142
test,1787,67.5851768589399,65.49967816626894,1921.9663348330027,0,114
test,1788,23.444839018582158,22.58577093523977,1239.3492589377213,0,41
test,1789,50.97178494992804,48.057650400505416,1769.909375644442,0,66
test,1790,46.521076057666626,49.31908771168823,2870.0147042796243,0,75
test,1791,96.76275078166,99.19100190033745,5974.971986133863,0,173
test,1792,144.97905518649722,163.1487495689998,18659.64568542455,0,331
test,1793,124.8303992516596,137.3271695107404,15298.6097517516,0,246
test,1794,191.07633933275955,199.01273381563237,6187.246101577254,0,292
test,1795,125.18853408175242,73.8126926351652,11543.377908064671,0,105
test,1796,354.8846216691453,356.4526901176108,12870.076090246339,0,560
test,1797,84.65058898206384,86.67581028278407,3181.870511367716,0,123
test,1798,171.65254871242388,170.57033304319154,9526.941932740716,0,268
test,1799,115.55769602792621,118.20790477370896,6097.695596423547,0,188
test,1800,75.83019157806336,77.94265447192333,10497.491343760785,0,135
test,1801,77.2373876995864,79.21756480062913,9940.249855066892,0,139
test,1802,100.933221161107,103.56545174872875,9177.449760222566,0,245
test,1803,103.3981548072684,111.13094498623305,8679.13089264247,0,258
test,1804,39.243740963462805,40.60073138713734,3863.934417343316,0,62
test,1805,48.16568417674769,48.021599879959425,1034.1124851511402,0,72
test,1806,118.03682814074627,121.39344654760886,11971.512885488788,0,198
test,1807,24.650660870079626,24.59858025543878,524.1700147359143,0,49
test,1808,74.9316664804406,75.02919804792995,1882.6700721947727,0,110
test,1809,89.69110619490927,94.53926554742691,5841.689063270309,0,140
test,1810,25.380028350929642,25.6313846216293,530.4384567736965,0,46
test,1811,158.66903308754624,96.74194970515286,21937.170882280738,0,136
test,1812,317.4690993435473,285.69811474389263,21057.775042300145,0,507
test,1813,345.2288212829762,347.3894660036895,12919.269385396912,0,545
test,1814,23.812867814719855,20.72871779232221,1418.9431551449493,0,38
test,1815,103.34468972816197,96.8848508994211,7204.780079145917,0,139
test,1816,116.11462738949399,118.34069717817852,2568.1750617286225,0,191
test,1817,88.95530076081425,92.48763947893626,5082.336063125638,0,176
test,1818,61.570565373876185,64.78754689864503,5296.689601837309,0,142
test,1819,492.3882448373866,472.2025087306939,39194.328558375746,1,0
test,1820,354.8846216691453,356.4526901176108,12870.076090246339,0,560
test,1821,112.93312586083869,116.72706046958461,14263.203210303804,0,229
test,1822,26.86991499362876,27.276932051142584,385.3724072850308,0,49
test,1823,110.20980509408642,110.83288603527569,7951.107577297781,0,172
test,1824,286.07774635476153,283.9815703731255,4438.001773686125,0,424
test,1825,211.220476571033,220.4867060513801,14750.964597938864,0,518
test,1826,156.6573076148005,156.1828458958731,7567.639425246153,0,323
test,1827,56.7101513750593,59.497365740121644,4241.3727918512095,0,100
test,1828,32.64602552493857,33.72349686373512,1682.694788736856,0,50
test,1829,119.52693663058255,109.48167572758148,5842.538032081046,0,195
test,1830,171.6421332573265,178.50884132351317,8655.357130970653,0,354
test,1831,119.32264280340658,125.6118223184258,14781.513435830415,0,235
test,1832,28.6122343471475,30.18524224751252,2363.4055310364847,0,50
test,1833,135.06404804385983,130.927580271598,2432.708677582851,0,180
test,1834,306.4378654238919,316.9871414318489,8705.276465321442,0,463
test,1835,33.83870429063688,22.190142178046766,5314.659028115944,0,38
test,1836,26.92524450565373,26.31374817372494,2007.3914422166176,0,45
test,1837,28.316787736127825,27.429698964130584,2201.7159708365252,0,47
test,1838,33.818460790921016,33.92344871593736,2519.39293074019,0,58
test,1839,303.10633901558737,306.25582988823305,9889.294246815258,0,489
test,1840,76.57026523938859,83.8795452971762,9228.113900597758,0,168
test,1841,96.8401691001504,90.67734142220196,5083.101701703016,0,153
test,1842,216.7573601861291,209.8353910199461,11947.802726163118,0,429
test,1843,489.0887095118817,347.945943334487,72643.1945526879,1,0
test,1844,176.52246138343523,183.8268633071077,7353.861757239402,0,334
test,1845,156.8007921170586,156.1828458958731,7569.767973845564,0,323
test,1846,21.705317767080654,23.035834438921196,2969.869565249922,0,42
test,1847,54.70402404814787,59.7149721272418,6359.7954389242805,0,104
test,1848,67.76452545982545,61.75288407820064,8798.485197473086,0,90
test,1849,234.7020134327616,218.70446924025848,16901.70681006476,1,0
test,1850,68.01818759560433,75.6450564841761,8477.084460292588,0,143
test,1851,47.904341214534924,53.34895412348623,6079.6760777129175,0,100
test,1852,30.615138058342076,33.506857376937376,2926.2786850531206,0,66
test,1853,113.94488844313443,113.39011247200241,1058.7166992435587,0,203
test,1854,28.79230258939938,29.21649321584902,513.0325292611137,0,48
test,1855,45.815362935308514,46.07918915057494,406.207594221988,0,83
test,1856,38.20028354230565,40.462356762635665,2865.7828097937513,0,61
test,1857,299.820027377305,288.33211298016556,39481.073987946205,0,427
test,1858,146.7982122170013,148.84228450299204,5420.869506857848,0,346
test,1859,195.0268263243767,182.99001894027285,32459.426657652828,0,265
test,1860,933.8725604330115,857.3544842894137,79724.46050400066,1,0
test,1861,64.19817940564674,65.50827462774811,2322.3963708915003,0,93
test,1862,131.56014054565708,133.47864717716692,2661.0982137732994,0,311
test,1863,31.935454872649604,22.486198294463637,5105.931180423597,0,36
test,1864,283.27678038583474,254.18994768992698,10885.323611412556,0,386
test,1865,200.78084692818777,212.055332616754,23354.459413952518,0,335
test,1866,103.11717668499313,109.8495578198209,6614.756861627273,0,219
test,1867,120.71314376313316,124.78695433966242,5534.324030759901,0,177
test,1868,90.81962758181943,100.56447274535006,10266.505630259984,0,196
test,1869,139.43375256755257,82.72069125954569,17464.777828999395,0,169
test,1870,159.37399281212345,163.44548165022263,8552.253845462565,0,357
test,1871,525.674328807976,513.2944924060813,17646.345046209994,0,896
test,1872,29.438243643351367,27.115713747497935,1490.119876171775,0,41
test,1873,86.10017895348145,94.01010238166243,8364.78837741511,0,186
test,1874,233.26758803968534,242.22512101858328,10401.488682068772,0,405
test,1875,185.93154540836989,188.4486148699188,7620.09369233193,0,345
test,1876,47.32971187390891,46.41004568067144,2409.415758204216,0,116
test,1877,87.3916569279732,87.19787547136258,3723.2762709860485,0,182
test,1878,204.87861839735064,202.1099179550177,16312.365604747545,0,349
test,1879,32.53396838157728,31.37581483134457,1038.0073694472,0,46
test,1880,68.85101855781551,69.88224302329702,2321.186977447347,1,0
test,1881,109.34005532210575,21.17250976656759,7758.715052132569,0,33
test,1882,51.64523298556691,52.506978629106854,1582.0855685958913,0,92
test,1883,24.03905447425665,26.107117507465322,2473.7099633533244,0,41
test,1884,34.713965584798316,37.01058412298306,3285.8430875260683,0,59
test,1885,62.10309069159476,69.30183664312624,7660.6632033704045,0,130
test,1886,181.3177342708289,195.04023978958838,12160.921403649283,0,363
test,1887,106.91998107196127,117.11879197517395,11042.953366590415,0,234
test,1888,38.25876028455187,31.472185876319323,4435.180430879867,0,44
test,1889,24.82067077489067,25.2395072057593,558.9457627254235,0,39
test,1890,44.38899093285685,22.150518195569536,10366.459771566777,0,35
test,1891,551.2066579330304,536.1835723235703,25822.267400007375,1,0
test,1892,247.457489019401,242.78984503903072,11137.906708283746,0,345
test,1893,173.76618824510075,76.26261850090677,26468.927694307986,0,151
test,1894,46.24315563917768,48.76644864213487,2840.918217160378,0,72
test,1895,84.25324274347759,86.74387363062324,3735.312683069876,0,124
test,1896,189.65092073440672,168.03831732555568,8328.684056948972,0,229
test,1897,50.736569700365266,52.10282468579652,2323.777473215436,0,92
test,1898,34.03076991173087,33.125837935262346,3358.54624546116,0,55
test,1899,54.31476907741705,51.073821069276434,5019.08298147896,0,69
test,1900,73.44143370867685,71.62049108036355,1860.341714246514,0,123
test,1901,76.51525981220266,79.29015530029466,11875.838924370399,0,121
test,1902,166.47284915890506,164.69051141199967,8815.343084641552,0,251
test,1903,118.74615537652558,120.16826541814788,9260.191809714259,0,215
test,1904,23.88406981105537,24.763970380468482,701.3180809965756,0,43
test,1905,58.20681752005851,61.402686830844935,1459.3696044617125,0,122
test,1906,29.438243643351367,27.115713747497935,1490.119876171775,0,41
test,1907,32.70816441590732,30.654452361678715,1372.9281986852113,0,50
test,1908,31.108370103844024,30.654452361678704,3931.5617205752496,0,50
test,1909,354.64469057655646,347.23539360581475,14349.333222025538,1,0
test,1910,157.5841337764733,168.85365066928617,12473.75606077426,0,397
test,1911,361.702290396,354.641438649659,18357.511059248798,1,0
test,1912,89.38893180017047,90.01867438058851,2416.616503698235,1,0
test,1913,173.61770004864908,177.44920937272423,8875.570352295355,0,301
test,1914,93.94016281558243,98.62080391947764,5684.028695524919,0,189
test,1915,20.86565506528352,21.405140597333574,1350.2321154416404,0,34
test,1916,26.803223402278366,25.849768081068287,1364.0424166598389,0,41
test,1917,48.74402166347715,38.254754708632966,9136.803430123226,0,75
test,1918,59.27444338067915,62.710424587436954,4974.657025977008,0,102
test,1919,901.0488420626411,816.6853554007955,79330.55881190643,1,0
test,1920,26.47998165688891,25.372176693046907,2364.495967569648,0,51
test,1921,73.07212166895546,73.36292538489285,1242.6467508837134,0,149
test,1922,102.31286571846886,32.34052716710692,11076.91738921131,0,45
test,1923,207.91432645908128,221.3121869155543,18097.224226256152,0,337
test,1924,102.82724825085117,99.97463431666037,1873.446772684271,0,141
test,1925,51.650780473457296,53.08620080654659,2345.2206042287953,0,78
test,1926,65.60947278751469,65.76102762892808,268.56982850710233,0,119
test,1927,118.40765338609475,109.71340833460827,6329.192416725237,0,178
test,1928,214.8849399550222,174.878069885052,19888.945984449747,0,269
test,1929,57.19499202093099,52.50088477814706,3527.1349600588264,0,84
test,1930,32.37547144289887,32.80569794289823,1574.3698814598645,0,58
test,1931,49.716273594174275,53.88051722365237,5028.69602454733,0,93
test,1932,134.08186833757094,130.80659321788795,6130.118961155575,0,208
test,1933,189.20595693736283,193.16340902778663,14327.48723471725,0,280
test,1934,73.44143370867685,71.62049108036355,1860.341714246514,0,123
test,1935,76.51525981220266,79.29015530029466,11875.838924370399,0,121
test,1936,57.86389681848479,55.660267479754495,1607.4203131391296,0,96
test,1937,318.47428638512116,313.6646402117202,6655.5555680442085,0,451
test,1938,338.3728860408338,217.05869007342375,32108.319501503986,0,296
test,1939,35.303192881381015,34.39425635143738,2328.1448489820464,0,60
test,1940,35.41845762416818,34.39425635143738,2369.5876900191474,0,60
test,1941,27.74458794591082,26.877165143093574,2224.2051732527407,0,46
test,1942,35.88529157782605,34.39425635143738,2425.540872296834,0,60
test,1943,35.6320418905933,34.39425635143738,2367.012786525911,0,60
test,1944,30.94946055105651,29.777844118052915,2277.8777046934674,0,51
test,1945,32.809856471847446,32.2539428344061,2521.8595140374696,0,55
test,1946,28.990038696000646,28.120775849378877,2389.6850390493432,0,48
test,1947,174.68355148530958,169.67417855390946,6295.064767306064,0,260
test,1948,388.8476775356942,362.43180330355636,23756.01544180496,1,0
test,1949,170.53060268313365,190.10084927808268,21262.92933457825,0,370
test,1950,46.363912686785085,50.94495206336818,4961.556171220593,0,98
test,1951,36.193819218675216,38.608746083557186,2042.1870557666698,0,61
test,1952,108.42601951320606,93.08971659976423,7217.309301492667,0,172
test,1953,145.34894332881817,109.51917578853694,12780.977285614863,0,196
test,1954,38.45251584911268,41.43199347318038,4141.989477007314,0,78
test,1955,198.44820629872882,194.99067712380844,8243.412261849235,0,299
test,1956,35.11500824099446,33.50395913962021,3846.233117413277,0,52
test,1957,21.435299204884195,22.37065043595914,2035.7309858336432,1,0
test,1958,49.96166882428256,53.53522477774402,6651.635021792934,0,91
test,1959,81.15373790033112,86.2684583260579,5164.177710050146,0,165
test,1960,26.803223402278366,25.849768081068287,1364.0424166598389,0,41
test,1961,92.95763440411618,81.22416260060479,11334.546089863074,0,167
test,1962,52.646477945540134,52.336920161615694,6808.532285715048,0,79
test,1963,160.3395475108301,168.87494108164978,13741.442001231091,0,282
test,1964,29.31231387762108,29.122026693857578,219.32588485677715,0,52
test,1965,70.12644398159821,67.50561431874145,1347.6443208880285,0,93
test,1966,60.51084576813003,59.354554287271476,3254.221517521947,0,100
test,1967,94.60069590794986,76.47368454024388,10653.73713200116,0,115
test,1968,240.09517007906263,245.19721328914187,22264.36240149777,0,382
test,1969,214.33704178132948,220.76007034978883,7539.562402305569,0,339
test,1970,22.9182445079527,20.45579738109919,1591.3692492350071,0,41
test,1971,42.273093940657944,42.530256251974656,1124.0726285420335,0,84
test,1972,39.11126811220635,43.02782924059294,4227.189909131634,0,74
test,1973,234.39314824706824,213.4100759685151,15228.87072315088,0,334
test,1974,211.84263048781142,186.8657878608405,17716.452021541998,0,287
test,1975,183.95463899836474,163.8004948353522,10902.99720615254,0,256
test,1976,240.49482934775233,255.65143079296135,18759.86438340972,0,374
test,1977,180.56034726146126,158.04335639876174,19250.169238179104,1,0
test,1978,28.99021390797124,28.120775849378877,2389.8003177818614,0,48
test,1979,227.5305998733186,249.4985577283398,19142.3061892665,0,505
test,1980,189.63161999083604,184.80045041942904,7126.25470718777,0,273
test,1981,444.44098768881514,437.9183356045249,12988.843649711758,1,0
test,1982,80.1095392204776,73.53834002706401,11984.662782225301,0,111
test,1983,372.335478601293,191.43114279447718,42099.729106637955,0,332
test,1984,125.26086524217263,130.95929854675572,5716.849103273015,0,197
test,1985,439.92329819694334,429.8311409474717,11356.10103548867,1,0
test,1986,236.20296337691846,246.01809336032497,10125.071316070182,0,545
test,1987,523.1294118426695,502.8481362318654,31253.363938207014,1,0
test,1988,293.9044468816042,308.4854813236047,8821.248873031462,0,646
test,1989,162.1149436184269,158.59218063833353,7315.37142481021,0,249
test,1990,35.54384130641627,34.71598134187254,3508.612019984082,0,57
test,1991,152.03291698730865,146.38136820732845,9309.646819064877,0,243
test,1992,41.39624433484347,40.42984414781577,2358.0557719939497,0,62
test,1993,24.04237775466029,24.64858585793901,2292.9454544676064,0,40
test,1994,106.10301213171283,115.7994690291332,11458.748851929364,0,201
test,1995,92.26989084626567,100.96244271217297,10496.472606770903,0,175
test,1996,33.60826232320926,33.39290045021715,1977.5585072712527,0,65
test,1997,172.5691947331203,157.38192336111638,9613.464467878575,0,259
test,1998,50.97585173065991,52.63671279684632,3924.5235815878136,0,78
test,1999,213.66203695869388,212.17792322280977,10979.623444351162,0,357
test,2000,250.56301374152258,186.551948237107,43214.860630953626,0,329
test,2001,124.4980338120677,129.26385850928486,15095.403441756574,0,197
test,2002,103.71658757349344,112.91968600802797,8355.925439707733,0,211
test,2003,36.80733090167264,39.432596558044466,3105.3444285497776,0,61
test,2004,141.22358022637584,120.8774467764699,13675.117305155367,0,212
test,2005,289.8309316226165,317.3040295561653,30602.252797682566,0,661
test,2006,112.88800269578007,114.83206604395342,15812.86590936962,0,182
test,2007,87.41534278711781,65.82517241944184,18041.930794705357,0,122
test,2008,40.90900338627111,36.73604823451835,2994.4758923749982,0,60
test,2009,23.17921973423366,25.529075177630453,2692.5393406564212,0,45
test,2010,85.56429796205059,79.08771393313245,9955.31646688109,0,146
test,2011,390.74188104577587,405.26619842459905,45063.177286239676,0,658
test,2012,44.64015991260004,43.88476570188184,3144.63202533396,0,66
test,2013,31.57007426420165,29.89203972796969,4094.8583178655545,0,47
test,2014,42.273093940657944,42.530256251974656,1124.0726285420335,0,84
test,2015,145.36148469758106,129.7509425124865,17856.531464780943,0,207
test,2016,33.18297542333621,30.592256807156076,5440.076273989827,0,50
test,2017,56.38387194841752,57.29624147381745,393.8146785493928,0,102
test,2018,65.94337666571573,68.2602641870564,5031.601452577438,0,129
test,2019,325.2741743435645,324.5737152317662,11822.662103907916,0,505
test,2020,244.96621316162268,252.38887407141988,14974.123014895431,0,413
test,2021,131.71430015533468,139.5420376280327,12246.157567819342,0,231
test,2022,64.1842235247659,67.18815659212443,7073.578862359654,0,106
test,2023,361.33757748702357,325.2145707497854,22618.82440137968,0,566
test,2024,57.08892607999224,59.355626254827264,7323.189233588943,0,94
test,2025,148.5662742707635,113.74554825642406,12506.605856261715,0,206
test,2026,211.17925159704475,221.15280102883136,12977.614545315828,0,505
test,2027,51.19707095094864,50.881586483597616,2064.5174779303193,1,0
test,2028,24.04237775466029,24.64858585793901,2292.9454544676064,0,40
test,2029,62.871765305252886,42.553977100445245,6285.174756268031,0,71
test,2030,41.308515540288695,37.56647271944672,2035.639570115773,0,55
test,2031,113.39539378046305,119.86245864217389,12423.643179291455,0,218
test,2032,199.9863490727515,188.92530898356017,13119.950960129765,0,411
test,2033,156.13338620202592,161.54130078706785,14951.65345571953,0,261
test,2034,251.83003983633537,45.329664457046974,10729.388748508538,0,96
test,2035,101.65440965400799,95.55999376182105,7605.65759850967,0,147
test,2036,31.724213138761584,34.06185295007771,2450.5370733570435,0,65
test,2037,117.90366957914921,76.31402747933568,15027.007203663297,0,107
test,2038,240.24346255625125,239.49209282169187,7626.238173434485,0,387
test,2039,141.8096223522461,140.7970992085535,7744.729112944039,0,217
test,2040,107.47537073634525,113.60975388021073,9153.15506704551,0,184
test,2041,144.55622769480706,135.99993277464242,12151.715608361565,0,252
test,2042,43.00237421509465,42.06920836619494,4276.425064630061,0,60
test,2043,459.8336569996883,454.04247849746395,14512.109748559995,1,0
test,2044,42.856584577483176,33.98111156446443,6965.2636515361255,0,58
test,2045,100.22948732966958,98.0575601997578,1349.0972467206714,0,135
test,2046,109.91195935510407,71.9247144367164,19040.073383965704,0,108
test,2047,92.22928562978807,85.66692745897294,4660.333182446337,0,186
test,2048,180.69142753184357,162.53466616023087,10382.748411141993,0,262
test,2049,50.00628678313743,53.821168010470856,5879.620659746091,0,85
test,2050,137.10159471958568,147.94805354309494,9749.322593854227,0,238
test,2051,75.91597826165089,67.92375263647848,5186.972038958011,0,122
test,2052,291.3138273975587,290.27235154818237,12002.503838971517,0,465
test,2053,339.72371687648445,207.94571818692899,43471.957315037915,0,326
test,2054,82.73972386625795,90.21460992224146,7539.142970113636,0,216
test,2055,40.75812775942887,39.146155392441756,1168.7096784893,0,58
test,2056,36.345749115411095,30.318599063695714,2903.67797615635,0,49
test,2057,20.64030694355699,22.71773504111099,2280.0439341701845,0,41
test,2058,70.0031198085482,66.76015274117309,2404.1369769209887,1,0
test,2059,53.44542804711313,50.28059036450953,3283.0258458757016,0,77
test,2060,23.491325383415568,22.274441486162523,1122.697599931262,0,40
test,2061,32.08938549481585,30.711082109810423,3756.271272993441,0,58
test,2062,70.41003669075478,71.75339771518524,961.027029057877,0,168
test,2063,47.551690459615635,51.776700091444326,5322.564664727726,0,87
test,2064,240.77431576695594,85.55266966351238,29493.934891511653,0,160
test,2065,147.17690282587736,144.92915693450723,2828.751758623304,0,225
test,2066,313.51480733893425,326.2220965372948,29752.436253197302,0,526
test,2067,293.59876056644566,313.31865438216266,22501.898920408683,0,488
test,2068,97.83529197511847,92.6957953402512,6888.321321734585,1,0
test,2069,597.3345702684431,587.0138021311778,11108.632501551807,1,0
test,2070,35.2531989719236,36.270228808199576,1373.155793863953,0,54
test,2071,75.76213806880034,73.6269235253543,2169.0450624351697,0,114
test,2072,46.13164053060752,35.76726056888713,6314.483131103324,0,71
test,2073,216.2095168431626,219.81336565214528,30701.398290554956,0,352
test,2074,122.99286783986395,124.36137530412707,1845.2402624500571,0,291
test,2075,258.2380252320868,264.28792843072847,13570.925584096194,0,454
test,2076,85.74212866854558,79.19334207387591,6547.4286646437195,0,110
test,2077,88.70430012890054,88.50324100980335,875.3819715390147,0,121
test,2078,132.35792783340733,136.38955703303495,9309.973470085146,0,201
test,2079,262.8417197353136,59.54892875785684,16302.42171182949,0,104
test,2080,52.501735448969974,53.265294188109436,1878.4192981044991,0,95
test,2081,83.29918319403211,90.49925693615877,6854.66944773945,0,164
test,2082,240.30249620082478,240.79185051592447,5338.384186425287,0,550
test,2083,147.74284720625892,150.46703558708313,7736.867161176169,0,240
test,2084,115.06361193800363,113.56416233262426,6073.6879772239545,0,180
test,2085,640.2742032208541,535.0605437536428,74420.04839774375,1,0
test,2086,41.60554798015655,42.585590215428795,3350.7966240755954,0,74
test,2087,32.48104980139612,26.593123535454534,3680.9506404744643,0,41
test,2088,90.18668911963215,84.12432342299205,10588.175566889611,0,135
test,2089,29.294354351457667,30.188348104097148,1627.2043299205936,0,48
test,2090,91.3806234274873,99.23558245922453,8137.965220164324,0,166
test,2091,35.78345558197477,38.7233968083565,4312.2290841261765,0,71
test,2092,66.6162468749943,68.43413320094352,2006.9277315826675,0,138
test,2093,34.335515214607945,36.246395502896085,2795.857257369456,0,57
test,2094,184.58456123296398,53.44487399676244,15523.170920854674,0,112
test,2095,46.061236807358384,49.931188081479654,4205.847102602645,0,79
test,2096,148.77281035264335,128.3523863335738,25377.9982844613,0,215
test,2097,67.96410902799265,65.1989107640599,2023.9172193049417,0,104
test,2098,203.23632554746564,217.08773298048533,17571.050807113494,0,342
test,2099,37.18008480684527,39.65583697459799,3223.6509091146527,0,64
test,2100,209.49168341614617,217.56345542036362,15322.345943291526,0,354
test,2101,197.65923129489212,175.2974686709878,18229.301193235216,0,300
test,2102,262.85393186510237,279.9407413637604,23678.22964679818,0,448
test,2103,304.0604842596564,270.2379801826622,27696.141031762687,0,394
test,2104,272.2524607396214,271.7011815469539,15723.388689376656,0,521
test,2105,628.7994368117309,575.782647549471,53811.83464054051,1,0
test,2106,146.84957294285417,145.2724558322813,2197.117095251759,1,0
test,2107,180.16209809488873,174.38356324054624,8882.09231574176,0,269
test,2108,145.16166273357913,148.1487116371598,13498.70497981866,0,242
test,2109,26.58466355104002,27.68836852558772,1612.2419034485392,0,42
test,2110,25.842553590372408,20.011230635069868,3603.453030939639,0,38
test,2111,132.2446847253407,95.40500392637179,25341.12700257191,0,164
test,2112,24.34303896872393,25.078662495061952,3652.446466252152,0,46
test,2113,25.74699808187967,26.49239289647338,317.98692412698585,0,50
test,2114,80.27228612709503,79.80226156960953,1469.9939003338811,0,137
test,2115,328.9843353567159,303.8637060803895,8480.679023272176,0,445
test,2116,431.44545090933093,413.9124298751617,32814.907811992554,1,0
test,2117,164.8145848877393,178.85689002168743,13248.94573661326,0,384
test,2118,347.4709921349852,291.4431029415247,36185.857645729404,1,0
test,2119,391.9959238363471,323.13615004277955,43652.28726115447,1,0
test,2120,528.0228758813923,498.90700344323255,38511.16119637873,1,0
test,2121,57.26744479070043,40.42984414781577,6635.999935419751,0,62
test,2122,24.741416548607113,24.052558487482774,1000.3495848720505,0,40
test,2123,27.583384225002543,27.426752787711738,439.4342085845484,0,50
test,2124,26.697608821091123,25.597299186995603,4525.5368040930325,0,46
test,2125,88.60244617856405,85.59567812001342,2360.345327405463,0,137
test,2126,105.1040405986437,101.41805787602824,16738.930960446818,0,158
test,2127,22.54662807874289,23.024668918729322,672.5954374767414,0,52
test,2128,65.20223820422224,69.045458265272,5726.031659414605,0,115
test,2129,432.1733164819442,444.8795324166724,34871.06209317181,0,770
test,2130,29.626293298538865,33.71955593398418,3843.792449223998,0,73
test,2131,65.61201859558622,58.8009390670063,4005.8581925411368,0,93
test,2132,76.06935859498827,80.78549423342115,5687.442717108425,0,122
test,2133,86.32466308051383,41.482149677156485,12492.024885952173,0,77
test,2134,39.07878704330939,40.725389954085585,2104.537329186695,0,71
test,2135,29.35243667337618,32.43909710617605,3335.606190929646,0,59
test,2136,31.876958853907425,26.17981146480961,2954.0867624501125,0,44
test,2137,371.386365665747,379.0374920470608,21836.766029714956,0,629
test,2138,28.19448131872397,27.48738609383267,1723.0857042217265,0,41
test,2139,52.88484518766318,38.138736271001214,8387.878931413343,0,68
test,2140,42.742924145247855,43.377163048846434,1574.1441227617763,0,77
test,2141,164.79816271905614,142.81092737578464,22014.02701611108,0,252
test,2142,59.85586036722858,59.78256728304622,7845.942207635534,0,101
test,2143,24.106826010465234,23.11464845493087,710.4625248511409,0,36
test,2144,95.29971194539388,92.36788566157604,1735.9214750002504,0,131
test,2145,44.937192872298404,37.55204840223896,5602.4831794548845,0,76
test,2146,22.11506545195143,20.319116640767206,1698.7757857667798,0,30
test,2147,28.914796501237788,31.656752819437116,2821.0861590757413,0,50
test,2148,195.64679052241885,204.2474199504032,16036.860576241861,0,347
test,2149,73.37181598674627,26.386507202746028,15113.053798928026,1,0
test,2150,197.87885017421192,204.741197118199,11730.455578643621,0,336
test,2151,59.11000870402877,58.719654612796575,5952.930914682302,0,101
test,2152,115.61818596256633,115.2370736442716,2160.4936269418167,0,207
test,2153,58.67215769638156,61.72090193722656,5402.858053671977,0,92
test,2154,88.56632551276877,82.54165256360878,8714.778489680362,0,148
test,2155,73.33152255179215,73.81911987871655,6213.307832273897,0,131
test,2156,65.74546621741344,68.63385339064153,3778.397515445826,0,117
test,2157,79.75185844485354,80.58695324041956,6626.404301453102,0,180
test,2158,57.398445708421356,58.660390574768044,3565.230307636849,0,102
test,2159,47.719624174139874,50.17309971407448,3377.8813347641117,0,74
test,2160,63.178097953267915,60.885728068618775,3567.0903091675227,0,103
test,2161,32.319082717984394,27.18480342897634,2013.568323002156,0,41
test,2162,30.7988225020288,31.251063411340695,2670.0839003476963,0,51
test,2163,53.36104904244673,36.49844305888731,5884.737664876518,0,53
test,2164,53.72945245601402,43.952105323097975,7556.58025490522,0,67
test,2165,54.64011429722832,45.999478690489426,8425.687603289958,0,71
test,2166,64.02833812401039,55.08725001467102,8106.021670126274,0,89
test,2167,39.89285057338961,43.06979321448172,3735.813659810608,0,84
test,2168,221.85860774197687,40.021945407635656,27721.12015360523,0,84
test,2169,137.29955768645087,127.71262215163604,12839.625314148063,0,235
test,2170,60.09923733229104,59.78256728304622,7866.352442996872,0,101
test,2171,100.55757545148155,101.29404990686746,5663.30693741022,0,145
test,2172,130.148028261433,130.12271247137787,4748.379964585597,0,208
test,2173,570.5601989593953,519.5544988946227,58488.75320032691,1,0
test,2174,75.13110378856321,77.27564129632583,2973.8381231329167,0,109
test,2175,158.86416503073065,167.095380981288,11612.977017519825,0,334
test,2176,333.81612058407876,360.0072756706465,41886.79006741175,0,609
test,2177,29.506554527388236,29.816673323309615,5256.6960886150455,0,55
test,2178,255.08309231619467,270.22952598283035,34199.18869808267,0,470
test,2179,49.08155747907729,49.30191891675137,3365.11164113622,0,75
test,2180,318.8796901808919,309.300823318143,8166.72645641909,0,578
test,2181,56.96263304051352,57.60724527755265,590.7777307446702,0,108
test,2182,139.81553489081185,134.18107474380676,4892.800221875172,0,199
test,2183,44.69097973475236,35.223076398391946,5213.153039371097,0,63
test,2184,69.24831043512191,66.61936241706303,1949.8404334217607,0,114
test,2185,37.99046776674167,39.95312525064524,3085.7181579893345,0,61
test,2186,31.394092770816435,33.25799957060609,1903.0938787811206,0,81
test,2187,260.84915253334964,238.9537036317072,16456.502514992935,0,384
test,2188,31.241037925641766,33.97631529797712,2933.0191455904915,0,57
test,2189,144.8729987619719,153.2327089113102,15101.31934540181,0,235
test,2190,133.88527152901145,134.77331470925154,2786.841677522107,0,232
test,2191,39.05618789789374,39.35387642679907,3646.498600931677,0,84
test,2192,193.16064430694945,201.18207549573847,9910.31941697017,0,458
test,2193,25.653826575571262,28.04292119596686,2581.989062811404,0,48
test,2194,30.301546927899974,26.81467468828316,3999.82136975054,0,46
test,2195,51.87136086270632,47.410582305462704,2348.006915621907,0,68
test,2196,81.9969112670875,20.175618157793288,7932.557188335769,0,34
test,2197,214.75336954804337,190.2503042687152,25976.84578739024,0,315
test,2198,51.333719745926864,50.82732522386678,1376.5833975600592,0,105
test,2199,51.6838098542727,51.11057835283956,1325.1218144814704,0,105
test,2200,64.02833812401039,55.08725001467102,8106.021670126274,0,89
test,2201,64.76270325604123,56.933830637588834,8538.614155352097,0,92
test,2202,38.51909166804067,29.953528534506717,4948.115048092363,0,45
test,2203,72.45991505299004,76.24559460832766,5609.009592466196,0,115
test,2204,191.3673203215436,185.58756979813407,12811.785247285181,0,349
test,2205,71.03885817162627,68.45924770028776,1305.9455378715045,0,95
test,2206,26.33827926674093,26.58806796007924,3749.209844558546,0,47
test,2207,51.07979880424961,22.241303718791166,6784.210708985105,0,36
test,2208,24.156419202537673,25.46169280088249,1377.8579965516863,0,45
test,2209,174.66834071229945,160.42936678256342,12010.55866505161,0,288
test,2210,122.13473935883799,118.30451488422989,16329.700554655488,0,187
test,2211,51.891811475477,51.512477319980945,5774.398699787168,0,81
test,2212,35.40614800692533,36.39358357742575,2551.7704320365174,0,59
test,2213,229.78622418018108,254.7954254949605,20523.046506407147,0,539
test,2214,116.81715715127854,126.3734851244892,7564.895266303876,0,274
test,2215,192.8942308555266,205.25686691960885,13176.391914388712,0,337
test,2216,197.2097060393276,204.24500557006326,6590.419616083427,0,286
test,2217,43.75447001125591,39.432055667854,5854.000968282921,0,82
test,2218,30.67956688647262,32.234296986122274,2251.52395750091,0,47
test,2219,245.48271055531154,222.12293760329442,16187.432620327414,0,350
test,2220,39.86523563645948,31.42397087117658,5347.464523148548,0,65
test,2221,195.65037332857335,203.82637395349693,11440.341417089421,0,441
test,2222,105.58023743827903,100.26510449301524,3750.1553578229777,0,234
test,2223,24.77167985898752,21.433070495747714,1397.7505178631232,0,30
test,2224,123.67694536782305,106.68752903961874,21622.51447368589,0,205
test,2225,124.47660447835632,123.76881963804874,1564.8899303555756,0,208
test,2226,292.59126682985885,300.0794016478275,11011.189358536001,0,430
test,2227,89.71219975656227,86.77215280090294,3396.095638082242,0,149
test,2228,68.8732942494075,53.582298560287434,9699.35697150972,0,97
test,2229,309.9999962164612,319.0797954530755,11513.707245916652,0,656
test,2230,137.03829447421302,146.48836103276167,15177.371097785815,0,327
test,2231,61.87434877659605,61.758243245326376,6362.190347173931,0,118
test,2232,241.06146980372748,237.40242270882132,4970.574229111119,0,457
test,2233,565.2483801187991,520.9080823668727,32703.627265249594,0,886
test,2234,42.272680995484826,44.207814457089135,4032.9059776046633,0,74
test,2235,49.29108388810937,40.657384944419896,7170.32793187138,0,66
test,2236,118.91209435719563,128.68528420987806,10667.688322991697,0,204
test,2237,189.2079626243317,204.49463228600112,17198.36764035569,0,426
test,2238,23.537304623747794,21.906127085981016,4234.538744592088,0,35
test,2239,82.16706533126712,79.56214839927661,2888.792657473804,0,138
test,2240,171.94737553558696,178.9108296609866,11267.702649007655,0,278
test,2241,208.39931853397866,215.6718727700144,7412.657139050911,0,328
test,2242,173.52818310309908,175.91136583714567,1525.8435503039602,0,309
test,2243,46.02120478755981,48.0439552604563,2628.0125834700184,0,70
test,2244,155.7255110454333,25.504730044485843,16101.733586940512,0,47
test,2245,532.5612347721614,489.33673835560813,40364.480204285814,1,0
test,2246,125.44526815814277,133.92607476359186,11805.98821412457,0,211
test,2247,116.00616501980089,64.2901487108106,16378.037706774734,0,118
test,2248,112.94536646542203,71.3640875193698,25626.774778979525,0,124
test,2249,82.82880425448681,66.61897758199031,9968.244531341128,0,136
test,2250,200.964451584078,196.26827568054756,17942.583897802357,0,323
test,2251,199.60144155779545,206.09215488296442,29638.236435696377,0,330
test,2252,39.91725267166987,43.047334000785604,3150.603118789087,0,67
test,2253,74.38679683907166,73.80495152891399,7106.279039102221,0,125
test,2254,55.626741349651965,58.94287042888908,4265.336593129083,0,99
test,2255,39.86523563645948,31.42397087117658,5347.464523148548,0,65
test,2256,208.51391244942704,230.9644661552827,22401.32462231586,0,469
test,2257,175.74044638100239,181.01073035520704,7555.291826621207,0,380
test,2258,109.8916133693458,61.32023428398114,15427.356630038312,0,106
test,2259,195.5205279017377,205.59193020363315,12851.686369465235,0,448
test,2260,259.7623108856911,260.02630626751136,17533.766401879726,0,562
test,2261,33.018267529966984,31.840652302350723,2844.785136309481,0,49
test,2262,136.421481635561,130.7609473531479,8342.91379613649,0,212
test,2263,201.76190227403904,212.61072010326063,9276.4239869634,0,495
test,2264,71.49701957669039,69.93201080270754,4313.838669553183,0,122
test,2265,151.2269947697877,148.43007350251472,6801.488845123335,0,290
test,2266,245.74331410179144,250.98515766700405,5429.318094479924,0,408
test,2267,37.41168276484048,38.27430267947557,4181.874629880166,0,63
test,2268,42.90052246518611,35.34353046595068,6157.381878717234,0,60
test,2269,23.3126323692347,24.60461328820885,1248.675869966392,0,50
test,2270,27.294197969297507,24.648585857938993,4697.394267932003,0,40
test,2271,25.031657810930316,27.594277480425763,2453.2239288444007,0,46
test,2272,187.92161613886822,193.8276773627607,14376.411924504342,0,367
test,2273,227.22949180545572,247.27600472210378,25254.56277260019,0,416
test,2274,228.63532682245935,224.75510754722737,10704.89509163271,0,359
test,2275,252.9543260448656,253.3846068387309,8067.942553502039,0,405
test,2276,243.12389216625652,252.41241307989486,13578.768788612517,0,371
test,2277,167.66965975596835,160.86322127437134,30686.40402341352,0,242
test,2278,235.18087617773878,251.30672907616292,20759.38824470374,0,519
test,2279,98.4918497013627,99.73449173992323,1599.8108749648186,0,173
test,2280,51.42554390170081,54.36036343922907,4750.021367163782,0,90
test,2281,75.4582916529045,79.65830206476812,3706.9238517651115,0,139
test,2282,221.90710491270283,216.39416715790637,4139.481435457256,0,299
test,2283,74.81581086142477,58.44875132811907,12605.70327306347,0,111
test,2284,42.285165418437884,44.392769786120624,2276.3158613386745,0,65
test,2285,72.87262643195474,79.37858781563855,7625.737856416784,0,124
test,2286,53.019042557783045,55.893276978585654,6257.689920090258,0,89
test,2287,49.98072686626571,38.65667447369813,9560.512752352395,0,69
test,2288,145.04427203956521,155.41806176684088,12232.024877202271,0,245
test,2289,176.51080766397646,188.15152375671107,14158.480858161156,0,299
test,2290,42.61997148158882,43.04868059078968,2111.706960179909,0,69
test,2291,49.0456572631984,54.54359439547617,5348.642895314388,0,102
test,2292,24.925615122923823,26.749197000317395,2064.3587208817894,0,42
test,2293,27.727851951235262,23.8361911025155,1944.4583283394416,0,36
test,2294,43.798781885552415,38.830243003629235,8146.413167086535,0,71
test,2295,29.4822273616765,31.529406012511767,1962.7630505963834,1,0
test,2296,37.3052518482263,34.89609189675542,1374.177884444546,0,72
test,2297,51.15880408765013,50.64353271763888,618.1421012379628,0,79
test,2298,35.03633003546735,35.3647299933571,390.6415326584527,0,63
test,2299,33.416462488094915,36.177233345001035,3352.3278047345234,0,57
test,2300,43.16536641957846,43.36608129107797,262.071738419681,0,79
test,2301,92.63000709663886,102.02321655627703,10436.020167684632,0,174
test,2302,83.07764279562448,75.59660567831143,4409.4754072103615,0,110
test,2303,138.83598816871782,143.1086805337934,13201.98733369402,0,258
test,2304,92.56573712453437,97.47937368578539,6247.005262611679,0,149
test,2305,86.22316966423337,90.00518783100456,14562.148014401562,0,157
test,2306,43.58412257613667,44.85427735060354,1985.3186024110137,0,64
test,2307,233.30246797508516,241.2841137995507,16771.686627703246,0,404
test,2308,68.5313967930597,66.08305501574665,4985.847997026223,0,102
test,2309,40.776546105338255,37.842284081834464,2750.1280978510836,0,65
test,2310,99.20485053524847,98.22955605360262,4546.351344493809,0,245
test,2311,186.0504465736011,189.4289786969871,13986.00781680706,0,308
test,2312,95.90116383812861,97.53707140090856,3061.602397445195,0,148
test,2313,457.7813589420515,438.744515767564,36744.91889304427,1,0
test,2314,43.216405359366284,38.57969739940085,8018.243677906328,0,71
test,2315,35.66586422432987,37.019263342560755,1374.0985357975349,0,74
test,2316,35.47676995394507,36.77051898011891,1287.3053811646753,0,74
test,2317,29.4822273616765,31.529406012511767,1962.7630505963834,1,0
test,2318,24.24202987000139,24.47775811836512,2560.6600772158067,0,40
test,2319,34.16669884894311,26.454316283687913,3562.934917917078,0,54
test,2320,47.07565347948902,45.40472125329401,1628.2661096133318,0,93
test,2321,38.55153423921515,41.30371578035077,3884.766851369273,0,67
test,2322,22.998144891596702,22.17908523846468,4013.5447985147684,0,37
test,2323,70.2072043953741,74.58922851340296,6767.238190083916,0,115
test,2324,62.61163298283623,24.476096848056745,14681.655169041967,0,40
test,2325,47.218718646481086,47.86557908099815,4377.179589423832,0,75
