split,route_idx,vessel_type,gt_arc_km,gt_start_lon,gt_start_lat,gt_end_lon,gt_end_lat,knn_dist_top1_km,ade_raw_m,ade_router_m,ade_retr_top1_m,ade_gc_m
val,0,70,447.5024108886719,-76.97614288330078,28.071874618530273,-80.11910247802734,26.07309913635254,114.80273056030273,23716.292223673914,23733.88304124295,87739.86816675159,34427.88719486752
val,1,71,108.75010681152344,-120.31267547607422,34.270389556884766,-119.18195343017578,33.99734878540039,12.33242130279541,3547.2167020393535,3543.606291481109,12272.206302935843,1385.990086773607
val,2,60,75.4971923828125,-94.80242156982422,29.312259674072266,-94.56633758544922,28.779939651489258,3.066493272781372,5236.377912194323,5332.03818327842,3204.0976938265135,7702.514529613323
val,3,70,29.876934051513672,-90.21070098876953,28.699520111083984,-90.22164916992188,28.958770751953125,5.061267256736755,1444.3863461460176,1509.0661408564686,5165.839566686956,670.6051795878758
val,4,60,65.85260009765625,-89.5000228881836,28.971160888671875,-90.16676330566406,29.049579620361328,0.4414191860705614,1430.104895601361,1453.6069801486628,426.73140922894527,405.37204831314335
val,5,74,55.95598602294922,-122.18766784667969,35.965999603271484,-122.25232696533203,36.32350158691406,27.66033935546875,7489.245881888651,7471.506430268088,31375.847642346835,7875.198221050994
val,6,70,523.5198974609375,-118.25652313232422,33.72969055175781,-122.23531341552734,36.27254867553711,3.053951481357217,17429.49821613313,17416.162571419925,10544.655503545368,54065.48445681035
val,7,60,37.97218322753906,-65.30307006835938,18.301319122314453,-65.6196517944336,18.22784996032715,0.017307779286056757,1758.5980365314729,1780.9109732594993,756.5406617899355,2520.5748002470596
val,8,60,23.373184204101562,-71.55693817138672,41.17390060424805,-71.51139068603516,41.379581451416016,0.005701936781406403,283.45375540009286,374.46129782980086,355.6423901633172,215.2842960699656
val,9,60,65.7857894897461,-119.20391845703125,34.14773941040039,-119.84847259521484,34.32265853881836,3.1079953759908676,4297.723068866328,4344.304306708444,4587.259928378278,1781.416732301096
val,10,60,23.360279083251953,-71.55695343017578,41.17390060424805,-71.51138305664062,41.37958908081055,0.004773360153194517,336.4158656196632,413.1355834259194,386.09036781247096,217.56853531396467
val,11,60,23.148698806762695,-71.51139068603516,41.37955093383789,-71.55506896972656,41.175689697265625,0.01980620832182467,267.1747848588406,379.42796677067673,130.56958375162802,269.05655032192357
val,12,80,88.25857543945312,-119.59539794921875,26.440824508666992,-118.84538269042969,26.019800186157227,60.00433158874512,660.0030171424615,703.6499007520936,59848.831722793366,221.22248872084288
val,13,70,180.3431854248047,-120.74043273925781,33.22306442260742,-119.21450805664062,34.13248825073242,27.157195806503296,5238.416473107176,5246.515834970874,28386.63171096291,9079.603112142899
val,14,70,31.94144630432129,-88.02626037597656,30.074260711669922,-88.02892303466797,30.322799682617188,2.923367738723755,3628.3399006112863,3618.79193748572,3061.4834567627768,2510.878647702522
val,15,80,72.87535858154297,-73.24596405029297,39.98128128051758,-72.53022766113281,39.6249885559082,21.320537567138672,1421.9605673226415,1448.340045858935,18161.832068249638,126.47514793519309
val,16,60,20.40993309020996,-80.0291519165039,26.42344093322754,-80.01673126220703,26.606460571289062,16.827933073043823,1214.2343435157504,1242.195521507525,21986.252481566742,127.33413423653889
val,17,80,67.50588989257812,-83.90766143798828,46.05326843261719,-84.32704162597656,46.50320053100586,2.116251826286316,3834.310963116703,3844.0843035014086,955.3418244688856,3144.179115239611
val,18,66,153.57272338867188,-94.77876281738281,29.314470291137695,-93.6288070678711,28.477890014648438,9.199247643351555,4106.037163307832,4147.953870438699,8854.292782387165,4485.225586998828
val,19,70,27.867252349853516,-94.5543212890625,29.19028091430664,-94.42485809326172,29.01515007019043,5.887647867202759,3372.8690639208717,3391.7494908529375,3897.7706773838477,4057.1653211490952
val,20,71,161.41082763671875,-80.61971282958984,31.932180404663086,-79.01106262207031,32.358741760253906,22.3878875374794,2087.4615708693245,2109.788791639591,16222.089001532479,6881.855649100807
val,21,60,37.95808792114258,-65.61934661865234,18.2291202545166,-65.30307006835938,18.30130958557129,0.0018652899889275432,1832.861973258014,1799.047902264449,173.59891923593273,3017.1065774179756
val,22,70,32.8375129699707,-64.94634246826172,18.335359573364258,-64.6690673828125,18.317630767822266,1.645170047879219,1660.9720942102647,1513.9816034685082,1489.3115667535806,3628.8342005675795
val,23,70,484.0497131347656,-85.56248474121094,46.95396423339844,-91.6714096069336,47.015079498291016,3.4953836873173714,14063.510390776328,14071.41566048208,5317.544415523137,31123.76507588677
val,24,70,135.89102172851562,-79.72576904296875,24.683990478515625,-79.5171127319336,25.890310287475586,7.192356467247009,3932.161961293862,3955.2605138881704,5006.449386372348,663.3762850171698
val,25,80,152.6036834716797,-93.34113311767578,29.77511978149414,-93.09429168701172,28.470779418945312,3.2225786820054054,4229.361632308983,4270.521366207942,4013.1152952877633,3443.3533571697544
val,26,60,134.111328125,-64.9294204711914,18.302310943603516,-64.94638061523438,17.709890365600586,5.070075750350952,24670.172116601876,24680.86885439729,9003.320656709495,25363.964384578445
val,27,60,97.3984375,-86.45221710205078,43.94955062866211,-87.65106964111328,44.09088134765625,59.25814437866211,1989.0325187314725,2009.986888653589,44741.21240480315,1342.405631445038
val,28,60,403.3573303222656,-80.69685363769531,29.843385696411133,-79.10655212402344,26.5698299407959,67.4294261932373,21303.72430943627,21313.665998771594,75033.65882932369,15585.400727707067
val,29,70,163.66079711914062,-85.83666229248047,29.93483543395996,-86.47744750976562,28.575159072875977,55.83914566040039,7156.225403885721,7164.458398117512,45360.22085670031,974.3566514084275
val,30,80,1323.0054931640625,-124.28275299072266,38.903343200683594,-118.57099151611328,32.62018966674805,112.22738265991211,142640.50486536502,142646.06988564951,142052.08214361581,169671.88857906664
val,31,60,23.361032485961914,-71.55708312988281,41.17396926879883,-71.5113525390625,41.37957000732422,0.003564507467672229,413.92615932643685,462.2799851057601,132.7992386705666,505.39358782452206
val,32,80,84.63125610351562,-95.30840301513672,28.944480895996094,-94.61737823486328,28.96623992919922,1.4152437448501587,8886.317887045,8895.79350163657,2167.0079522584215,10714.212903117712
val,33,80,259.454345703125,-95.69139099121094,27.876489639282227,-95.04519653320312,25.89961051940918,33.08177900314331,16274.876218714908,16273.996517044601,21293.944957092714,17854.715257659005
val,34,70,48.960716247558594,-91.66010284423828,29.039270401000977,-91.20436096191406,28.866289138793945,13.33395004272461,2389.8891549627833,2414.5565209211277,11662.780203810446,1084.2149456374711
val,35,80,51.197227478027344,-92.26878356933594,26.374725341796875,-92.4291000366211,26.810909271240234,20.31399393081665,1233.1446777637098,1262.1182584087358,19299.75849883639,605.0151441834868
val,36,80,110.29210662841797,-94.65435791015625,29.16058921813965,-94.42243194580078,28.27630043029785,3.876461386680603,5189.731399916001,5189.844717500943,2956.0778142601844,9996.505104824046
val,37,70,141.6227264404297,-88.0382080078125,30.698280334472656,-87.59255981445312,29.56829071044922,3.4990880489349365,5520.735497315392,5646.56985937396,2205.0288819185344,10020.944903790565
val,38,82,222.37127685546875,-79.52084350585938,26.162145614624023,-80.24432373046875,24.4366397857666,27.744035720825195,7051.842334253665,7054.088731587809,23123.39412262782,19008.87003100739
val,39,89,44.091270446777344,-79.29850769042969,26.22014045715332,-79.55493927001953,25.9313907623291,9.965389251708984,3735.5414363417203,3756.6208712341418,10865.564460288948,4265.453611354268
val,40,70,185.4060516357422,-117.38546752929688,23.372024536132812,-115.75385284423828,22.648710250854492,18.07076406478882,3373.7130852564173,3406.1965560986177,14093.288358550082,758.5616076214571
val,41,60,78.84446716308594,-118.3875732421875,32.81707000732422,-119.08043670654297,32.42961883544922,24.514050483703613,2987.4152604321916,2984.7196340667056,13288.397823256482,1000.7474878549672
val,42,60,23.368982315063477,-71.55706024169922,41.173988342285156,-71.5122299194336,41.3801383972168,0.02818767912685871,354.99267534575176,435.686419226026,200.90781015166453,445.50070794588254
val,43,60,32.33668899536133,-119.17466735839844,32.72666931152344,-119.12271881103516,32.45941162109375,4.715627908706665,1726.6140605564347,1729.7715128862412,4298.715891674021,2215.9355725172213
val,44,60,97.27581787109375,-87.65080261230469,44.09067153930664,-86.45249938964844,43.949668884277344,70.05917358398438,1271.9055614013816,1306.8455068156998,59445.12324274811,529.3464262950156
val,45,70,81.17623901367188,-94.62586975097656,27.827869415283203,-94.69196319580078,28.479999542236328,30.38861846923828,4225.15435477455,4282.565655438787,22778.500330158284,5482.967071290364
val,46,70,157.1614227294922,-115.5914077758789,27.69593048095703,-116.27047729492188,28.972469329833984,37.78228282928467,2603.134808429277,2589.387353286476,38057.88482123479,2035.033359896313
val,47,60,37.53567123413086,-65.30307006835938,18.30130958557129,-65.61984252929688,18.22825050354004,0.01618195208720863,1603.0492985261405,1614.964515913647,804.7473719753771,2448.6970865701874
val,48,79,184.627685546875,-94.39527130126953,24.2468204498291,-95.97496795654297,23.431209564208984,38.48018836975098,7656.329267069972,7646.218966556335,38403.95986179372,890.5631016027336
val,49,70,38.557987213134766,-86.89961242675781,46.63338851928711,-87.38929748535156,46.58015060424805,20.767790988087654,1360.2376308526077,1378.038670124632,19840.468873926333,741.8245850093841
val,50,60,289.04833984375,-81.60276794433594,24.33836555480957,-79.2048568725586,25.416629791259766,25.206114292144775,10564.588005489735,10564.981015770549,26740.804508400426,26316.168527601527
val,51,60,23.44915771484375,-71.51136016845703,41.379581451416016,-71.55693817138672,41.17388916015625,0.004679671139456332,336.61517721378874,431.23732803009915,57.58281337285324,345.77401959154395
val,52,80,77.11575317382812,-123.56761169433594,28.66473960876465,-123.86531066894531,29.307470321655273,69.54634094238281,1734.2741097857165,1759.2944566761983,39600.604367366985,57.613191605581456
val,53,70,43.53188705444336,-88.38522338867188,24.382579803466797,-88.21482849121094,24.7420597076416,52.723304748535156,1127.0977828169584,1137.7194361957047,50798.18528783143,52.40461599787619
val,54,82,22.74794578552246,-117.85133361816406,30.511579513549805,-117.70816040039062,30.352649688720703,11.056641101837158,850.7124744995016,885.79032899423,19005.650357194634,632.0400050240273
val,55,60,78.01467895507812,-93.47894287109375,29.560279846191406,-93.33171844482422,29.783349990844727,1.2637282311916351,10611.706771046727,10658.773469822727,9746.651862911065,11480.039413930821
val,56,79,241.7415008544922,-65.29470825195312,43.216026306152344,-66.60671997070312,41.54568099975586,87.53900909423828,31427.7963083477,31405.512599434835,74722.33430422071,27373.788877921703
val,57,70,55.698211669921875,-94.80178833007812,29.308509826660156,-94.34668731689453,29.11917495727539,7.124150037765503,3675.50816291281,3805.3537345304785,3818.7069008417575,3858.2470403370453
val,58,60,41.52402114868164,-74.10974884033203,39.76144027709961,-74.00807189941406,40.1138801574707,13.980550289154053,900.5565167949948,892.8326588875179,11382.02970150697,1135.4194868224115
val,59,80,174.48004150390625,-96.39891815185547,27.813589096069336,-95.17664337158203,26.806739807128906,10.259675741195679,6854.749929497724,6889.72642343392,13378.351703557204,6984.9619899410145
val,60,70,28.48562240600586,-64.94640350341797,18.335369110107422,-64.69859313964844,18.289539337158203,1.426879957318306,947.1989649704255,1062.8786182033414,1359.7773221947666,2368.704954975037
val,61,60,37.69637680053711,-65.61927032470703,18.229249954223633,-65.30307006835938,18.301300048828125,0.0003605337697081268,1702.9442790099226,1667.0746258496151,137.2837992237373,2896.429554393179
val,62,60,23.577783584594727,-71.55697631835938,41.173851013183594,-71.51142120361328,41.37947082519531,0.006911888485774398,673.7244107462836,723.6758706555337,294.00676574091307,831.6520188904279
val,63,80,40.178646087646484,-90.00250244140625,28.88775062561035,-89.90509033203125,28.584009170532227,0.5086508095264435,3727.493479029086,3738.225731724963,625.9055830638649,4398.31166566393
val,64,81,151.83541870117188,-94.61103057861328,29.07341957092285,-93.62286376953125,29.407020568847656,19.128079414367676,22279.50663707635,22259.99867865743,39931.80306388363,28650.16971335676
val,65,60,23.486289978027344,-71.55693817138672,41.17390060424805,-71.51136779785156,41.379600524902344,0.0042776684276759624,505.2829249419395,565.9808284315931,136.88457189197538,627.0196691020215
val,66,80,30.22920799255371,-67.78826904296875,19.03220558166504,-68.05476379394531,19.13450050354004,24.914021492004395,596.7087995734939,634.461162928039,18633.69762267319,80.8738172679
val,67,70,80.94976806640625,-94.72386932373047,29.34225082397461,-94.33473205566406,28.715309143066406,3.459777593612671,3224.2589832104572,3256.6033449109373,3723.119068322112,1402.7967356989896
val,68,80,53.330726623535156,-96.40299987792969,27.713600158691406,-96.80390167236328,27.817989349365234,2.492249369621277,6094.239589433945,6107.1657190562555,8458.36669160589,6652.313364170182
val,69,70,124.41740417480469,-73.29238891601562,39.70296859741211,-73.96286010742188,40.097511291503906,18.42488145828247,12055.294006577633,12058.539825127957,13488.198578510208,14249.13310130312
val,70,70,347.3558654785156,-118.25630950927734,33.72972869873047,-121.284912109375,35.02516555786133,3.9698573648929596,12086.291625925198,11938.045523952745,7117.146917669981,20814.423677150175
val,71,69,146.41505432128906,-79.50755310058594,25.047590255737305,-79.52127075195312,26.042879104614258,32.14730405807495,14882.125746667793,14852.952939252298,40824.79576606448,17484.135138224625
val,72,70,146.1640167236328,-83.42163848876953,45.29745864868164,-84.24382781982422,46.40155029296875,6.792573476675898,6221.677942316393,6234.084274317737,6725.541335369602,2924.099641403002
val,73,66,26.320104598999023,-94.53864288330078,29.293729782104492,-94.77873229980469,29.31454086303711,0.2571744528831914,2045.7535594575584,2315.206592975891,791.2920983446752,2110.7214242557448
val,74,79,264.34063720703125,-95.10272216796875,23.119220733642578,-95.64990234375,20.797409057617188,64.90696907043457,5993.228178428951,6011.680690086512,64311.306385228054,451.71239511793596
val,75,70,27.132259368896484,-90.3199462890625,28.520950317382812,-90.28318786621094,28.76141929626465,2.8434704542160034,1514.448529299815,1541.9753412318028,2161.566615145499,584.4276900385896
val,76,70,35.99116897583008,-73.17561340332031,41.1705207824707,-72.9463882446289,41.0317497253418,16.3948734998703,3972.82399755262,3956.109720779111,16207.260911356756,4474.874219485132
val,77,66,26.783029556274414,-94.7787094116211,29.314489364624023,-94.52955627441406,29.31549072265625,0.17897383868694305,2353.5258298025433,2541.6840949240946,445.3650579419581,2053.7219494961255
val,78,70,68.78081512451172,-73.17400360107422,41.169410705566406,-73.02232360839844,41.02096176147461,19.381051301956177,10966.369412626787,10922.91694261435,15193.690219047654,12216.351158099806
val,79,70,264.0804443359375,-94.794189453125,29.315019607543945,-93.54203796386719,27.307790756225586,19.079883575439453,12477.052433930221,12490.402732074346,34194.67321841922,7185.800260599213
val,80,80,320.1451416015625,-66.76677703857422,17.99382972717285,-64.58251953125,16.032119750976562,45.85816753655672,3468.602218918976,3470.183354028837,56096.16286367436,2674.0157381082477
val,81,70,88.55921936035156,-93.3322982788086,29.78322982788086,-92.63777923583984,29.32015037536621,5.982223313301802,3085.9427959806894,3136.0477280999635,5931.059889301123,3898.8644878925143
val,82,60,30.210437774658203,-89.30831146240234,29.39995002746582,-89.12674713134766,29.581350326538086,14.200571060180664,1413.8957502562694,1421.4604414518765,13998.973068432282,1620.7802861486182
val,83,60,66.96442413330078,-85.7470932006836,30.148399353027344,-86.0856704711914,29.65903091430664,12.039563417434692,4837.455552793988,4908.220967327419,36949.32684387213,2140.197184023991
val,84,60,23.400327682495117,-71.55693054199219,41.17388153076172,-71.51139068603516,41.37958908081055,0.004798826761543751,421.508777408411,479.10956422526397,129.2311763965186,470.05496947369323
val,85,60,23.473800659179688,-71.55708312988281,41.1739616394043,-71.51136779785156,41.37957000732422,0.004040478961542249,386.06599846874326,439.5553435939248,103.08570639219893,491.24063542698894
val,86,70,533.40869140625,-72.86386108398438,41.178279876708984,-74.09530639648438,38.71818923950195,30.336707592010498,47257.76224629573,47657.11392763838,31330.72960541059,75903.81294845931
val,87,70,262.2429504394531,-67.7001953125,18.003625869750977,-66.1512222290039,16.41990089416504,29.74030303955078,9315.175007948717,9337.781821632996,19897.036603234246,23717.17102307912
val,88,70,39.30136489868164,-78.94190979003906,29.63266944885254,-79.14990997314453,29.9365291595459,43.45739555358887,564.3297081364026,599.9718660434454,42530.90715602021,27.035373785835755
val,89,80,751.00439453125,-118.48420715332031,32.60776901245117,-118.11872863769531,32.619468688964844,25.83405590057373,35294.14857423597,35288.05962051397,42950.755789231865,35308.15677713725
val,90,70,25.680191040039062,-82.99815368652344,27.586694717407227,-82.74037170410156,27.605369567871094,3.1046427190303802,841.5714819481682,859.4371444181139,869.3132060821398,642.6165557016254
val,91,66,25.20067596435547,-94.54670715332031,29.32447052001953,-94.7787094116211,29.314470291137695,0.27461167983710766,1641.2320350876369,1941.8165185234884,375.2877763982008,1534.1068028555128
val,92,60,29.71677589416504,-89.03515625,29.400920867919922,-88.76113891601562,29.28717041015625,2.324425306171179,980.1904569503251,1007.8130045946327,2069.3279070906547,447.099605006457
val,93,60,23.42767333984375,-71.55693054199219,41.17388916015625,-71.51136016845703,41.379600524902344,0.004604942514561117,394.67081959095793,451.81068995998265,146.54782120183046,413.1516298909814
val,94,70,86.91481018066406,-80.11566162109375,26.065799713134766,-79.42694091796875,25.997699737548828,1.5208320943638682,10958.701443875356,10980.55210772377,14665.635754624112,9891.268132316425
val,95,80,47.08210754394531,-95.31851959228516,28.939029693603516,-94.9941635131836,28.644969940185547,1.2310775816440582,1884.984364696434,1970.0449624111734,804.2903432100045,1111.8120399194306
val,96,80,50.03184509277344,-94.4188232421875,27.59844970703125,-94.4173812866211,27.148639678955078,29.695000648498535,1382.1290536020476,1400.3763833987555,27419.389322056508,151.61339670950736
val,97,60,34.56128692626953,-94.80262756347656,29.312440872192383,-94.48558044433594,29.254169464111328,0.5091751646250486,2845.378624060456,3107.8245343443173,578.1420547798128,2743.078880657004
val,98,60,23.374893188476562,-71.55696868896484,41.17390823364258,-71.51139068603516,41.379581451416016,0.005390075501054525,409.4354910198144,466.31647971077297,71.61915684875439,504.82089302827006
val,99,60,37.60961151123047,-65.61934661865234,18.2291202545166,-65.30307006835938,18.301279067993164,0.001442584878532216,1653.2444085421614,1618.673008414914,344.71741378056754,2848.253256253028
val,100,60,27.172340393066406,-89.8039779663086,28.949440002441406,-89.97926330566406,29.101520538330078,8.912049770355225,1061.386204152905,1083.7169989166978,7096.656403695665,1037.3885874343189
val,101,60,37.72319030761719,-65.30307006835938,18.301279067993164,-65.61940002441406,18.229110717773438,0.0009301464015152305,1865.4837891563811,1847.2079482797592,256.01253536699795,2824.409259194426
val,102,60,83.9828872680664,-95.62032318115234,28.314449310302734,-95.28607177734375,28.96796989440918,0.008975005242973566,2218.349420064205,2337.2528370423506,4145.450192823588,5320.844859402422
val,103,66,108.83348846435547,-94.27388000488281,28.53268051147461,-94.77873229980469,29.314550399780273,7.116560637950897,5259.827702132165,5325.417444064007,7099.6635649310665,6229.615287059264
val,104,60,51.30141067504883,-119.20218658447266,34.14833068847656,-119.55242156982422,34.33536148071289,0.06936484016478062,4164.645597466335,4125.800607690685,4246.654204164738,4648.931056099146
val,105,70,48.12232971191406,-73.17405700683594,41.16944122314453,-72.7135009765625,41.015830993652344,10.774124383926392,3695.313241548104,3656.1151577756164,10593.758453045943,4036.357295594886
val,106,89,48.880184173583984,-121.31057739257812,32.98442840576172,-121.01531982421875,32.62171936035156,54.808454513549805,878.7453555174895,914.4576306650729,54723.386918918346,62.76111467154813
val,107,60,62.306575775146484,-87.21868896484375,44.040889739990234,-86.45198059082031,43.9493408203125,35.67793941497803,1745.402788536951,1750.0454893781887,24324.504810548642,586.0166813480124
val,108,81,61.93180465698242,-86.4136734008789,24.26467514038086,-85.81681823730469,24.147920608520508,37.5713996887207,1601.0452898686794,1614.494210548963,36065.82950364024,110.39824107815294
val,109,69,142.44810485839844,-66.0212173461914,18.729175567626953,-64.8835220336914,18.174549102783203,10.898766160011292,5594.062920310982,5599.868610806642,16779.883261917916,7251.723076775722
val,110,70,460.70404052734375,-70.76020050048828,43.08351135253906,-70.28443908691406,39.73353958129883,46.12233352661133,21467.272943254964,21548.98545810931,58763.53468247711,64184.11211699418
val,111,89,154.11712646484375,-89.34896087646484,28.885360717773438,-88.78439331054688,27.676759719848633,3.756813794374466,4817.872705820238,4801.866041157154,3189.7478323334954,6037.878467247227
val,112,70,1012.0146484375,-81.54937744140625,30.397380828857422,-74.54850006103516,36.666290283203125,26.243746280670166,56530.83315410845,56532.41721577922,55051.83654540599,47189.732712947116
val,113,71,184.10223388671875,-80.05084991455078,26.767860412597656,-80.04900360107422,25.160545349121094,13.30395221710205,5073.559617786199,5081.43823219992,13136.696530528503,7193.934919159722
val,114,60,23.38990592956543,-71.55693817138672,41.173828125,-71.51136016845703,41.37958908081055,0.003542262245900929,349.06981983848505,430.89239991002665,90.45963976329932,477.24868277462826
val,115,60,97.46027374267578,-86.4520263671875,43.94948959350586,-87.65122985839844,44.09095001220703,59.26957702636719,2222.637231116681,2242.169232739371,44532.53128041208,1575.9541694526044
val,116,60,23.473981857299805,-71.51138305664062,41.379600524902344,-71.55693054199219,41.173919677734375,0.005538805678952485,374.369952131887,458.8819869960899,143.8075338270824,328.9658837200186
val,117,70,47.60374069213867,-92.03984069824219,26.132509231567383,-91.82907104492188,26.51654052734375,14.100504875183105,668.0449779801387,701.8968908989245,13331.942593351276,65.51360484854497
val,118,60,97.41459655761719,-86.45233154296875,43.94929122924805,-87.65077209472656,44.09075927734375,59.25934600830078,2385.828758465389,2400.6417735891628,44398.4358325924,1738.9123041540154
val,119,70,44.22317886352539,-91.64212036132812,26.926250457763672,-91.31758880615234,26.653959274291992,31.121191024780273,1097.2003463289386,1133.3974532331993,16688.72796338662,105.47256318064508
val,120,70,91.8923110961914,-95.26799774169922,28.872970581054688,-94.80394744873047,29.312179565429688,9.716075897216797,9715.849573746304,9855.845444120647,21693.38307791321,11083.75183056447
val,121,60,37.87033462524414,-65.61939239501953,18.229110717773438,-65.30307006835938,18.30129051208496,0.0003605337697081268,1866.8611038606352,1830.401226301699,484.41466804380696,3058.9503438656643
val,122,60,23.3707275390625,-71.55697631835938,41.173919677734375,-71.51141357421875,41.37958908081055,0.006507613928988576,305.95173158467236,392.06353218385516,356.43204699552615,235.07746813166418
val,123,60,282.3501281738281,-76.21308898925781,38.040706634521484,-74.70319366455078,37.733341217041016,22.151711463928223,45370.72866756807,45458.50932580841,13774.486023088264,61373.08170688948
val,124,60,38.16315841674805,-65.30307006835938,18.301300048828125,-65.61939239501953,18.229129791259766,0.001165685593150556,2323.0560255166,2293.485008778999,732.2758070122915,3318.4673077997663
val,125,60,52.741249084472656,-90.02764892578125,29.02931022644043,-89.5009536743164,28.970399856567383,0.9353042244911194,1996.5357415809249,2013.3679803131006,2333.238325025984,571.0511054896751
val,126,80,213.6674346923828,-72.69143676757812,40.37153625488281,-70.17131805419922,40.41912841796875,21.924448013305664,4766.660004804592,4773.845714770412,11155.640626158505,333.2728049573625
val,127,80,298.4072570800781,-95.31707763671875,28.943309783935547,-94.42035675048828,26.573829650878906,15.025099277496338,14121.720009447732,14156.157315463566,7252.817535663605,26452.488053625828
val,128,66,90.76598358154297,-95.3201904296875,28.93824005126953,-94.77874755859375,29.314550399780273,1.2274945974349976,3679.716463296084,3840.6997097688427,1356.9664644898105,9090.178621797504
val,129,70,59.95835494995117,-94.61710357666016,28.75745964050293,-94.55502319335938,28.22110939025879,13.0630521774292,2531.377490283618,2541.5182722327913,9410.375365959546,154.04622643995665
val,130,70,72.9817886352539,-80.12229919433594,26.090599060058594,-79.42521667480469,26.16636085510254,1.7752819657325745,4277.594012523377,4325.736944632878,7988.43035962805,3256.0044825794057
val,131,70,357.0023193359375,-86.42056274414062,44.790889739990234,-87.43785095214844,41.67544937133789,8.766633987426758,11945.389891602868,11946.350314165975,10048.926132068487,1741.393800135361
val,132,80,186.85504150390625,-118.16860961914062,33.73569107055664,-117.5854721069336,32.204498291015625,3.9937447905540466,6905.893269204281,6927.923250447585,5160.093324961162,6480.31368842792
val,133,80,73.33020782470703,-94.20249938964844,28.52927017211914,-94.59867858886719,28.964509963989258,10.545266389846802,5037.29134745808,5045.851061074122,14055.250016502785,4446.863870271668
val,134,60,37.84762191772461,-85.7332992553711,30.138240814208984,-85.97966003417969,29.906600952148438,5.438198506832123,1531.2050900961153,1609.6657766944538,6301.396585140246,1838.90592800515
val,135,70,427.6471862792969,-84.35204315185547,46.502281188964844,-82.39372253417969,43.09601974487305,1.055769830942154,15853.927417937808,15844.030889678595,2577.0681874863426,25550.418630123764
val,136,70,293.30084228515625,-84.3598403930664,46.502830505371094,-82.64186096191406,44.25120162963867,6.855090379714966,9578.118237591243,9573.796853346934,4451.357782741164,10128.884193934595
val,137,60,138.2623291015625,-118.2688980102539,33.73503875732422,-119.5125732421875,34.13151931762695,11.574554607272148,7524.379338254219,7548.423567614346,14246.889687707531,7452.898271516045
val,138,80,280.91680908203125,-94.6404037475586,29.18037986755371,-96.91902923583984,27.821929931640625,3.9256218671798706,4260.171203490957,4302.357252469697,3586.936332549451,13350.034667439693
val,139,60,23.424442291259766,-71.51136016845703,41.379581451416016,-71.55695343017578,41.17390823364258,0.005084668635390699,381.53278499843947,469.32662364974726,148.20276116629384,404.44896343263747
val,140,60,97.36021423339844,-86.45252227783203,43.94969940185547,-87.6507568359375,44.090789794921875,59.23537254333496,1777.4282379722083,1792.4718668631626,44936.711936064086,1126.684768106539
val,141,60,41.13833999633789,-80.11448669433594,26.055530548095703,-80.09102630615234,25.786149978637695,5.358196020126343,3796.8093080361705,3832.8781614393283,3633.412951292449,4999.944455739392
val,142,60,38.13591766357422,-65.61937713623047,18.229169845581055,-65.30307006835938,18.30130958557129,0.0011392252054065466,2095.640460610559,2050.4227296882214,528.5342292348171,3299.8864567973205
val,143,70,152.2588348388672,-94.79424285888672,29.315080642700195,-94.64720916748047,28.07978057861328,4.343808829784393,7261.973144551483,7314.055683115813,10374.125763346747,9187.13600697399
val,144,70,33.772735595703125,-64.94625091552734,18.33530044555664,-64.66224670410156,18.325000762939453,1.2762795686721802,1835.5759996324923,1587.4500465800886,1027.3006963208525,3820.683817730059
val,145,60,23.417078018188477,-71.51138305664062,41.37955856323242,-71.55696868896484,41.17388153076172,0.0038495799526572227,328.36504244116,426.0578716691277,78.14188000079442,298.36212403016515
val,146,70,146.38665771484375,-69.3026351928711,40.56829071044922,-71.03327178955078,40.53879165649414,16.712953329086304,1293.852929409427,1338.5290328376968,16729.765639890855,899.637499502445
val,147,70,432.8309326171875,-68.3858413696289,19.64382553100586,-64.28809356689453,19.19512939453125,21.212763786315918,6903.662999277474,6920.971555682813,18800.44204952938,1493.8682663260483
val,148,60,25.857440948486328,-71.51139068603516,41.37955856323242,-71.55695343017578,41.17390060424805,0.005328915314748883,2001.1097907049914,2076.5763195686527,2054.7667506170305,1827.6224269354705
val,149,66,25.871761322021484,-94.53856658935547,29.304889678955078,-94.77880859375,29.31471061706543,0.2638314254581928,1901.3790907315824,2184.1711059879453,346.351582593745,1935.024764968947
val,150,80,481.198974609375,-118.19505310058594,33.72771072387695,-122.0234603881836,35.85050964355469,13.073103427886963,18019.292763373138,18093.21741724429,9766.42538571679,45458.25677740318
val,151,60,23.404287338256836,-71.55693054199219,41.173858642578125,-71.51139068603516,41.37955856323242,0.0056891820859164,362.3305151329664,436.24387953551735,186.1752664657957,371.85024490325947
val,152,67,22.115739822387695,-68.88612365722656,44.034210205078125,-69.03912353515625,44.194400787353516,21.90343189239502,919.4234610316778,969.8594578711114,18837.015655950254,309.05336096407433
val,153,66,23.018390655517578,-94.77873229980469,29.314529418945312,-94.572998046875,29.299009323120117,0.3778194971382618,3292.0267157642247,3458.9362556421383,460.9002242633547,2515.289940443961
val,154,60,61.403839111328125,-79.74681854248047,26.317529678344727,-80.04724884033203,26.755069732666016,23.981338500976562,2004.9395134353595,2051.335446596547,23858.63275554297,2634.0625619105836
val,155,60,23.34423828125,-71.55693817138672,41.17390060424805,-71.51148986816406,41.379581451416016,0.009253774769604206,304.57127707816176,399.9998671447488,445.8059734023343,139.6051480761514
val,156,80,167.52597045898438,-123.2017822265625,37.52194595336914,-123.12902069091797,36.02220153808594,38.97706604003906,3852.6030475506736,3865.580863890198,35311.65542349915,884.4011538080074
val,157,60,151.59420776367188,-80.01490783691406,25.5421199798584,-80.6025390625,24.324649810791016,20.418728351593018,21508.04200387816,21521.453394909335,47864.614234278364,7476.216967172704
val,158,60,64.87200927734375,-74.1097183227539,39.76144027709961,-73.96849060058594,40.31977844238281,24.45661449432373,1027.6268703484793,1097.7024939080331,13702.102038689269,1479.2305348613138
val,159,80,69.3544921875,-94.55831909179688,29.151609420776367,-94.45047760009766,28.5627498626709,3.4128642082214355,2123.169023711269,2119.8425700301455,2824.9362763024124,3965.6921872518938
val,160,66,84.70103454589844,-94.77877807617188,29.31471061706543,-94.16387176513672,28.8688907623291,2.2702447175979614,4516.221604991887,4532.925474946723,6125.953496372252,4108.132768230366
val,161,60,23.446002960205078,-71.55712127685547,41.173988342285156,-71.51142883300781,41.379600524902344,0.0064760849345475435,334.8651344931349,411.72859016063336,154.98463734443925,464.7211062008968
val,162,60,56.56385803222656,-92.30474853515625,29.553760528564453,-92.29810333251953,29.083629608154297,0.4073613788932562,3950.3722054398604,4011.62415969646,1985.1670001149596,4820.802031807444
val,163,60,37.95378494262695,-65.61927032470703,18.229259490966797,-65.30307006835938,18.301300048828125,0.0007213667850010097,1641.1061933225,1606.7112117838149,330.8559251961047,2819.439938605627
val,164,60,23.405866622924805,-71.55695343017578,41.17387008666992,-71.51142120361328,41.379608154296875,0.004451432265341282,345.84460780488837,411.5642459983384,91.42861548044395,450.8428133584321
val,165,70,25.941410064697266,-92.26744842529297,28.67028045654297,-92.05890655517578,28.809490203857422,5.36284635681659,1134.98975316019,1148.6053515646415,5102.129599134198,170.31378077698855
val,166,70,131.38583374023438,-88.01870727539062,30.395124435424805,-87.48715209960938,29.38585090637207,6.515587151050568,4617.183199547357,4636.522641899287,5607.36173717604,6628.286139941625
val,167,70,85.68811798095703,-83.1312026977539,27.63532066345215,-83.9236068725586,27.321239471435547,15.211069107055664,1765.1956087022286,1788.8750847003755,14941.459433030619,154.05739431659
val,168,60,37.271095275878906,-65.30309295654297,18.30130958557129,-65.6198501586914,18.228050231933594,0.00541479024104774,1683.1239340406469,1696.0107085655118,668.4942107556467,2615.3194625684823
val,169,60,23.421335220336914,-71.51138305664062,41.37957000732422,-71.55696868896484,41.17390060424805,0.0054218757431954145,369.26764274442667,457.3935495275372,93.4175692569861,391.7043033765644
val,170,60,23.502277374267578,-71.51139831542969,41.379600524902344,-71.55696868896484,41.17390823364258,0.006974669639021158,455.9832855121223,529.5238196840959,248.18403479434147,514.544472277233
val,171,80,634.6597290039062,-78.76644134521484,26.521190643310547,-83.25663757324219,23.495750427246094,41.00658416748047,19351.274333068282,19382.390133908884,40150.04436896923,59029.90377180721
val,172,79,68.102783203125,-85.77705383300781,29.089845657348633,-85.72876739501953,28.483440399169922,17.154390811920166,1924.298800699589,1939.7510399830815,16666.39407884782,537.1337952708916
val,173,60,41.947349548339844,-89.97300720214844,29.25419044494629,-89.82337951660156,28.952739715576172,0.07588821277022362,3236.4553518379125,3300.803356444242,693.2788087047401,2883.3986557986436
val,174,70,843.426513671875,-85.39800262451172,46.965396881103516,-87.29866027832031,41.64263153076172,65.33477067947388,84089.85124101664,83998.14803434796,123151.91469750274,91194.14602476406
val,175,79,121.73661804199219,-83.60038757324219,27.226200103759766,-84.57868957519531,26.565799713134766,35.8101806640625,5105.699438896904,5105.770555387114,34357.77615258765,329.560483151728
val,176,80,134.93785095214844,-116.29937744140625,29.640485763549805,-116.64659881591797,30.81270980834961,41.389678955078125,3029.147147611851,3040.5685061760482,40150.53104583594,564.777602260448
val,177,70,61.206298828125,-94.79419708251953,29.315019607543945,-94.46401977539062,28.94144058227539,1.9377297759056091,5257.22188121469,5366.892281372093,1971.879755055937,6131.630820611912
val,178,70,141.4047088623047,-119.9662857055664,29.2541446685791,-118.80992889404297,28.48529052734375,53.88279724121094,1277.8394750902385,1290.827532156853,54050.90291845779,381.39296118110826
val,179,71,277.34405517578125,-69.85954284667969,17.229190826416016,-67.25897216796875,17.086769104003906,100.49763870239258,7080.789002577397,7097.022468212005,64724.91231751917,630.1910058406196
val,180,70,65.44913482666016,-80.60130310058594,31.21950912475586,-81.17176055908203,31.025129318237305,11.112107038497925,2417.684866763558,2413.792991112479,17268.611138209522,3460.798247440404
val,181,60,23.390592575073242,-71.51138305664062,41.379581451416016,-71.55693817138672,41.173858642578125,0.004629073198884726,424.22395467070646,509.5773755407992,220.06611552502864,474.64950978366136
val,182,70,142.23683166503906,-82.73123168945312,41.46039962768555,-83.11219787597656,42.27671813964844,0.03351416625082493,12994.251483847955,12108.2173352235,1556.5400555616347,15440.897113748048
val,183,60,25.405960083007812,-119.41973876953125,34.18204879760742,-119.50775146484375,34.38423156738281,0.004477868555113673,2324.0969420438746,2320.727348848096,2382.4368617961113,2076.281580596293
val,184,80,42.969364166259766,-123.68656158447266,30.64742088317871,-123.32792663574219,30.415620803833008,30.810372352600098,426.11845168585637,469.2139502949442,30273.48806214765,40.446904719248174
val,185,79,97.29618072509766,-80.17781829833984,29.101940155029297,-79.71865844726562,28.325559616088867,18.38819646835327,2025.7056425613805,2047.7787979957695,17431.55215920257,200.08423694841255
val,186,60,23.807214736938477,-71.51139068603516,41.379581451416016,-71.55695343017578,41.17387008666992,0.00457730726338923,905.7465408087945,968.4476986144999,709.1612966068925,944.7948040229358
val,187,70,65.05406951904297,-111.07637786865234,22.379724502563477,-111.5634994506836,22.751689910888672,25.89750576019287,1677.3423138267183,1702.7083871420982,25726.411281820285,540.7802100689607
val,188,80,59.83846664428711,-93.71087646484375,29.23596954345703,-93.83212280273438,29.67078971862793,3.2145854234695435,3583.568962375395,3581.8086276175673,3634.614577863143,6094.724124379591
val,189,70,46.97677230834961,-87.89656829833984,43.01995849609375,-87.61805725097656,43.36875915527344,9.96055461326614,2127.525946203109,2144.2657987486796,9902.310969652213,2437.905384885885
val,190,60,23.431753158569336,-71.51136016845703,41.379581451416016,-71.5569076538086,41.17388916015625,0.005450255004689097,320.9058674654409,421.38533393227874,85.75085009302708,293.77920370200377
val,191,60,97.1714859008789,-87.65071868896484,44.091400146484375,-86.45365142822266,43.95056915283203,70.0678482055664,1184.5654011836289,1215.3812202787396,58835.70280868163,1139.854572734718
val,192,70,77.75421142578125,-93.3321762084961,29.783309936523438,-93.77715301513672,29.268489837646484,1.0667085349559784,1292.8397126959826,1359.1505342478727,2415.057947758924,3668.553563957663
val,193,60,97.39849090576172,-86.45231628417969,43.94956970214844,-87.65077209472656,44.09115982055664,59.23781204223633,2507.2753599485304,2533.144906375213,44234.062016046475,1860.1520228045608
val,194,60,37.87404251098633,-65.61934661865234,18.22916030883789,-65.30307006835938,18.30130958557129,0.001243736536707729,1602.4844496409619,1577.0267544416865,259.10373204544766,2699.7911944850116
val,195,60,37.78511047363281,-65.61937713623047,18.22909927368164,-65.30306243896484,18.30129051208496,0.0011166533222422004,1747.8728350239762,1710.6601963823355,230.62574183311392,2933.064297961005
val,196,60,23.61368179321289,-71.55693817138672,41.17390060424805,-71.51138305664062,41.379581451416016,0.0055514785926789045,631.528087045412,692.0203986494203,297.11157837664723,778.4599707197337
val,197,60,23.43332290649414,-71.51136779785156,41.37955856323242,-71.55693817138672,41.17388916015625,0.004893878474831581,347.75331803450206,464.14711994894986,296.2529748275616,242.89898816133692
val,198,80,48.09760284423828,-118.16876983642578,33.7357292175293,-118.53170013427734,33.574378967285156,4.490990459918976,2825.48105424281,2816.4572021001445,5221.772197303591,5745.465483628225
val,199,66,39.776649475097656,-94.77876281738281,29.314599990844727,-94.53096008300781,29.11479949951172,0.437868534703739,3682.8478868300544,3797.8548387788487,572.0785958289342,4537.793169645851
val,200,71,61.05281448364258,-111.78368377685547,23.278799057006836,-112.21613311767578,23.65700912475586,29.346117973327637,1862.220607463811,1886.1439726949154,29555.218265349402,767.7096849893159
val,201,60,23.089101791381836,-118.26351928710938,33.73432159423828,-118.0718765258789,33.62300109863281,0.1255993600934744,477.67862617530966,526.4895387822057,759.4435219278673,884.1725672931824
val,202,80,233.48817443847656,-86.85768127441406,24.55760955810547,-89.16242980957031,24.471769332885742,36.974884033203125,11868.661579241227,11872.852611455944,25721.667520819356,1085.0083315197487
val,203,80,88.57066345214844,-94.5865707397461,29.08268928527832,-94.37682342529297,28.616249084472656,6.723752021789551,11956.121608756906,11954.166476644252,16600.01280593016,11997.14714666012
val,204,60,72.27567291259766,-119.13480377197266,32.6994514465332,-118.38861083984375,32.81523895263672,4.517426639795303,1366.281959196396,1363.5149317549065,9493.490938013072,1868.131131838897
val,205,60,23.502391815185547,-71.51139068603516,41.37957000732422,-71.55693817138672,41.17390060424805,0.0063982519786804914,340.68569221318177,451.76276936150333,282.5908975786124,302.1884206161525
val,206,80,65.00493621826172,-94.41349792480469,27.031850814819336,-94.40673065185547,26.447399139404297,42.68073272705078,1299.302547267241,1310.7332425293396,35643.7410809471,176.6959091794894
val,207,70,91.79469299316406,-81.28234100341797,23.780784606933594,-82.15663146972656,23.590129852294922,20.95358943939209,3095.64255625674,3109.454737797243,19658.413940169125,268.797078674858
val,208,60,54.17959976196289,-89.97193145751953,29.254779815673828,-90.01954650878906,28.959760665893555,0.8691616058349609,3660.283631012552,3734.6503750119987,6207.231194319037,4969.352225615789
val,209,70,169.2471160888672,-80.07685089111328,42.78199005126953,-81.48294830322266,41.93526077270508,9.719905471429229,3885.674196763773,3866.5177753885637,11111.467968447922,16300.323146155279
val,210,80,33.572418212890625,-118.36468505859375,33.66508865356445,-118.68476867675781,33.805259704589844,9.93734860420227,3011.7012605344244,3029.412597460154,13717.279888243222,319.58268765025895
val,211,60,23.39398193359375,-71.55693817138672,41.17388153076172,-71.51138305664062,41.37957000732422,0.005237819743342698,411.9383931007482,469.3542198084647,89.45810726545989,482.71749385159063
val,212,70,59.334068298339844,-87.8838119506836,30.093549728393555,-88.49668884277344,30.083740234375,19.21348738670349,585.9760206913802,657.2953508015968,17177.303103244732,616.0265264600491
val,213,60,52.870914459228516,-90.00102996826172,29.043840408325195,-89.51606750488281,28.972349166870117,1.8446188420057297,2388.6292650757273,2390.3140359854797,2519.425485090705,2785.3019681944575
val,214,60,630.2470703125,-76.29316711425781,38.29600143432617,-77.04966735839844,33.66899871826172,34.752153396606445,17902.499935218897,18024.063110476716,33794.465903919,78447.31246195936
val,215,60,23.50385856628418,-71.51142120361328,41.37955856323242,-71.55695343017578,41.17388916015625,0.00584661029279232,406.7947053481885,493.1080923000373,197.69442756518302,267.2031647293946
val,216,60,97.36798095703125,-86.45178985595703,43.94969177246094,-87.65081024169922,44.09098815917969,59.24998474121094,1992.3033737318328,2015.291159450327,44706.586143815584,1345.2455370255957
val,217,60,23.400789260864258,-71.51139068603516,41.37955856323242,-71.55708312988281,41.173980712890625,0.006423033075407147,354.45697654102213,444.9965777019246,63.277268292541876,340.2571978627389
val,218,60,23.45879554748535,-71.55695343017578,41.17387008666992,-71.51136779785156,41.37955093383789,0.0037474919809028506,505.7551804976659,553.5068772201064,359.49277691069767,564.826912700154
val,219,71,82.54886627197266,-63.044891357421875,18.006689071655273,-63.62268829345703,18.459739685058594,26.016642570495605,2705.50859107266,2538.709654681646,18054.14876434496,5036.66891017434
val,220,66,38.279083251953125,-94.77876281738281,29.31463050842285,-94.57157135009766,29.112079620361328,0.7194330170750618,4057.377046575505,4184.991121457256,962.049420199339,5141.549150323764
val,221,60,97.3979263305664,-87.65110778808594,44.090938568115234,-86.45207214355469,43.949668884277344,70.09158134460449,1210.7270520524175,1250.9933272781766,58921.83425677013,1002.2946400937853
val,222,70,175.86097717285156,-87.49371337890625,45.0023307800293,-85.87184143066406,45.96940994262695,2.1778264194726944,10444.299792017677,10387.578191567776,10105.608628744312,5658.968781031881
val,223,80,107.72735595703125,-95.33136749267578,28.93486976623535,-94.5905532836914,28.245540618896484,0.5138071179389954,2948.2769319783074,2995.1499835510317,1021.1963807749265,1591.1909782278103
val,224,69,109.16520690917969,-79.5711441040039,25.49295997619629,-79.50789642333984,25.062789916992188,20.942993640899658,17591.389354523122,17595.430218609694,20255.118202497044,16294.821120149656
val,225,70,192.1439208984375,-84.354248046875,46.502811431884766,-85.34185028076172,45.882938385009766,2.6861197538673878,20544.045884526284,18808.11600809873,2740.4952252603084,38639.36345429019
val,226,60,37.56889343261719,-65.30309295654297,18.301349639892578,-65.61937713623047,18.229150772094727,0.0003606836253311485,1922.9159661566403,1894.7043426841055,352.77033810010414,2906.588931039391
val,227,70,89.43465423583984,-83.10722351074219,42.271873474121094,-82.53807067871094,41.841670989990234,3.878222405910492,8415.747251735958,7221.116002705422,4044.1799719737705,14261.44778157542
val,228,73,399.1906433105469,-118.26367950439453,33.75392150878906,-121.59147644042969,35.359378814697266,15.132206201553345,12371.592708956972,12240.471294639803,9994.658048345476,31546.67073840039
val,229,70,99.51388549804688,-88.10588836669922,30.06855010986328,-88.69088745117188,29.660390853881836,26.454240322113037,9245.587445641093,9226.927387445277,21913.350705304274,10020.385089841715
val,230,60,39.23766326904297,-65.61797332763672,18.214630126953125,-65.30307006835938,18.301319122314453,0.12273452716181055,1626.6307717324967,1701.4816496642882,362.7880008042235,2642.374403292648
val,231,60,352.3818054199219,-81.94139862060547,23.902055740356445,-80.11418151855469,26.08669090270996,15.770185470581055,7214.301401339234,7241.336172187672,14977.809075647516,41531.354291217925
val,232,70,138.92974853515625,-79.67144775390625,24.982755661010742,-80.12110900878906,26.072830200195312,8.638356566429138,2796.835150977056,2850.655814326272,45175.485721317404,7013.873209925194
val,233,60,43.53662872314453,-94.8025894165039,29.31226921081543,-94.6583023071289,29.057680130004883,1.6061923503875732,5117.4981050717015,5304.243280958695,1532.4752693479809,6834.903503158205
val,234,70,129.0107421875,-119.2033462524414,34.14868927001953,-118.22235870361328,33.752540588378906,0.13613744638860226,8307.449475000752,8024.934435388756,7572.529959176057,13050.418463961041
val,235,60,23.2247314453125,-71.51139068603516,41.379520416259766,-71.55516052246094,41.17544937133789,0.0067239857744425535,248.7614107943864,362.64959424088255,157.76349617365565,308.07741713226403
val,236,70,66.11470794677734,-89.1871109008789,48.44573974609375,-88.42302703857422,48.226688385009766,3.7199686765670776,4224.8455046950185,4188.575135527677,1558.055060062463,5603.8610960644455
val,237,66,71.4584732055664,-94.7787094116211,29.314359664916992,-94.74430847167969,28.796329498291016,1.313792729517445,5077.366487670357,5135.6227413771885,1278.596257419142,7634.316602822859
val,238,60,23.35689353942871,-71.51136779785156,41.379581451416016,-71.55693817138672,41.173919677734375,0.004680524696595967,335.85319360249974,438.0252434048867,104.69737655037682,218.5966171464838
val,239,60,196.4414520263672,-79.20487213134766,25.41666030883789,-79.36018371582031,26.132219314575195,6.979057013988495,38027.48485893047,38099.97149894736,34981.1454842698,39087.98403879919
val,240,80,36.76033401489258,-93.7152328491211,29.422449111938477,-93.81234741210938,29.61672019958496,1.8738123178482056,4971.3585385763945,4990.398621352282,1281.3228523977994,5596.065823085677
val,241,70,119.88699340820312,-88.29000854492188,28.52117919921875,-89.2072982788086,27.81562042236328,40.56130123138428,5473.292624876561,5469.673716461362,34463.97419504024,963.9283726816634
val,242,60,31.788326263427734,-65.61934661865234,18.2291202545166,-65.35167694091797,18.271120071411133,0.33921191608533263,2110.356709942916,2114.3374854258177,304.94627394640924,2614.8926904069376
val,243,66,42.2224006652832,-94.65882873535156,29.057830810546875,-94.77873229980469,29.314559936523438,0.5167587883770466,4881.609197968556,5028.881566013582,686.2786078924933,6421.475182203746
val,244,80,309.9263610839844,-115.39519500732422,26.99086570739746,-116.69011688232422,29.488880157470703,51.85367012023926,10364.527036281015,10363.667802076941,32505.314069009088,12993.297237566709
val,245,70,79.28643035888672,-67.57820129394531,17.880189895629883,-68.32154083251953,17.969709396362305,41.67866134643555,2122.8654970747034,2150.9225104552033,34465.67190988911,152.92244701177657
val,246,70,27.298486709594727,-92.16304016113281,28.84058952331543,-92.07013702392578,28.618249893188477,5.3735761400312185,615.0316163234332,635.3818187565307,6014.952506814792,828.1643856776457
val,247,80,58.41392517089844,-94.68080139160156,29.096620559692383,-94.74121856689453,28.611900329589844,4.399374008178711,1755.3535132106065,1758.2587505770912,6478.640958608036,4818.317007295071
val,248,80,485.950927734375,-118.1351318359375,33.659671783447266,-122.90245056152344,35.38323974609375,9.44268250465393,28246.809361908938,28246.750708344123,35663.65036076796,14417.839813476725
val,249,60,23.40178871154785,-71.51142883300781,41.379581451416016,-71.55696868896484,41.17388916015625,0.006490789353847504,308.8658490119661,408.722322045895,70.67432628708434,358.6003942211321
val,250,70,299.2909851074219,-73.64749908447266,40.49673843383789,-74.66133117675781,38.102909088134766,26.440402030944824,7288.734252520458,7295.206922421898,18171.657009268307,16067.437335428835
val,251,60,97.43924713134766,-86.45220947265625,43.949581146240234,-87.65022277832031,44.09284973144531,59.17997932434082,2638.9343763578217,2660.121077688519,44020.592288130174,1987.4329383307536
val,252,60,97.27859497070312,-87.65057373046875,44.09115982055664,-86.45201873779297,43.94948959350586,70.10100364685059,1161.0025396291414,1188.2287076744738,59121.49014008114,810.5397584850715
val,253,80,252.607421875,-118.2148208618164,33.733028411865234,-117.94090270996094,31.731769561767578,10.597610235214233,19994.746042004183,19986.950125201376,12670.958836611262,22656.672480161076
val,254,60,23.378108978271484,-71.55693817138672,41.17388916015625,-71.51138305664062,41.37961959838867,0.004945154185406864,370.3993504620031,434.2112327945778,72.43107301092306,500.03323673204727
val,255,80,48.26374435424805,-93.81226348876953,29.616239547729492,-93.70494842529297,29.247499465942383,3.3308935165405273,3459.5177534737095,3475.3934316134805,1645.234827584444,5210.197178042705
val,256,60,132.59754943847656,-84.60057067871094,45.83789825439453,-85.81392669677734,45.18061065673828,15.25184965133667,4702.614416637412,4696.78350630891,15154.683385932969,12399.622945914472
val,257,80,160.80064392089844,-113.8125228881836,24.6553897857666,-112.86479949951172,23.496929168701172,26.29255962371826,2074.3560036832305,2068.4701313693076,18545.17764658,240.81947036976004
val,258,70,142.84507751464844,-88.55396270751953,30.065080642700195,-87.61785125732422,29.130510330200195,19.844385147094727,10377.89848779583,10384.18973457744,11559.186605141229,8194.61458446624
val,259,60,70.08202362060547,-79.61346435546875,25.652040481567383,-79.35568237304688,26.208749771118164,12.259520530700684,3915.514885018999,3928.381548631223,6975.59576434312,4642.731333540215
val,260,80,149.41567993164062,-122.2837142944336,34.78491973876953,-123.24446105957031,35.85942840576172,46.8537540435791,5061.893042658367,5080.913097954074,35723.821876677,4918.589607286597
val,261,80,51.581783294677734,-96.89762878417969,27.785560607910156,-96.4806900024414,27.517210006713867,3.101445198059082,3128.18946140002,3133.752906008288,2066.8770101312607,2117.0520590476
val,262,60,28.76011848449707,-118.2635726928711,33.733028411865234,-118.20770263671875,33.48789978027344,3.9027193784713745,1520.6458085291545,1567.9819748888906,8969.072529585603,1159.0851543815643
val,263,70,45.58502197265625,-89.41969299316406,28.644819259643555,-88.9568862915039,28.61992073059082,10.252501010894775,1018.6753725185409,1039.193534711738,6514.387376379926,565.2455634840505
val,264,70,83.59239196777344,-91.26165771484375,26.236129760742188,-91.21331024169922,26.98526954650879,13.925154447555542,1849.9032801066494,1867.8426793407696,12539.345987078625,400.4074945635649
val,265,80,253.41690063476562,-83.067626953125,45.277381896972656,-82.36730194091797,43.09149169921875,16.90262746810913,13609.21066465993,13597.34380864978,12306.261749110166,6956.641743253658
val,266,60,48.93412399291992,-85.5184326171875,45.74663162231445,-85.27839660644531,45.34389877319336,43.05866622924805,1610.1490429030978,1635.765717166583,41930.26962150801,949.2063900472439
val,267,60,23.43513298034668,-71.5113525390625,41.37957000732422,-71.55695343017578,41.17390060424805,0.004274343722499907,355.2910366332771,472.9946864100085,265.9884946748896,209.7394584750508
val,268,80,150.31561279296875,-93.8239517211914,29.63995933532715,-94.32018280029297,28.726699829101562,7.548047065734863,10918.205955389074,10946.395133337259,7612.962445489368,23588.465566310293
val,269,80,51.906707763671875,-118.15731811523438,33.705318450927734,-118.49366760253906,33.846473693847656,2.315595868974924,6354.905538710272,5880.325658235341,2431.6428257721004,9707.425874877817
val,270,70,265.159423828125,-80.60752868652344,24.648250579833984,-80.01493835449219,26.7608699798584,32.98911380767822,7792.49938508549,7823.1902566647,36889.06911027189,25067.7960669963
val,271,70,189.92942810058594,-80.11882019042969,26.073040008544922,-79.81291198730469,24.686649322509766,0.8268477134406567,9666.12810635349,9665.905821781087,4019.425606509854,26134.94430668809
val,272,79,51.41926574707031,-76.11190795898438,37.178218841552734,-75.76596069335938,36.959999084472656,28.12257194519043,5689.066826557839,5690.283469059342,26336.17272916333,8245.079963065009
val,273,60,77.51567840576172,-93.76563262939453,29.211959838867188,-93.33091735839844,29.783750534057617,3.9235522374510765,1398.1589365040534,1491.9736595903794,4167.611672796461,1788.5028743126047
val,274,71,71.5429458618164,-80.0526123046875,26.77039909362793,-79.35608673095703,26.617700576782227,0.4901687279343605,1583.7408951883335,1625.5827978929474,617.8403000354564,272.4507635806047
val,275,60,37.66610336303711,-65.30306243896484,18.30129051208496,-65.6193618774414,18.229129791259766,0.0010252316715195775,1971.070473097328,1950.5826759327954,320.5891381073225,2951.842904823801
val,276,60,64.98097229003906,-64.93840026855469,18.338809967041016,-64.71732330322266,17.79463005065918,10.9599329829216,3546.4620574116498,3617.7109837138614,45451.964923532825,186.38441184096007
val,277,70,136.58421325683594,-67.64198303222656,18.94911003112793,-68.3546371459961,17.93120002746582,16.818246841430664,3455.3773490046115,3462.143810588626,8776.37234468962,3620.401055761047
val,278,71,59.57378005981445,-80.11567687988281,26.066879272460938,-79.65483856201172,25.856950759887695,4.904242604970932,4009.5114029068454,4039.755576952105,5665.856122393697,5615.722845044824
val,279,80,206.13455200195312,-78.87858581542969,26.242734909057617,-79.55513763427734,24.829519271850586,6.2345640659332275,18922.93181049534,18961.862378159465,6647.688565540229,26043.637635751922
val,280,66,27.16866683959961,-94.58361053466797,29.23189926147461,-94.78958892822266,29.311660766601562,1.0344563126564026,3404.0214067801708,3673.2771858571064,699.3409451584789,3900.189983753954
val,281,60,23.458864212036133,-71.5113525390625,41.379581451416016,-71.55696105957031,41.1739387512207,0.005390657344833016,317.97578145905686,411.67852091518654,123.04661885853588,341.3359041631665
val,282,60,97.338134765625,-87.65064239501953,44.090858459472656,-86.45236206054688,43.9494514465332,70.07090950012207,1610.0879068987015,1641.496879001063,60054.41865706939,712.4918403929594
val,283,60,22.330617904663086,-72.2398681640625,41.15399169921875,-72.03063201904297,41.25674819946289,2.909529697149992,1642.9853213593499,1753.5434929034705,2377.340869014659,1026.5302246372598
val,284,70,61.57524108886719,-68.43485260009766,18.149564743041992,-68.32286834716797,18.67591094970703,16.152539253234863,1810.991668713614,1805.5695547385703,13025.517608364878,2142.0186335282497
val,285,60,23.479827880859375,-71.51139831542969,41.37958908081055,-71.55696105957031,41.17390823364258,0.006700333207845688,396.5806248607994,486.4971031632634,218.9028815925061,303.2746073516715
val,286,80,154.31988525390625,-96.33954620361328,27.800670623779297,-96.7931137084961,27.34296989440918,13.723050117492676,22458.362281514328,22465.17296842262,27798.81482047697,21748.727669677755
val,287,80,147.8986053466797,-94.74639892578125,29.343324661254883,-94.41632843017578,28.16301918029785,1.2512707263231277,6475.68687076855,6483.281876712427,1465.655497980902,13576.115473620152
val,288,60,37.59064865112305,-65.30307006835938,18.30126953125,-65.61936950683594,18.22909927368164,0.0010250818450003862,1767.7406482386232,1750.8076671410686,164.45685070197075,2696.4041817423467
val,289,60,23.147092819213867,-71.51139068603516,41.379581451416016,-71.5551986694336,41.17546081542969,0.006717310287058353,326.8080823688113,434.6158273184746,197.86378384142,128.80819581398796
val,290,89,421.9314880371094,-65.62646484375,17.590309143066406,-64.7518310546875,17.69485092163086,7.7150577157735825,34027.03589303527,34022.39885619993,14651.16748385155,38066.20781925723
val,291,70,49.57645034790039,-90.20281982421875,28.96673011779785,-90.31950378417969,28.5386905670166,3.8590757846832275,1186.6694530812615,1219.3628232092442,3713.595456481774,752.2410636209275
val,292,60,97.42385864257812,-86.45216369628906,43.94906997680664,-87.65090942382812,44.09226989746094,59.24255180358887,1305.781034320336,1325.3465535585499,45319.8785126526,648.9522462013853
val,293,60,85.93043518066406,-87.51042938232422,44.07686996459961,-86.45218658447266,43.949649810791016,45.74483871459961,1444.2509475832567,1452.5202982941169,32892.10751767784,765.4044745216513
val,294,60,23.55634117126465,-71.51136779785156,41.37957000732422,-71.55557250976562,41.17417907714844,0.015642523765563965,444.7527241830348,532.7458928068631,392.5540380683781,376.6425249314171
val,295,80,27.006010055541992,-94.52693176269531,29.281780242919922,-94.74976348876953,29.350419998168945,1.0322958827018738,1068.2560366259215,1096.0482121517978,975.5037424731271,1370.4260948771605
val,296,60,23.371530532836914,-71.55695343017578,41.17388916015625,-71.51139068603516,41.379581451416016,0.00474883895367384,334.52716557091003,403.0445576761208,231.94551071739244,335.31001947710513
val,297,80,227.03895568847656,-94.85350799560547,28.886005401611328,-96.81243896484375,27.8193302154541,9.65237045288086,5010.881241615935,5018.150788436008,6767.270007360212,2645.1036745427
val,298,70,303.3536682128906,-119.45844268798828,31.0648250579834,-121.53885650634766,33.146141052246094,95.92560577392578,5881.859050811932,5909.260441678954,54334.75989893218,752.6091979261373
val,299,71,125.23543548583984,-81.87632751464844,23.77758026123047,-83.10601043701172,23.791410446166992,20.03935146331787,2312.623650391851,2344.7552231774907,19375.032849024818,748.4093285020679
val,300,60,28.685720443725586,-93.75472259521484,29.236099243164062,-93.564697265625,29.433839797973633,21.021099090576172,3120.4426272627793,3129.580466004137,18531.534051424802,22.25084089086077
val,301,70,89.87600708007812,-74.52294158935547,29.551979064941406,-73.90193176269531,30.15365982055664,14.389860153198242,4993.444508540062,4985.7058657401785,8816.763398491323,425.5644785404893
val,302,66,78.75127410888672,-94.71823120117188,28.735919952392578,-94.77876281738281,29.314619064331055,2.49720326019451,5448.3437367974475,5533.907822752086,3205.5562860271802,8209.651167886417
val,303,80,215.8227996826172,-79.72068786621094,24.64690589904785,-79.39733123779297,26.537639617919922,4.135194659233093,4279.815863276472,4295.20839386884,4152.407423383674,4288.000819876941
val,304,60,23.40959358215332,-71.51136779785156,41.37955856323242,-71.55696868896484,41.173919677734375,0.005546060856431723,336.78691537824096,428.71661372045634,55.726744991119915,365.92693425545406
val,305,71,112.57442474365234,-118.25847625732422,33.73139953613281,-119.2361068725586,34.06208038330078,1.6275165677070618,3785.506460752606,3757.9619985918166,1709.9197210990158,8952.370574735816
val,306,60,23.362585067749023,-71.51142120361328,41.37955856323242,-71.55709075927734,41.17396926879883,0.006637571612372994,328.24602970157935,418.21868070920823,335.0625936918103,302.04142691199894
val,307,60,23.386268615722656,-71.51138305664062,41.379600524902344,-71.5556869506836,41.174468994140625,0.008062336593866348,425.69894048865683,511.32726029290257,309.3502417270514,396.8104146831143
val,308,80,98.9416275024414,-80.61141204833984,28.41448974609375,-79.83663940429688,27.854379653930664,8.734976454637945,2034.6184702351886,2058.035965070832,9185.672138597794,904.2721962478703
val,309,70,109.74365234375,-94.7941665649414,29.315019607543945,-94.66956329345703,28.459800720214844,3.24402579665184,12461.955360450855,12530.358415770785,98028.39946047154,8555.510462604207
val,310,60,97.40705108642578,-86.45207977294922,43.94935989379883,-87.6510009765625,44.09115982055664,59.26079750061035,2295.910486804807,2319.287794988492,44444.52119784229,1647.4249283970676
val,311,89,57.311126708984375,-79.67457580566406,28.453489303588867,-79.67230224609375,28.968700408935547,21.437325477600098,656.2479074160115,704.8924719127136,20659.636995449953,176.75478064659714
val,312,60,23.363996505737305,-71.55695343017578,41.17388153076172,-71.51138305664062,41.379581451416016,0.00412558950483799,326.7593304965265,400.62120666687935,85.04718651594,457.47094560728294
val,313,60,145.57040405273438,-73.23983764648438,39.87096405029297,-72.03008270263672,38.956581115722656,22.12587070465088,4921.304793755398,4933.628821073756,19762.17266496152,1010.2854116713913
val,314,60,61.426265716552734,-94.79132080078125,29.3104190826416,-94.33390808105469,29.015609741210938,3.589891195297241,4803.730780436487,4895.365207573739,2521.1800824953725,5495.440747212715
val,315,70,100.933349609375,-86.09768676757812,46.74199676513672,-87.38873291015625,46.58018112182617,1.8487328253686428,6315.135203074065,6327.393837512732,1811.2617931864727,817.0958014774366
val,316,60,23.212650299072266,-71.51139068603516,41.37957000732422,-71.5553207397461,41.175331115722656,0.0075863858219236135,404.1329379584478,497.16145314019377,263.8651505676881,198.75019886479654
val,317,80,132.11436462402344,-94.75553131103516,29.347980499267578,-93.70319366455078,29.595449447631836,1.203559696674347,8485.815134766706,8501.49765654343,1770.762625772642,15378.74021858022
val,318,70,140.11505126953125,-74.82219696044922,36.82329177856445,-76.17230987548828,37.1844482421875,6.014790058135986,4024.541580113551,4032.0560432563807,4745.293800215824,14547.750339084769
val,319,89,188.8446502685547,-118.22112274169922,33.77246856689453,-117.57483673095703,32.206199645996094,8.473312854766846,4900.336364921655,4946.392927757887,8015.9167169661705,4359.932592097451
val,320,80,338.4605407714844,-94.67266082763672,29.087230682373047,-94.4246597290039,26.14236068725586,19.974916458129883,5188.1236590541885,5197.544409437226,22245.567823074103,12538.24590488153
val,321,60,242.72523498535156,-79.99636840820312,25.758224487304688,-79.20484924316406,25.41663932800293,29.971008777618408,40350.627924939254,40355.88580685863,36830.741169753135,38499.54821314695
val,322,70,194.58880615234375,-119.58294677734375,29.89414405822754,-121.53148651123047,30.362850189208984,50.794950008392334,2026.4920684140168,2037.1905494043424,41807.13617892929,494.7845687162757
val,323,80,87.38778686523438,-94.66793823242188,29.329885482788086,-94.6391830444336,28.667070388793945,6.342632174491882,4574.498452236313,4578.262387715436,4134.493656847839,8868.680067427458
val,324,80,72.06449890136719,-95.14012908935547,28.82659912109375,-94.61937713623047,29.149370193481445,2.9272308945655823,4940.777730020651,4943.295224456816,6304.182135968301,8362.276667905551
val,325,70,322.1378479003906,-73.69024658203125,39.93497848510742,-73.48146057128906,39.79669189453125,20.737021923065186,22202.187599199497,22211.55595118345,39734.02740714779,21206.395903028882
val,326,79,136.7351837158203,-94.7264404296875,27.90287971496582,-95.33116912841797,28.941789627075195,5.71968150138855,5158.273232187347,5239.944763967764,8937.099236206615,7761.62366918879
val,327,70,77.5838394165039,-83.89012145996094,45.95231628417969,-84.34613800048828,46.50321960449219,2.051406279206276,2167.26043738347,1997.9230732320966,857.9261829808269,1697.9524716897254
val,328,60,23.687572479248047,-71.55706787109375,41.17396926879883,-71.51138305664062,41.379608154296875,0.0059272067155689,517.3304333744271,581.4557951586472,363.41898769322114,625.6599096706833
val,329,60,42.804725646972656,-92.30481719970703,29.553499221801758,-92.38609313964844,29.18362045288086,1.8359355099964887,1968.3582779840792,2080.536441598214,2530.653340950063,1368.4741650356389
val,330,70,122.86968994140625,-81.71817016601562,41.492279052734375,-83.04068756103516,41.90855026245117,2.580508530139923,6618.300342961369,6623.041344791846,2621.925467055174,5770.60784699927
val,331,69,85.39295196533203,-80.07083892822266,25.770179748535156,-79.3240966796875,26.128080368041992,2.712244749069214,3401.822339251734,3438.4246847710147,3161.0153636342848,964.2880697238512
val,332,70,32.462928771972656,-94.30904388427734,27.333044052124023,-94.63480377197266,27.345569610595703,45.62022018432617,406.7799629379779,421.7134254598175,43927.197141109915,532.0904744289718
val,333,80,449.8219909667969,-119.7773666381836,34.19130325317383,-122.64012908935547,37.09709930419922,26.983113288879395,7522.859620973695,7515.771397005567,30741.635996645782,43766.52718830481
val,334,60,162.24871826171875,-119.21002197265625,34.14949035644531,-117.8808364868164,33.25979995727539,23.211695551872253,10769.355143749366,10761.582445793803,35331.42451368875,4533.451587275231
val,335,84,53.585201263427734,-79.45604705810547,25.325164794921875,-79.41938018798828,25.805910110473633,6.065560817718506,2530.7250397108714,2569.1602140076266,5444.532457988953,121.15930078938365
val,336,80,177.53675842285156,-74.05384826660156,40.62004089355469,-72.67561340332031,39.460731506347656,9.053767442703247,4708.354363425428,4720.89625167996,6636.478390641414,1711.5754137688975
val,337,74,273.5528564453125,-118.25984191894531,33.72595977783203,-120.94026947021484,34.455291748046875,5.744982481002808,7965.3847140296,7911.964161836733,3525.3074581157025,6470.820779597688
val,338,60,23.355363845825195,-71.55709838867188,41.173988342285156,-71.51142120361328,41.379608154296875,0.006352707976475358,316.7032039679385,387.2526705143035,124.41436017638557,313.6809387236578
val,339,80,91.53544616699219,-93.69029235839844,29.416549682617188,-93.30509185791016,28.70568084716797,1.6162738800048828,4581.45681146982,4588.544419350676,1517.6272845238584,5420.978828114727
val,340,70,62.5388069152832,-79.2391586303711,32.6890754699707,-79.68132019042969,32.660301208496094,18.71174383163452,2794.614378760273,2795.0798120956983,12193.261355081102,3360.495496030231
val,341,70,130.88357543945312,-88.03266143798828,30.66584014892578,-87.61997985839844,29.623510360717773,1.7636252045631409,5631.170780638452,5663.851868249767,1337.618120571602,10023.379181809167
val,342,66,34.371673583984375,-94.46794891357422,29.2585506439209,-94.77873229980469,29.314559936523438,0.15850195288658142,2536.521188106813,2672.70842940491,350.6683313774079,2244.4800757629027
val,343,80,446.7461853027344,-80.93009185791016,24.46503448486328,-79.951171875,26.078720092773438,19.980262279510498,46456.82527850488,46440.48034757087,27014.88883123318,52023.25941052617
val,344,79,73.56299591064453,-89.42188262939453,28.823200225830078,-89.08262634277344,28.236770629882812,20.18344497680664,1673.868522431509,1677.4784667164706,12295.273704751846,660.9338117604738
val,345,60,38.06899642944336,-65.61936950683594,18.22909927368164,-65.30307006835938,18.301300048828125,0.0008353608718607575,2223.1328946432322,2180.256657279809,458.1795414159669,3420.527968657361
val,346,60,23.48933982849121,-71.51138305664062,41.37955856323242,-71.55709075927734,41.17399978637695,0.00558041303884238,313.40140265875914,420.82828770766156,360.94059144457503,205.4239683203937
val,347,80,159.00759887695312,-93.8077621459961,29.607070922851562,-93.04454040527344,28.413610458374023,4.797135710716248,4510.29667716663,4498.804601212685,4434.503077391317,6331.6421326916425
val,348,60,23.316410064697266,-71.55708312988281,41.17396926879883,-71.51142883300781,41.37969970703125,0.006502619944512844,273.7616841907157,352.4938616039528,117.93937071790032,316.09690054679
val,349,71,278.8288269042969,-80.11573028564453,26.066869735717773,-80.34980773925781,24.259180068969727,4.850005626678467,16089.910809691699,16101.251229456808,10735.672826378393,47848.250028813105
val,350,70,631.576904296875,-75.28439331054688,36.36035919189453,-78.5833969116211,32.129638671875,63.58511161804199,18452.65203038717,18459.846706594733,74393.92003221143,50068.18329090269
val,351,60,23.383028030395508,-71.51138305664062,41.37957000732422,-71.55692291259766,41.1739387512207,0.005289089749567211,315.8064030630751,422.91489906091675,63.35111788071468,203.01915762360983
val,352,80,436.6650085449219,-88.51100158691406,30.32969093322754,-90.08548736572266,28.06829071044922,3.7097554272040725,27469.43175475076,27485.390271266933,10532.677293046996,78205.05418590954
val,353,70,45.6561164855957,-119.11290740966797,28.179729461669922,-118.76055908203125,27.91180992126465,35.84535026550293,180.99062199828336,259.57708683110405,35777.00841047635,96.24318361330603
val,354,60,23.366195678710938,-71.51139068603516,41.37957000732422,-71.55552673339844,41.17485809326172,0.012929506599903107,283.9243958272615,387.41069853663146,122.07052601330334,234.91700263548555
val,355,80,41.11099624633789,-69.83661651611328,40.559043884277344,-70.32302856445312,40.55493927001953,4.076927661895752,836.9956892394148,872.4602953318316,4055.240466966555,233.1079428978641
val,356,80,181.93702697753906,-80.5061264038086,31.772619247436523,-80.44349670410156,30.137779235839844,34.520809173583984,5239.945269223468,5252.451993459542,33051.10223362602,239.08970124041738
val,357,60,113.1220932006836,-117.2366714477539,32.69411849975586,-116.8250961303711,31.740320205688477,9.360528826713562,2687.1510937844864,2455.3072115717,7205.56692954283,1006.8418299672275
val,358,66,25.399948120117188,-94.77876281738281,29.31451988220215,-94.54979705810547,29.2897891998291,0.18538836762309074,3088.679589654965,3251.646453204561,413.8952404652961,2532.46708757184
val,359,70,48.37080383300781,-66.89363098144531,17.8314208984375,-67.34961700439453,17.848949432373047,30.794374465942383,2578.522323056189,2578.3707536290676,21452.211122473065,581.3138032495946
val,360,89,41.93390655517578,-79.27043914794922,43.2365608215332,-79.60331726074219,43.49433135986328,0.15563543140888214,1139.8334254507909,1159.1531554713251,1631.7959518048215,1480.3233660312828
val,361,60,23.470077514648438,-71.51139068603516,41.37958908081055,-71.55706024169922,41.174049377441406,0.0076207497622817755,501.44948016930215,571.893459846805,449.290400360108,542.2940773202778
val,362,70,156.05007934570312,-88.00064849853516,29.639860153198242,-87.01204681396484,28.5360107421875,35.88405418395996,3373.642485466175,3385.8988724630863,29863.29710383339,1617.3178285735098
val,363,60,23.543962478637695,-71.51143646240234,41.379581451416016,-71.55693817138672,41.17388153076172,0.007546788780018687,451.40087357816435,547.2119087224595,358.96600086896984,316.1076516015222
val,364,66,26.78388023376465,-94.77879333496094,29.31471061706543,-94.53385162353516,29.298120498657227,0.190413448959589,2945.1638906265375,3112.545815557958,634.7944023066484,2590.6470358963966
val,365,70,238.03518676757812,-80.11985778808594,26.09037971496582,-81.10568237304688,24.505529403686523,1.5173495467752218,2550.629878494078,2590.2014274748726,2174.745828379572,32484.353889296246
val,366,71,52.89414596557617,-95.28559875488281,28.967409133911133,-94.85635375976562,28.740070343017578,2.326935950666666,3540.191871869009,3610.599971568766,2136.711436234341,2732.9743933775317
val,367,70,78.47808074951172,-87.43727111816406,41.67369842529297,-87.17401123046875,41.88787078857422,2.6605595513246953,13297.72888057693,13311.181948836174,10458.671073651356,12583.280183266019
val,368,80,332.02227783203125,-74.42875671386719,36.37774658203125,-76.38472747802734,38.40407943725586,27.960938215255737,11646.01402096657,11450.189389373716,28358.295790867127,35295.378680045855
val,369,60,32.88056182861328,-88.04644775390625,30.29631996154785,-88.12236022949219,30.533979415893555,0.04858722165226936,3418.980991870692,3646.6427249950607,220.60955965000213,4621.389140221575
val,370,60,23.382062911987305,-71.5113525390625,41.37955856323242,-71.55695343017578,41.17390060424805,0.004492526408284903,288.45205794687877,398.2652022927108,147.64261851018705,236.08288888369538
val,371,80,248.05697631835938,-96.69772338867188,27.859189987182617,-94.59725952148438,29.078969955444336,12.480326652526855,8877.698804864618,8895.927405892697,12696.150578984856,3841.0574306006565
val,372,60,35.19673538208008,-64.9384536743164,18.338809967041016,-64.81678009033203,18.0450496673584,6.685765266418457,1737.6010142676348,1850.5858113862269,6574.3727951700275,179.9163941624821
val,373,80,53.26395034790039,-96.79319763183594,27.342369079589844,-96.47782135009766,27.148799896240234,19.246205806732178,6614.625831966917,6634.694675721401,19435.209854010576,7054.970936847499
val,374,80,146.521240234375,-88.50877380371094,30.340349197387695,-87.69669342041016,29.35131072998047,0.5665820389986038,5800.149688730529,5839.8510798746565,1478.278083684917,8875.934610234463
val,375,60,97.31613159179688,-87.65080261230469,44.09114074707031,-86.45218658447266,43.94956970214844,70.09568786621094,1361.3073668369666,1401.0446100355434,59691.862975609045,410.316329517022
val,376,69,376.231689453125,-80.156982421875,25.7721004486084,-82.31175994873047,23.78129005432129,29.912799835205078,20105.359745435115,20124.039792403026,19978.926851577937,46597.59455634423
val,377,60,23.183603286743164,-71.51136016845703,41.379608154296875,-71.55542755126953,41.175079345703125,0.008318593725562096,317.41267445972676,424.561144255821,61.45492965814549,171.77577087843838
val,378,60,34.101409912109375,-79.74846649169922,27.430740356445312,-79.81877899169922,27.6552791595459,6.5676575899124146,3623.3607021167995,3642.99710567016,7408.539401732311,4547.453156786854
val,379,71,191.95489501953125,-80.1151123046875,26.071369171142578,-79.51074981689453,24.694490432739258,1.0240955650806427,11906.657822822375,11916.045776783823,6551.790931780533,23532.850807255556
val,380,70,139.5408935546875,-82.38117218017578,41.82909393310547,-80.78234100341797,42.234500885009766,4.413841471076012,5643.958875422946,5648.249174602323,4369.236713138643,122.14768787534881
val,381,60,23.38628578186035,-71.51138305664062,41.37961959838867,-71.55581665039062,41.174278259277344,0.00860343943350017,319.93475513324734,419.54508406967,179.24651697813036,277.21715312554306
val,382,70,147.8116455078125,-118.25919342041016,33.758609771728516,-119.6327133178711,33.679630279541016,9.89668083190918,4839.768524498798,4854.554881540541,5646.930465405285,11898.396223749914
val,383,60,37.828834533691406,-65.30307006835938,18.30130958557129,-65.61934661865234,18.22913932800293,0.0011047739535570145,2077.6583922303685,2058.942027922964,154.61110579213576,3045.9544331656734
val,384,60,23.40939712524414,-71.51136016845703,41.379581451416016,-71.55693817138672,41.17390060424805,0.004922944703139365,328.4862242984028,435.7767839827553,111.07108662552304,236.04434715269957
val,385,70,261.5374755859375,-80.05274963378906,26.769880294799805,-80.56021118164062,24.681840896606445,20.187950134277344,11421.047075670722,11438.589536495814,19137.661668121254,25308.25410252851
val,386,66,33.86290740966797,-94.77877807617188,29.314739227294922,-94.47509765625,29.252519607543945,0.36403587460517883,3091.338089564035,3217.5587592755173,4258.072837380899,2898.524852550391
val,387,60,23.848716735839844,-71.55692291259766,41.17387008666992,-71.51138305664062,41.379581451416016,0.004852384561672807,650.264219175176,703.2851103249413,359.5302189094307,779.5401753058148
val,388,81,45.47513961791992,-94.7138900756836,28.69382095336914,-94.61190032958984,29.071779251098633,28.880587577819824,3886.917703365982,3908.9815876141847,26769.287417253865,1852.6588374880464
val,389,80,333.49676513671875,-68.4294204711914,17.808115005493164,-66.29131317138672,19.898040771484375,6.8478477001190186,14451.858686105714,14453.654210516284,6672.014160839185,16031.368282786343
val,390,60,31.46323013305664,-70.1715316772461,41.43539810180664,-70.28868103027344,41.61764907836914,1.9148030914366245,3175.872595134015,3188.1141865989803,1913.2788883851056,3748.156963337441
val,391,60,80.09288787841797,-94.80249786376953,29.31222915649414,-94.26798248291016,28.853790283203125,3.954902768135071,4277.965704981985,4376.744310394185,2530.6799131614052,5649.818476755435
val,392,80,26.747997283935547,-95.10952758789062,28.82331085205078,-95.31999969482422,28.9381103515625,0.40326664596796036,1763.370126337186,1934.0741012844194,1045.8463298013357,1417.2425092893704
val,393,70,238.85777282714844,-91.56425476074219,27.915529251098633,-89.51795959472656,28.728069305419922,16.816335916519165,12270.41781710243,12269.598184122968,16822.991100147414,23006.06641450029
val,394,81,43.08549499511719,-67.02767181396484,40.57550048828125,-67.53766632080078,40.57550048828125,30.90216064453125,582.0107080295905,578.7675528024462,30584.643582662924,89.18375789678214
val,395,70,155.10401916503906,-123.1922378540039,35.29086685180664,-121.66136169433594,34.680641174316406,28.432981491088867,1282.6642581951169,1312.515617531357,21695.936279624653,181.98822165726435
val,396,89,59.21931076049805,-79.24321746826172,26.22377586364746,-78.66288757324219,26.175579071044922,28.045422554016113,2420.0883789829186,2432.0776182808713,22795.858475709483,2961.125670328079
val,397,60,70.89836120605469,-94.38574981689453,28.88949966430664,-94.80261993408203,29.312240600585938,1.3860483914613724,5309.0570554395335,5473.331538083378,2902.671447726216,6444.592346704029
val,398,70,91.4311752319336,-79.45181274414062,26.44859504699707,-80.12106323242188,26.074600219726562,9.219774888828397,9065.872286814078,9102.833943469375,5372.123113693924,10328.780544305055
val,399,60,23.967288970947266,-71.5113525390625,41.379600524902344,-71.55693817138672,41.173919677734375,0.004844479844905436,497.9477247841311,592.176401985895,439.0400744864257,610.7231288475061
val,400,80,127.70475006103516,-81.33891296386719,24.25908088684082,-82.57620239257812,24.18450927734375,9.723347902297974,2589.4551730333683,2608.2641310688578,9038.461131372529,3472.533684228943
val,401,80,127.38243865966797,-118.20227813720703,33.72969055175781,-118.12901306152344,32.68756103515625,4.8048611879348755,6378.730417359845,6362.23381451573,7682.821721435459,7681.199115830004
val,402,80,35.272789001464844,-93.63780212402344,29.407140731811523,-93.75704193115234,29.591690063476562,1.5025562047958374,3463.9102819815025,3460.0718265696573,1975.183780468784,3962.528938187552
val,403,60,68.13641357421875,-86.80911254882812,44.00926971435547,-87.65123748779297,44.090980529785156,45.88893127441406,1750.6075671534172,1768.8135091378304,36292.30779142299,1471.935891036249
val,404,69,156.92147827148438,-65.66438293457031,19.78200912475586,-64.37206268310547,19.070539474487305,18.699915885925293,2631.070869565662,2639.986887149067,18536.19320420205,84.81239510392246
val,405,66,41.683135986328125,-94.52098083496094,29.166250228881836,-94.77879333496094,29.31475067138672,1.131199687719345,5965.690212781825,6103.481017102774,3908.5832201901176,6681.58352326176
val,406,70,389.2803039550781,-80.12256622314453,26.0733699798584,-78.95832061767578,23.12809944152832,23.80807113647461,25571.93447546659,25594.109347295893,23358.723193914146,23334.093769984214
val,407,69,380.67388916015625,-79.57040405273438,25.461374282836914,-78.99247741699219,26.258169174194336,23.72387981414795,55156.58868243909,55159.11295083299,50008.47971796715,55050.19066336133
val,408,60,37.399715423583984,-65.30307006835938,18.301300048828125,-65.61981964111328,18.228010177612305,0.004110228735953569,1671.863473608869,1681.6678087637324,683.7312300658662,2568.4840929166153
val,409,60,23.356857299804688,-71.51139068603516,41.37955856323242,-71.55696868896484,41.17388153076172,0.004066671011969447,298.62052097350664,410.1269975001908,170.493376807041,203.17335566199787
val,410,70,57.68288040161133,-84.35204315185547,46.502281188964844,-84.01953887939453,46.08021545410156,1.1421066746115685,2480.736481411844,2179.239199846061,1247.5080886231497,1910.0838683078616
val,411,60,37.589019775390625,-65.30314636230469,18.301469802856445,-65.61939239501953,18.229150772094727,0.007314895046874881,1913.4415695615257,1893.5595812639203,128.90558819328834,2871.783800924554
val,412,70,304.5719909667969,-118.25343322753906,33.733158111572266,-121.19721984863281,34.59429168701172,2.8280887603759766,5546.165409537853,5512.3814903314815,3923.5974234494965,7146.672372779216
val,413,70,452.3371887207031,-116.18280792236328,25.82039451599121,-112.4230728149414,23.656280517578125,32.23048973083496,8173.6612220101515,8167.8369914465775,39126.9846915283,8549.782719445162
val,414,80,106.51839447021484,-67.14752197265625,16.3918399810791,-66.44657135009766,15.7110595703125,25.43961524963379,9489.52118634493,9507.549358167711,25351.095297899064,221.9569529712625
val,415,60,23.397064208984375,-71.51133728027344,41.379581451416016,-71.55689239501953,41.17388916015625,0.005084197269752622,318.5170057615186,427.06075036752986,98.5648880256341,163.61331125029034
val,416,60,23.671009063720703,-71.51139831542969,41.379600524902344,-71.55696868896484,41.17390060424805,0.006605247734114528,659.1825408219321,755.4752652617858,633.4401089625841,539.761380982228
val,417,60,39.842529296875,-64.80166625976562,18.006500244140625,-64.93840789794922,18.33880043029785,11.612238883972168,2045.4268381264046,2139.2536997265915,13862.228677815623,225.05808681994205
val,418,60,27.095102310180664,-118.02642822265625,33.60755157470703,-118.26355743408203,33.73357009887695,0.4260215014219284,944.6297696764567,975.6972923378015,1857.9935628335136,1013.366965113824
val,419,80,250.21644592285156,-79.28459167480469,26.174135208129883,-80.34951782226562,24.351829528808594,4.362893104553223,8960.779165700276,8946.94327443402,5964.8232913546,16174.14303058849
val,420,60,37.45671844482422,-65.3030776977539,18.301349639892578,-65.61978912353516,18.228130340576172,0.01272776024416089,1892.2140489265655,1894.985574986512,529.6325065107159,2847.456511767864
val,421,70,674.9965209960938,-87.2979736328125,41.9239387512207,-84.35034942626953,46.50300979614258,11.844122759997845,41018.656027742545,41193.80833023396,24756.060998466983,63320.45867251358
val,422,60,43.918678283691406,-119.20500946044922,34.147708892822266,-119.61380767822266,34.332340240478516,0.09729765728116035,1430.966680132035,1436.4092666364318,751.6345286823627,1385.053091937492
val,423,89,156.30101013183594,-93.94294738769531,29.149799346923828,-94.58260345458984,29.333850860595703,13.681566894054413,28483.017675939085,28504.25666942045,44084.60727204271,29685.21720255252
val,424,60,23.391883850097656,-71.51136016845703,41.37955856323242,-71.55693817138672,41.17390060424805,0.004277987987734377,366.9491534774786,464.7808397900128,238.73336634073888,416.0940394795137
val,425,80,128.1242218017578,-114.59117889404297,23.186254501342773,-113.48339080810547,22.651159286499023,30.47281265258789,2397.7771512938016,2391.14466447245,30402.175367632455,159.123748958725
val,426,60,97.10549926757812,-87.65084838867188,44.09048843383789,-86.45408630371094,43.95087814331055,70.00601577758789,1128.5358821662746,1161.833311017808,59068.68963557321,838.9590368865147
val,427,80,92.13702392578125,-94.38968658447266,29.230009078979492,-93.8847427368164,28.824230194091797,8.164875984191895,14858.61722695044,14868.944132201716,16112.332305772512,14552.389060774052
val,428,79,128.07681274414062,-95.33106231689453,28.94178009033203,-94.74974060058594,27.962400436401367,16.658445119857788,5857.807292167315,5918.315416394204,9834.73664828418,7339.832366522027
val,429,60,23.39921760559082,-71.55709075927734,41.1739616394043,-71.51141357421875,41.37955856323242,0.005370939499698579,394.8422194172008,445.2972395386089,126.4124158358186,429.8775115279045
val,430,60,23.59349250793457,-71.5112075805664,41.379669189453125,-71.55693817138672,41.173858642578125,0.0037401635199785233,254.61048795757824,361.0982907953416,253.40341520511356,330.513507849121
val,431,70,34.56952667236328,-88.30780792236328,29.747539520263672,-88.05378723144531,29.681869506835938,15.304872989654541,5269.006715829215,5265.490441960443,11106.660827335967,4214.522762049386
val,432,70,102.342041015625,-123.42939758300781,34.95058059692383,-122.9791488647461,34.109161376953125,30.862789154052734,1774.05305864003,1786.7709436676487,29257.595794688048,456.47973730007084
val,433,60,43.339805603027344,-85.30397033691406,45.39101028442383,-85.51844787597656,45.74663162231445,38.00082540512085,1346.870712891526,1349.506581025406,38614.412427971125,1047.1280771775664
val,434,60,37.87076950073242,-65.30303192138672,18.30129051208496,-65.61982727050781,18.22800064086914,0.004002721281722188,2212.435773353569,2214.651785784142,455.2428061220805,3186.1620091081995
val,435,66,26.91621208190918,-94.52391052246094,29.338329315185547,-94.77874755859375,29.314559936523438,0.35570920445024967,1690.174759511482,1974.8347803742693,489.75005084559064,1388.8753317337055
val,436,80,431.5113220214844,-64.74415588378906,17.692245483398438,-68.24543762207031,18.801029205322266,5.822033703327179,18431.619611751332,18432.761055032006,9309.640459005097,41348.441802680056
val,437,60,97.35302734375,-87.65116119384766,44.0908317565918,-86.45210266113281,43.949039459228516,70.07565689086914,1216.2104724696433,1253.814447831128,59240.170897140786,679.6801788136937
val,438,70,74.97672271728516,-82.37012481689453,23.961715698242188,-81.73744201660156,24.29892921447754,31.172374725341797,4355.8237906375,4359.010543235509,33032.66920964023,2504.9181963545993
val,439,79,134.4784698486328,-78.80722045898438,26.14289093017578,-80.11547088623047,26.068849563598633,21.13168878853321,6202.464474540227,6227.720001153197,24707.490477938838,3890.7390333819867
val,440,79,75.78399658203125,-79.66010284423828,25.60863494873047,-80.11544799804688,26.06801986694336,4.928979784250259,4892.846190692964,4928.830093973993,9349.329914709771,6315.752772993817
val,441,60,23.466630935668945,-71.55695343017578,41.17390823364258,-71.51142883300781,41.379600524902344,0.00644623814150691,340.93230510575,404.31594319804896,186.46414437860992,357.44626831231255
val,442,70,80.87278747558594,-88.50924682617188,30.337120056152344,-88.15885925292969,29.792810440063477,0.6032284044194967,7113.413349755176,7133.702644646623,1071.0933294506285,7502.176610312738
val,443,60,37.60624694824219,-65.61934661865234,18.229129791259766,-65.30307006835938,18.30133056640625,0.0009302962571382523,1517.5522687333264,1482.1015040240447,465.1150121931247,2703.3941523485228
val,444,70,175.021484375,-79.40579223632812,30.654714584350586,-79.90231323242188,29.140729904174805,32.4458703994751,3704.691346770879,3715.879728562184,23852.670485738177,48.0174243241521
val,445,80,227.45155334472656,-118.27645874023438,32.65711975097656,-117.53710174560547,33.19683074951172,36.37634563446045,25730.264631641046,25738.804220876147,41261.92355398295,25886.281497199303
val,446,70,528.7448120117188,-118.2538833618164,33.766929626464844,-120.4655532836914,30.63450050354004,18.874052047729492,61273.430163841345,61283.0622140226,17476.485259670753,89286.5528648841
val,447,60,97.36579132080078,-87.65084075927734,44.09048843383789,-86.45236206054688,43.9494514465332,70.05120658874512,1189.9939127939087,1226.361505200272,58719.68746807503,1189.0515903335984
val,448,60,71.00284576416016,-94.54704284667969,29.13075065612793,-94.29010772705078,28.559289932250977,18.673219203948975,1247.0526789592068,1295.7025483865084,16861.62806324104,1351.935386246811
val,449,60,23.602352142333984,-71.55695343017578,41.17388153076172,-71.51138305664062,41.37955856323242,0.005385031690821052,534.1299940352882,592.0565439901628,278.0614689359253,679.3970383403878
val,450,60,23.381155014038086,-71.51139068603516,41.37955856323242,-71.55692291259766,41.17388153076172,0.005657379049807787,324.3806106236323,447.195571821548,269.50367344152005,174.40643224935926
val,451,70,524.2239379882812,-120.09393310546875,29.07451057434082,-124.32930755615234,32.06203842163086,148.94295501708984,11144.544694287693,11151.79012317841,75925.97650668818,1272.1071469702283
val,452,82,174.97242736816406,-117.56376647949219,29.896820068359375,-117.06687927246094,29.486570358276367,26.62197780609131,19098.774218591003,19100.671534975267,17538.865794313682,19237.032436436566
val,453,70,282.2652282714844,-97.18055725097656,26.057880401611328,-94.3759994506836,25.859939575195312,40.421775341033936,6420.956169308116,6439.192203904465,28710.964588476258,1795.5987297694742
val,454,79,335.7062072753906,-85.61428833007812,26.42867088317871,-82.56353759765625,27.6300106048584,51.70623207092285,15747.062401471712,15771.710351038351,34957.90819802263,7629.890464435936
val,455,60,23.38323211669922,-71.55699920654297,41.173919677734375,-71.51142120361328,41.379608154296875,0.0065872929990291595,319.5231153701805,387.6969440588275,237.59707837857542,329.2939354140761
val,456,66,29.183048248291016,-94.77874755859375,29.314529418945312,-94.52069091796875,29.27429962158203,0.28020344488322735,3135.4474366156537,3288.309919304563,872.3568881169004,2973.9712328529795
val,457,70,78.7187271118164,-83.30097198486328,45.49888610839844,-82.87036895751953,44.87266159057617,23.692520141601562,3188.4434881927946,3204.6369196526844,24312.581942024906,3509.904538713244
val,458,60,33.424095153808594,-65.61934661865234,18.2291202545166,-65.33834838867188,18.281494140625,0.14317767601460218,1927.1044223699687,1893.6191442609434,300.23375098111114,2706.6024924678977
val,459,80,47.00435256958008,-64.52392578125,18.275970458984375,-64.08325958251953,18.21664047241211,12.403868675231934,2575.2618258646194,2617.1054316766517,7956.380637720385,34.184385098438106
val,460,60,23.433658599853516,-71.55696105957031,41.17388153076172,-71.51139831542969,41.37961959838867,0.004172936198301613,490.46284590586623,549.1620421323001,144.8367047433861,649.8299304137352
val,461,70,69.8773422241211,-91.75372314453125,29.379350662231445,-92.30462646484375,29.553659439086914,0.8249120619148016,6175.104084060532,6127.933002442226,2965.221401431388,10180.498346312734
val,462,60,34.423404693603516,-89.84932708740234,29.01011085510254,-89.49957275390625,28.97154998779297,0.2824774831533432,988.1183757009231,997.5165280044256,3944.9305917966885,375.2165237086556
val,463,70,65.5667495727539,-80.0506820678711,26.765880584716797,-79.46125030517578,26.862720489501953,5.435342411510646,1703.1155630402632,1750.3525887052774,4107.45253811529,2173.7877129193694
val,464,79,246.18423461914062,-80.11624908447266,26.065860748291016,-80.31458282470703,24.347309112548828,2.793569564819336,7330.193423141949,7356.205683560866,2280.7719214713607,38599.73043498844
val,465,79,41.79706954956055,-123.20259094238281,49.12405014038086,-123.73960876464844,49.21059036254883,0.725290983915329,1679.4445888691882,1670.0207470301211,495.38521073718806,2330.7160629215464
val,466,69,22.832212448120117,-86.9833755493164,28.85210418701172,-87.12010192871094,29.018840789794922,25.64955234527588,1224.1506077361819,1241.3258276972408,20707.652270584844,141.53444145209423
val,467,71,267.054931640625,-73.45599365234375,40.531829833984375,-73.78974151611328,38.32381820678711,32.53193473815918,27617.90165504,27622.970630626216,34569.576868989796,18988.088092387716
val,468,60,124.3011245727539,-79.2048568725586,25.41663932800293,-80.1665267944336,25.775630950927734,19.492167592048645,13045.91803062544,13077.826393169364,19078.082631123452,8656.583128812532
val,469,60,23.516992568969727,-71.55696105957031,41.173919677734375,-71.51139831542969,41.37957000732422,0.006829822901636362,479.6985804507971,537.3280257877141,130.7290625190657,596.0641036375454
val,470,80,186.768798828125,-82.20563507080078,23.68140411376953,-80.50821685791016,24.17268943786621,25.680169105529785,4362.593643644333,4371.061705097921,24978.131035839964,11700.927645930806
val,471,70,142.7528076171875,-82.73100280761719,41.460811614990234,-83.11080932617188,42.27595138549805,0.09471336752176285,13243.648955575496,12353.901656461989,2468.0312782768765,15742.525419708552
val,472,70,33.77652359008789,-79.49468231201172,26.16643524169922,-79.42172241210938,26.46285057067871,11.796531200408936,1798.3650402949586,1805.9552580486268,10347.425606600833,270.8555354706217
val,473,80,81.05318450927734,-94.70597076416016,28.61988067626953,-94.52996063232422,29.11631965637207,5.408916234970093,12823.581274573622,12831.649160970714,17083.073264583207,14736.19031320537
val,474,60,37.51462936401367,-65.30303192138672,18.30133056640625,-65.61968994140625,18.22978973388672,0.003810037043876946,1643.6754155351457,1639.0202442925354,741.7237758206147,2409.461858543775
val,475,70,34.31171798706055,-64.94644165039062,18.335369110107422,-64.66056823730469,18.32649040222168,1.1931911557912827,2062.3385371758936,1870.8611266404603,967.186372585572,4053.030783387177
val,476,60,23.42177963256836,-71.55695343017578,41.17388916015625,-71.51139831542969,41.37958908081055,0.004694186733104289,349.09550906543365,412.9471420332879,119.13341819514508,431.1326060054944
val,477,79,45.96335220336914,-79.74272155761719,26.124149322509766,-79.28441619873047,26.160730361938477,19.97147798538208,2022.6743837740728,2033.4121235614316,19532.55535571134,279.6394481213672
val,478,60,23.4016056060791,-71.55696105957031,41.17387008666992,-71.51239776611328,41.38026809692383,0.027340748347342014,367.99908484733913,449.4977815737341,293.4975332951548,352.87934413094223
val,479,70,274.83905029296875,-80.0527572631836,26.76987075805664,-80.67086791992188,24.608150482177734,8.00265683233738,8499.686017555203,8516.918195547629,7876.298304334872,28809.229004436125
val,480,80,89.53382110595703,-94.64382934570312,29.210050582885742,-94.41974639892578,28.549570083618164,2.6135669946670532,6453.410714288642,6468.538135942666,2007.4796837434938,10664.866248674754
val,481,70,471.2918395996094,-124.30281829833984,44.541664123535156,-124.99942016601562,40.34899139404297,61.25324821472168,19875.45499037264,19670.116612704434,47061.877029215415,4839.097578712169
val,482,60,36.781959533691406,-119.50773620605469,34.38414001464844,-119.2770767211914,34.117828369140625,0.007300213212147355,365.3751632602915,408.76366604479983,1790.715954760842,431.801851880507
val,483,70,628.5697021484375,-118.20233917236328,33.74367904663086,-116.24481201171875,28.38241958618164,4.558973789215088,13285.461735412176,13302.238203426068,8885.491269719068,6963.232050751007
val,484,60,44.060394287109375,-89.81938934326172,28.970239639282227,-89.97142791748047,29.254640579223633,0.03838460985571146,2485.375924112578,2561.851317680202,4109.745772112875,2775.3963177442347
val,485,80,125.35014343261719,-77.17334747314453,33.51708984375,-78.1562728881836,32.74734878540039,23.867847442626953,3228.063546243508,3253.9050258975994,18590.700302229678,301.90771004283977
val,486,60,23.403005599975586,-71.51138305664062,41.37957000732422,-71.55692291259766,41.17390060424805,0.005478960694745183,312.11574028708196,421.11312493382314,99.26993148016078,176.0175652355773
val,487,70,353.15167236328125,-79.46160125732422,27.1303653717041,-80.90225982666016,24.485219955444336,13.733770370483398,14602.927317987384,14586.086221147216,6969.1810209853875,28898.611757979423
val,488,60,63.253902435302734,-74.83570098876953,38.97964096069336,-74.51022338867188,38.51401138305664,16.552839994430542,2989.9533649880377,3057.4667746826512,11262.688942954805,3103.2380682974726
val,489,66,53.6266975402832,-94.59504699707031,28.968530654907227,-94.77873229980469,29.314470291137695,0.8293930753134191,5210.7204518224235,5346.803343629267,1398.1695846428652,6772.914177126735
val,490,60,51.5192985534668,-89.58293151855469,28.980640411376953,-90.1055908203125,29.036340713500977,3.8683575987815857,2078.564438142211,2102.652093437586,3407.9968990958705,335.8713515829983
val,491,60,23.385709762573242,-71.55696105957031,41.17388916015625,-71.51139831542969,41.37955856323242,0.005905298050493002,378.66407705007725,436.98219299736553,58.83201166660536,488.4348131921266
val,492,80,300.2047119140625,-70.00051879882812,42.2218132019043,-70.30178833007812,40.545738220214844,37.96013879776001,45233.389268198734,45234.18530562721,38752.9406505401,58571.401782752335
val,493,80,327.7696228027344,-94.43325805664062,28.551395416259766,-93.52786254882812,25.836780548095703,29.151182174682617,14405.24204045933,14404.814164745561,60563.56405370912,20620.2726880589
val,494,80,338.8910217285156,-118.12547302246094,33.683349609375,-116.97931671142578,30.865829467773438,5.558147430419922,6410.318474736091,6414.139302117966,5514.031069631816,7455.482264200914
val,495,60,23.472187042236328,-71.51136016845703,41.37955856323242,-71.55711364746094,41.173988342285156,0.004224130883812904,436.8531761822645,514.9942581649965,166.01059364281963,380.6664044366152
val,496,71,270.8973693847656,-80.11544036865234,26.069089889526367,-80.39895629882812,24.313690185546875,1.8644767221994698,13900.294006977472,13910.494196876314,5505.7794017654915,44556.649756993065
val,497,70,599.0511474609375,-87.43718719482422,41.67369079589844,-83.99205017089844,45.906620025634766,1.9209982827305794,34418.54646558541,34183.91013851135,1871.2367619052056,60186.17041356845
val,498,70,262.3473205566406,-76.69657135009766,34.71564865112305,-78.15061950683594,33.77901840209961,0.531753771007061,19219.408883389173,19279.00720417975,4848.1017619803915,45823.12286229555
val,499,60,23.498119354248047,-71.55696868896484,41.173858642578125,-71.51141357421875,41.37955856323242,0.004616598482243717,568.4602889596156,612.2556548327491,221.08528097995455,608.246123931184
val,500,60,23.450838088989258,-71.55697631835938,41.17388916015625,-71.51143646240234,41.379638671875,0.006507217418402433,344.9646065296672,414.6627344970674,168.36495397341739,404.7649678566944
val,501,80,240.60565185546875,-79.5810317993164,25.09596061706543,-79.3326187133789,27.24032974243164,10.574440836906433,4552.033411225931,4531.620515204123,10351.730757217947,2633.86464066168
val,502,60,23.401227951049805,-71.55706787109375,41.17396926879883,-71.51142120361328,41.379581451416016,0.007867936510592699,417.38469909897856,470.4596480738461,134.35956135743913,536.6688725812494
val,503,60,37.51694107055664,-65.30307006835938,18.301279067993164,-65.6194076538086,18.22907066345215,0.001165685593150556,1957.2473273852631,1945.7604502130764,489.1675556894048,2939.9370249100098
val,504,71,629.5025024414062,-118.27263641357422,33.76277160644531,-122.52362823486328,37.07447814941406,7.736075401306152,13123.986407423487,13055.374563837442,53721.62305581169,68876.3140219575
val,505,60,111.94860076904297,-93.83357238769531,28.822080612182617,-94.78192901611328,29.317659378051758,2.6213042736053467,3566.6876206633083,3676.628426391336,1550.4955293959395,4519.060113933524
val,506,70,83.68791198730469,-93.33167266845703,29.783479690551758,-93.69384765625,29.124919891357422,3.4489303827285767,2507.493830801976,2575.570995884656,4844.38885220464,3944.316928771032
val,507,60,23.437671661376953,-71.51139831542969,41.379581451416016,-71.55695343017578,41.17390060424805,0.006331408862024546,296.0167947109834,421.79674751320977,244.7480492862016,177.04685068996287
val,508,70,222.86846923828125,-71.37861633300781,41.437435150146484,-71.82879638671875,39.51491928100586,23.438100934028625,11553.624019206447,11552.619188413495,24826.429686910113,10488.239362002283
val,509,81,74.50042724609375,-79.57062530517578,25.790210723876953,-79.41343688964844,26.445039749145508,27.989421844482422,1403.1859910829921,1432.915030445831,26589.43220248219,174.09573937905276
val,510,70,21.792898178100586,-94.05117797851562,28.738759994506836,-93.82865905761719,28.72174072265625,11.406219244003296,1358.3619833901557,1380.750070729382,10660.131257497134,137.79504190937874
val,511,60,23.148561477661133,-71.51136016845703,41.379581451416016,-71.55525207519531,41.1756706237793,0.017162614269182086,332.40867090330397,442.4606014187511,193.1410242429527,145.0819298781556
val,512,70,221.11427307128906,-95.32952117919922,28.943729400634766,-95.33544921875,27.147619247436523,18.061134955380112,11722.766039923825,11777.825056741201,17795.657837306877,20780.258694748136
val,513,70,37.72757339477539,-94.82232666015625,29.126619338989258,-94.78135681152344,29.323339462280273,0.09265845362097025,4424.982519902028,4407.131864062421,517.2120933948913,6743.386451420105
val,514,70,129.1024627685547,-83.01209259033203,44.80525588989258,-83.73294830322266,43.78982162475586,40.76310062408447,10558.2525411182,10519.97957761627,31742.138749790418,4127.414491413603
val,515,60,97.38751983642578,-86.45227813720703,43.94950866699219,-87.65086364746094,44.090511322021484,59.25992965698242,2168.6526460408754,2184.221603140215,44582.99183249828,1522.2784239754574
val,516,71,265.49835205078125,-121.90495300292969,34.47209930419922,-119.10981750488281,33.96181869506836,25.79471778869629,9994.897916721222,9959.511522403456,45152.921970998446,7987.51689043104
val,517,89,44.3909912109375,-90.26887512207031,24.09462547302246,-90.68675231933594,24.009479522705078,48.137197494506836,2221.110181847884,2232.1425995164022,45212.602260377884,2283.561574534613
val,518,70,35.737491607666016,-66.83390808105469,16.863365173339844,-66.54544830322266,16.699010848999023,31.810114860534668,4173.256433280977,4196.567043690271,16258.047972401993,53.60328444549132
val,519,60,128.5929412841797,-94.78662109375,27.916540145874023,-95.28605651855469,28.96795082092285,0.04983767494559288,4662.782786365947,4754.235808696668,3448.131003407196,1385.9286609265887
val,520,60,86.32929229736328,-75.9380111694336,36.91532897949219,-75.42124938964844,36.27627182006836,34.569151878356934,2751.7762995945204,2771.6348129232615,25032.31651507916,3751.560025356703
val,521,79,84.26471710205078,-80.1213607788086,26.07282066345215,-79.3056869506836,26.167539596557617,4.490910023450851,874.0917133047449,932.8196198180381,3010.867174127147,1123.8806045342997
val,522,70,86.05326080322266,-94.79418182373047,29.31492042541504,-94.63819122314453,28.67193031311035,1.363858163356781,5536.101197929629,5614.088191858693,1774.4333875788252,8236.345444525557
val,523,71,74.53153991699219,-79.32594299316406,26.614299774169922,-80.05198669433594,26.76791000366211,0.49463360011577606,1450.6848720670196,1485.9184985375007,1931.7572730148154,293.92030535385305
val,524,60,23.508150100708008,-71.51138305664062,41.37958908081055,-71.55693054199219,41.17390060424805,0.006486642174422741,487.25217806985177,599.4286508979467,460.6088413768905,333.4074202910761
val,525,71,163.8511962890625,-88.03352355957031,30.66843032836914,-87.44336700439453,29.4101505279541,1.3707706555724144,6478.3081488038615,6516.732105601056,1633.9279218318286,11756.876513030396
val,526,60,23.38351058959961,-71.55709075927734,41.17396926879883,-71.51139831542969,41.379600524902344,0.005523500498384237,239.88163757732565,340.5082460183243,199.54211722829018,232.11405177511168
val,527,70,45.992252349853516,-72.22653198242188,38.75339126586914,-72.47366333007812,39.11656951904297,24.195125341415405,1666.986681973598,1682.7390568190092,12591.960752420657,1421.5350819469497
val,528,60,37.79874801635742,-65.61936950683594,18.229150772094727,-65.30307006835938,18.30133056640625,0.0003605336823966354,1742.6456630543803,1709.7846666771984,215.64937867928953,2920.371512283969
val,529,60,97.39376831054688,-87.6509780883789,44.09115982055664,-86.45188903808594,43.9493293762207,70.10540771484375,1176.6570446934436,1211.023355055338,58790.60021697459,1142.4063179053633
val,530,80,76.39253997802734,-118.45204162597656,33.91170120239258,-118.22666931152344,33.728851318359375,0.37200208753347397,12927.668064915544,11403.45789837938,1516.133908198536,14927.251563211898
val,531,70,26.058467864990234,-91.57096862792969,28.4979190826416,-91.64563751220703,28.676679611206055,23.852303504943848,3526.0858648169565,3542.5650652597446,16761.645795324213,2881.5403044664467
val,532,70,225.99801635742188,-118.25599670410156,33.76033020019531,-117.6515121459961,31.870410919189453,1.4861877895891666,8117.971432065075,8172.035875832298,1574.700732933489,9388.119431664425
val,533,60,85.22465515136719,-94.46700286865234,29.16321563720703,-93.74413299560547,28.736900329589844,2.8905303478240967,1937.803716271024,1943.063264498262,1835.059750536336,1624.2739243249864
val,534,70,40.18504333496094,-76.09945678710938,37.18309020996094,-75.90773010253906,36.89316940307617,5.420625925064087,2924.146461515592,2929.433634536225,3592.4196381999495,3914.6079517189683
val,535,60,23.44725799560547,-71.51138305664062,41.379581451416016,-71.55696868896484,41.17390823364258,0.005967339966446161,283.95137975640915,418.94825163881285,201.96994657961002,227.81030773834726
val,536,60,37.82619857788086,-65.61937713623047,18.229129791259766,-65.30306243896484,18.301300048828125,0.00036068365443497896,1895.7764832596902,1861.1670795798232,112.03422678405684,3089.8549459057544
val,537,60,36.18292236328125,-87.65072631835938,44.09117889404297,-87.20771789550781,44.02777099609375,19.337099194526672,1199.0486784661043,1219.8113166309367,17104.891221351907,394.14939188751987
val,538,60,23.27170753479004,-71.51138305664062,41.37958908081055,-71.55586242675781,41.17441940307617,0.008020311128348112,292.1940822780363,395.22667160393365,47.03434817549719,186.8364011772912
val,539,79,105.44346618652344,-88.74654388427734,23.828935623168945,-87.83467102050781,23.380699157714844,53.422821044921875,1608.6117064919388,1635.4316856670464,52851.51187259153,124.19817793491366
val,540,60,32.441383361816406,-85.74710083007812,30.148420333862305,-85.93499755859375,30.02631950378418,1.3913275748491287,2002.4681931300238,2098.756157210648,1553.6411475122238,2583.167738376609
val,541,80,178.6611328125,-79.37655639648438,26.348215103149414,-79.09996795654297,27.900999069213867,46.817495346069336,7346.033329364526,7348.103669126444,24206.877138841388,8588.844735091092
val,542,70,36.038246154785156,-80.1222915649414,26.090620040893555,-79.83970642089844,26.22579002380371,3.105359435081482,4140.738706599855,4227.368232717496,5539.095272289278,4022.9293733375575
val,543,60,65.61441802978516,-94.80245971679688,29.3122501373291,-94.58837890625,29.256580352783203,2.4493277072906494,11546.865321003173,11727.141537119018,12289.327268772135,12482.452288903822
val,544,89,444.4109191894531,-64.77102661132812,17.57513999938965,-68.57716369628906,17.3201904296875,23.502731800079346,45058.68741548518,45053.01201280054,54301.31715047064,24829.75703277202
val,545,60,40.10797882080078,-89.5154037475586,28.972379684448242,-89.91898345947266,29.02113914489746,0.373613815754652,1292.8608189024073,1316.311297586379,622.550268454998,502.18954076952207
val,546,70,33.77874755859375,-64.94638061523438,18.33530044555664,-64.66461181640625,18.322650909423828,1.3847641795873642,1794.4236346310145,1566.6809823408084,951.5396368114309,3838.1675682629366
val,547,89,29.074295043945312,-117.55742645263672,32.480159759521484,-117.48380279541016,32.22636032104492,37.163700103759766,678.8334512613637,707.5517443674024,24781.18270884702,243.24818579862682
val,548,70,34.036014556884766,-79.60192108154297,28.817180633544922,-79.85237884521484,28.60416030883789,30.602543830871582,2618.740224219522,2612.601347055485,19196.20141914821,116.5294310939377
val,549,60,41.52613067626953,-94.80261993408203,29.312299728393555,-94.68852233886719,29.07649040222168,1.2403331845998764,5265.594037588944,5474.005050096355,975.37707486072,6880.8477640615165
val,550,70,57.64445114135742,-68.6707534790039,43.0232048034668,-69.37873840332031,43.02975082397461,53.24707221984863,2040.5508415071329,2052.7652434935494,52722.86886089808,438.83141240741577
val,551,60,23.45284080505371,-71.51139068603516,41.37955856323242,-71.55708312988281,41.17396926879883,0.005817336263135076,374.7806340150866,457.6810550390878,179.3145354234808,268.0221637727328
val,552,69,93.7346420288086,-118.21695709228516,33.75556182861328,-118.55278015136719,33.00770950317383,25.136175632476807,5761.893002597473,5739.646194481717,23981.130120032358,6525.824042653233
val,553,84,213.5442657470703,-93.34191131591797,29.77222442626953,-92.72953033447266,28.022939682006836,10.554626673460007,6452.619689498686,6468.77450997173,10447.398335459457,10786.444275714004
val,554,60,105.16240692138672,-117.23554992675781,32.69382858276367,-117.39913177490234,31.996599197387695,5.582196928560734,15768.746226847492,15779.79459153216,27396.206707124078,14423.091662564002
val,555,80,214.3225860595703,-118.22080993652344,33.77248001098633,-120.20262908935547,34.28316879272461,3.5221688747406006,7472.970872893639,7396.792151444821,2655.7307440407367,10598.889823213287
val,556,89,428.3816223144531,-94.46620178222656,29.263830184936523,-90.77928924560547,27.978870391845703,8.656375169754028,11136.738504114146,11125.531008458378,4538.487048125195,37505.16560883052
val,557,60,37.59608840942383,-65.61933898925781,18.229129791259766,-65.30304718017578,18.301300048828125,0.0016516635660082102,1730.610630829803,1696.9838633358445,214.4242507274654,2932.0678407499586
val,558,80,84.27548217773438,-94.74685668945312,28.56114959716797,-94.55007934570312,29.18787956237793,3.680676817893982,5989.863315264892,5992.3205622865535,3669.17536724622,9662.093547062725
val,559,69,79.23661041259766,-91.85875701904297,28.990549087524414,-92.30448913574219,29.554079055786133,5.810185234062374,2541.1425818731996,2532.866892663603,9764.893266517358,4851.104415601422
val,560,70,300.8948974609375,-88.03008270263672,30.6689395904541,-89.48542785644531,28.780750274658203,1.6869818344712257,11526.450562703812,11563.813576058219,827.8007431209476,21486.884532227294
val,561,60,23.437044143676758,-71.55696868896484,41.173858642578125,-71.51145935058594,41.379638671875,0.006340482272207737,479.92851558719127,540.9679687959854,99.53204683652051,620.0110610240991
val,562,80,266.9073791503906,-94.63411712646484,29.097869873046875,-96.87715148925781,27.81467056274414,3.744969129562378,2567.8292910793443,2573.518330829356,2750.1969067840732,8322.839543866196
val,563,60,23.47592544555664,-71.55693817138672,41.173919677734375,-71.51138305664062,41.379600524902344,0.0058027798077091575,607.8170935439599,664.5010469639118,253.66926868145646,765.1937592015082
val,564,70,164.27874755859375,-117.1941909790039,32.64427947998047,-118.1553726196289,33.71559143066406,9.597651958465576,8101.927521772803,8089.737696080434,11299.896606240953,13772.872407138964
val,565,70,130.78541564941406,-88.03214263916016,30.65744972229004,-87.61820983886719,29.616500854492188,1.8533135056495667,5667.262434912819,5688.004403305586,922.4985132327373,9925.118051699741
val,566,71,244.9595184326172,-65.47181701660156,19.77787971496582,-67.64396667480469,19.08316993713379,37.11665487289429,5892.595270339899,5902.105472620297,30051.08184831536,7639.937890434905
val,567,60,97.45463562011719,-86.45233154296875,43.949440002441406,-87.6507568359375,44.09231185913086,59.21556091308594,2548.9678545302363,2559.805944877073,44106.55544994788,1896.8871502684208
val,568,60,23.38787841796875,-71.51138305664062,41.379600524902344,-71.55693817138672,41.17387008666992,0.005481150234118104,321.4496429189479,420.74990971955197,93.27877641245232,365.6082766214745
val,569,70,103.2769775390625,-80.50672149658203,31.768890380859375,-79.9373779296875,30.987890243530273,20.111624717712402,2699.965212697216,2700.784891703703,13187.235942474988,3036.145289205814
val,570,80,242.94923400878906,-94.59638977050781,29.285490036010742,-92.73206329345703,28.043800354003906,8.271494746208191,7076.714004751575,7117.402301626539,4581.669260275366,7876.708234907767
val,571,60,78.51902770996094,-79.24198913574219,26.164640426635742,-79.56565856933594,25.581710815429688,24.916574478149414,5808.030367310937,5822.577014679246,14541.109864337073,7832.6344066607535
val,572,69,167.2339324951172,-78.52830505371094,26.05653953552246,-80.05609130859375,25.77791976928711,19.338501453399658,17994.341338225182,17993.955126897654,104707.29993655096,14383.278285094373
val,573,60,23.408737182617188,-71.55693054199219,41.17388153076172,-71.51136779785156,41.379581451416016,0.004794582957401872,263.4631860679176,346.3328513137671,181.58045045856298,353.92350004302443
val,574,70,31.636165618896484,-91.87223052978516,29.11581039428711,-91.75344848632812,29.379240036010742,21.031819343566895,450.644063053357,490.3076392896464,13477.861912244553,156.5857307883119
val,575,79,39.017086029052734,-80.11541748046875,26.068910598754883,-79.7623062133789,26.018049240112305,4.702121078968048,2562.430327582121,2585.6119729976276,3230.024791064909,2697.414828827927
val,576,66,28.69635009765625,-94.51390075683594,29.320539474487305,-94.77876281738281,29.31460952758789,0.07021134719252586,1546.2197438700703,1693.7665833188667,565.5507879227184,1477.5150195957858
val,577,70,137.12216186523438,-92.30476379394531,29.553680419921875,-92.01164245605469,28.79553985595703,2.7755842618644238,17762.742585673564,17779.479089872555,20014.90981636382,13467.67624879109
val,578,60,37.83939743041992,-65.61934661865234,18.229129791259766,-65.30307006835938,18.30129051208496,0.0015932698734104633,1828.3229987601865,1791.8846410324034,111.46282945367567,3019.7274352536665
val,579,60,97.18205261230469,-87.6511001586914,44.09074020385742,-86.45404052734375,43.951358795166016,70.02986335754395,1299.7041096366113,1323.3506786534012,59509.429219310776,447.8618985504806
val,580,80,1291.116943359375,-117.50399780273438,33.10165023803711,-117.93351745605469,32.81481170654297,25.18187141418457,37656.31096191936,37668.07584689483,43238.932836622866,37377.16656585861
val,581,60,23.514991760253906,-71.51138305664062,41.379608154296875,-71.55695343017578,41.17390823364258,0.006945441011339426,379.6604220463351,500.23364601430086,347.7888662166311,294.37874789363866
val,582,70,365.07781982421875,-91.02391052246094,28.862319946289062,-94.62098693847656,29.3439998626709,29.63154411315918,25015.21252045933,25012.573887608432,33710.84204347588,7232.221736857068
val,583,60,24.422086715698242,-79.62635040283203,26.161144256591797,-79.38522338867188,26.19824981689453,7.1561199426651,1246.3055733698618,1258.682664884967,6965.06929779307,149.8487607943305
val,584,80,270.3534851074219,-70.336669921875,42.30550003051758,-68.84571075439453,40.2752799987793,35.78060722351074,3987.5381411944454,3992.7513118731413,20534.727259221334,16289.627443109332
val,585,70,105.83881378173828,-88.03885650634766,30.25582504272461,-87.49346923828125,29.493270874023438,8.743894577026367,2739.987340550578,2757.1787928614413,9207.591233840933,4389.7985432672485
val,586,66,56.40049362182617,-94.70654296875,28.92622947692871,-94.77880859375,29.314550399780273,1.2671869397163391,5190.810965836496,5324.3084136406915,875.5766691016876,7006.078189313124
val,587,70,397.23822021484375,-75.08213806152344,38.880210876464844,-74.73050689697266,35.406131744384766,27.031831741333008,9612.202492675075,9620.350919482175,16813.225064336293,17824.553192976793
val,588,70,236.24835205078125,-94.81973266601562,29.309429168701172,-92.85640716552734,28.180749893188477,1.6720452010631561,6319.039810444638,6355.405630842411,6374.418504962122,5682.594049193132
val,589,74,446.80963134765625,-75.25236511230469,36.74610900878906,-74.86991882324219,36.53923034667969,19.287707328796387,13787.081295977609,13788.594542567342,50645.65012047404,15017.269956614799
val,590,70,60.549591064453125,-92.28240203857422,27.590120315551758,-91.73973083496094,27.84178924560547,19.03575325012207,2863.393767726108,2850.6099199103483,19336.60915103688,478.8915015155077
val,591,80,122.50318908691406,-80.61115264892578,28.414140701293945,-79.9703369140625,27.49921989440918,2.1939144134521484,2894.9010501453618,2948.4298317985454,2253.6009862675082,6300.435277276213
val,592,70,261.5679931640625,-80.5482406616211,41.969608306884766,-83.08954620361328,42.30168151855469,0.00981252919882536,10541.046933412481,9776.14891781471,874.4571743642055,27034.208570463237
val,593,71,265.50616455078125,-80.47354125976562,24.73883056640625,-80.05174255371094,26.76963996887207,25.207877159118652,9658.599677898186,9664.1416969126,23462.031177402027,24156.881955890716
val,594,60,38.134586334228516,-65.6193618774414,18.229129791259766,-65.30307006835938,18.301279067993164,0.0010252316715195775,2206.8174443939633,2168.393519578874,497.91993780694565,3407.877737261765
val,595,80,52.615989685058594,-92.26087951660156,26.889680862426758,-92.05455017089844,26.453929901123047,36.306453704833984,1034.4993803951345,1055.7607718666522,26599.971859398644,84.51673958323713
val,596,60,98.71788024902344,-87.65087127685547,44.091209411621094,-86.4520492553711,43.94956970214844,70.10521697998047,2200.17648713858,2232.908234742675,57703.68631870531,2376.435881795245
val,597,60,23.40228843688965,-71.55711364746094,41.1739501953125,-71.51139831542969,41.37958908081055,0.004356873454526067,381.9309231291832,436.65741418548384,66.89073373291798,422.9729372248214
val,598,70,129.08657836914062,-88.0324935913086,30.65727996826172,-87.63494873046875,29.64158058166504,1.8121156096458435,5974.4759383842265,5995.914862157498,2210.2714966765097,10136.903310502017
val,599,60,29.65485954284668,-85.74710845947266,30.148420333862305,-85.93628692626953,30.018840789794922,1.0432839691638947,2361.5080107598105,2446.9602113236533,2454.213043805024,2059.128215840592
val,600,80,102.7929458618164,-96.94783020019531,27.833209991455078,-96.12577819824219,27.314950942993164,5.452845215797424,4619.722468238648,4643.628212226064,3104.908385978408,3044.4163442031695
val,601,60,29.15542221069336,-70.27678680419922,41.650390625,-70.1754379272461,41.415679931640625,0.12351498194038868,1427.0900844662865,1582.8098198798355,241.32996851343424,1655.2236754726769
val,602,84,38.94987869262695,-92.91619873046875,28.2500057220459,-92.6888198852539,27.962949752807617,33.76888847351074,1934.6125807301032,1944.4817219898723,17182.374074722167,217.46579598587974
val,603,60,23.46988296508789,-71.51138305664062,41.37957000732422,-71.55695343017578,41.17388153076172,0.004684159066528082,453.52174734229163,535.8079421162163,262.8436361346992,535.6335123047149
val,604,71,375.0260925292969,-76.85648345947266,33.633365631103516,-80.2861099243164,31.964509963989258,33.51476287841797,6468.021016850441,6477.632401860295,33591.55399586091,8737.93660060781
val,605,60,23.461746215820312,-71.55708312988281,41.17396926879883,-71.51141357421875,41.37955856323242,0.005840294761583209,404.0594982694818,463.55735558208556,145.9886689016316,517.1465782862794
val,606,60,58.38050842285156,-89.81897735595703,28.786605834960938,-90.22239685058594,29.096670150756836,6.144685506820679,6238.514313744929,6262.915161602376,10251.734368224837,6723.5278900681
val,607,60,23.448326110839844,-71.55709075927734,41.173988342285156,-71.5113754272461,41.379581451416016,0.005583368008956313,468.46410288994025,522.1615155828508,204.4620545483183,470.6575524734364
val,608,80,115.58660125732422,-94.80692291259766,29.311670303344727,-94.59774780273438,28.548580169677734,2.629175841808319,11620.811474033317,11671.342298884712,1641.666470442595,17325.18046644875
val,609,60,33.815921783447266,-77.73172760009766,25.81322479248047,-77.54438018798828,25.576980590820312,4.874467611312866,1812.2774054986123,1810.4107316192797,3700.7256227901808,2715.370565503474
val,610,80,78.6953353881836,-89.36961364746094,28.858169555664062,-89.30680084228516,28.509809494018555,3.1724865436553955,13520.535393760632,13534.59572547898,11028.286481124851,13890.325487111391
val,611,66,31.10068702697754,-94.77879333496094,29.314720153808594,-94.4862289428711,29.29408073425293,0.16089727729558945,2589.304065294803,2744.109311908012,769.3088235037413,2300.2319663757526
val,612,70,160.3243408203125,-90.22752380371094,29.065370559692383,-88.67823791503906,28.972339630126953,6.8070836663246155,5369.970846044859,5362.624861282373,5343.4246278218925,12159.42853467929
val,613,70,48.120811462402344,-81.39913940429688,24.420080184936523,-80.94265747070312,24.54006004333496,19.976638793945312,2432.285964026575,2444.9547702040472,21749.175650342204,335.23913459038954
val,614,70,51.075599670410156,-94.79390716552734,29.31468963623047,-94.64158630371094,28.99102020263672,1.6405585296452045,5653.375717969421,5766.587617869355,1616.4604594129112,7575.656386894634
val,615,80,32.195926666259766,-77.270263671875,22.019094467163086,-77.50092315673828,22.21442985534668,3.6704498529434204,1034.0349827324176,1077.6145513770064,2884.662069580582,31.091116209774636
val,616,80,41.37416458129883,-93.6986312866211,29.22580909729004,-93.72870635986328,29.535120010375977,7.556540489196777,2430.314818148684,2428.465872324432,9931.6351163201,4050.295273793031
val,617,80,176.68896484375,-71.54956817626953,40.53273010253906,-73.61965942382812,40.491268157958984,2.27189838886261,3741.5971930977153,3723.1361531903444,2098.5359855922165,1446.7787391441345
val,618,60,23.492765426635742,-71.51139068603516,41.37955856323242,-71.55695343017578,41.17388153076172,0.004456460475921631,356.2571578723122,448.30028923480336,172.40275889271228,338.3939164288321
val,619,70,117.86418151855469,-95.53707885742188,28.71303939819336,-95.32808685302734,28.947689056396484,5.645784139633179,18053.015361862723,18071.38882409025,23511.28241472257,17240.60065081924
val,620,66,23.665876388549805,-94.56242370605469,29.31777000427246,-94.77877807617188,29.314599990844727,0.26303760209702887,1839.0943277884628,2009.7944497997853,521.7411056822096,1768.2022751565084
val,621,60,31.515684127807617,-70.27680206298828,41.65037155151367,-70.16458129882812,41.39659881591797,0.5614448199048638,1380.209753501212,1525.1766125113152,611.1550609878675,1626.101483550591
val,622,74,552.186279296875,-119.8138427734375,34.198020935058594,-124.38157653808594,37.28596115112305,46.64982318878174,20261.134925659833,20268.835628064287,34562.608030820884,28057.668499136184
val,623,80,87.88239288330078,-79.47642517089844,25.759159088134766,-78.93164825439453,26.210689544677734,20.895263195037842,10930.515926389633,10931.0212615709,19953.73579772309,13009.703724833456
val,624,60,29.93937873840332,-89.8219985961914,28.953580856323242,-90.03131103515625,28.94685935974121,0.9480555690824986,3730.254151571539,3772.048830166131,7638.080999174463,3678.3058617782576
val,625,70,165.1690673828125,-94.4385986328125,29.1258544921875,-94.41021728515625,27.6524600982666,19.214590072631836,7606.335857600903,7611.49333867087,15944.066872418913,1332.3584438549826
val,626,60,36.43300247192383,-70.14346313476562,41.39118957519531,-70.28533172607422,41.62063980102539,2.140464872121811,3639.57621205508,3630.989328177211,2155.625026417547,3629.711880373737
val,627,60,97.08942413330078,-87.65081024169922,44.09061050415039,-86.45378112792969,43.95109939575195,70.02752876281738,1105.58929788127,1139.1490511473103,59141.38544310808,727.4187282886097
val,628,60,23.363317489624023,-71.51136016845703,41.37957000732422,-71.55573272705078,41.174129486083984,0.007769567891955376,424.7202749090048,506.6299735470162,148.53210560845667,472.66949889146
val,629,70,32.45291519165039,-74.8443374633789,38.6686897277832,-75.1106185913086,38.86333084106445,1.8245840519666672,2561.024986727947,2576.2107996858444,1043.3883323521025,571.7384528123948
val,630,60,538.60693359375,-80.85063934326172,30.050500869750977,-78.2906494140625,26.106800079345703,75.74166011810303,51292.48798489388,51375.462544152026,34639.03151756627,35213.14498043387
val,631,80,239.75558471679688,-78.77748107910156,26.504030227661133,-79.6558609008789,24.750160217285156,8.429891109466553,12111.39660893011,12096.216346112344,8692.167620276212,22370.608470418014
val,632,60,23.403121948242188,-71.55696105957031,41.173858642578125,-71.51141357421875,41.37957000732422,0.004244899027980864,376.143809332383,436.6203807483211,147.28409525138946,421.1777691278115
val,633,80,138.65399169921875,-93.7603530883789,28.644380569458008,-94.6627197265625,28.523420333862305,9.360836744308472,16339.64091437749,16340.272011851826,24033.90951896422,15189.41686071258
val,634,74,190.98757934570312,-75.75248718261719,36.804168701171875,-74.84970092773438,35.432029724121094,13.481232166290283,16693.953914824593,16691.165330201155,13246.602404309622,21011.489892299287
val,635,60,38.191410064697266,-88.70942687988281,29.295900344848633,-89.0724105834961,29.41309928894043,3.9093929529190063,682.2857723057567,720.4731149573669,2292.8420293939307,740.1587180030327
val,636,66,26.889698028564453,-94.77874755859375,29.314599990844727,-94.52787780761719,29.314380645751953,0.22529985383152962,2612.9194205656604,2788.5671135561774,252.29447797468373,2219.294992598973
val,637,70,197.50027465820312,-78.88367462158203,26.338790893554688,-79.58204650878906,24.965499877929688,12.994919776916504,18900.360438516087,18872.17624080413,8083.225699632905,25022.49309432543
val,638,60,23.469928741455078,-71.55696105957031,41.17388916015625,-71.51136779785156,41.37958908081055,0.003946023643948138,451.96854787895893,517.0088797427924,160.25305089562886,589.5854740233183
val,639,80,124.51271057128906,-90.0010986328125,28.886199951171875,-89.88925170898438,27.815629959106445,2.25943922996521,4250.829962714733,4264.299499893917,1671.5646188764847,4987.853841555086
val,640,60,101.30744934082031,-119.53488159179688,33.316959381103516,-119.21000671386719,34.14945983886719,21.095833629369736,2859.4445988984544,2875.7420886921886,21636.49561846615,1476.7777927354657
val,641,70,50.644561767578125,-81.88661193847656,43.42132568359375,-82.27192687988281,43.100711822509766,23.180255889892578,3476.6916446595023,3489.7680533935873,20461.915956197514,2882.060723430966
val,642,71,263.86956787109375,-80.05226135253906,26.769750595092773,-80.58596801757812,24.660619735717773,6.247463170439005,8175.649661579472,8213.321620335628,6856.2837913450385,26198.007537848596
val,643,60,23.36810302734375,-71.55695343017578,41.17390823364258,-71.51136779785156,41.37958908081055,0.0049262187676504254,374.12549515329795,440.680899482973,54.279627422041216,517.5835993672749
val,644,80,60.566036224365234,-94.7134780883789,29.061370849609375,-94.54003143310547,29.313640594482422,0.31306902319192886,8740.139075116236,8746.511193137216,914.6875629890095,11637.621693484536
val,645,80,121.14236450195312,-65.2489013671875,19.507394790649414,-64.25347900390625,18.956890106201172,10.63378620147705,2401.4884220095487,2407.3505977246746,9881.63673653955,464.9452783006599
val,646,60,56.31888961791992,-88.12236785888672,30.534019470214844,-87.97737121582031,30.195560455322266,0.055718314833939075,4280.4080587480585,4396.582404144089,520.4845388849204,5707.330422944594
val,647,60,286.26605224609375,-118.26361083984375,33.73419189453125,-119.53856658935547,31.826980590820312,13.086552083492279,22806.472736905056,22859.938140078622,23681.171689132134,16985.816974158268
val,648,70,168.97381591796875,-95.38868713378906,28.81096076965332,-95.75370788574219,28.61771011352539,18.380207061767578,16691.096555941152,16685.815465628555,29437.874269599517,16552.544463649163
val,649,60,23.299148559570312,-71.51136779785156,41.379600524902344,-71.55565643310547,41.174259185791016,0.013767295982688665,351.14246594768605,434.4658581734055,224.30348830888832,387.42360443682
val,650,81,156.86216735839844,-93.69821166992188,29.415809631347656,-94.68144226074219,28.62885093688965,4.527765154838562,8802.601202394839,8832.950383958589,4307.358454018303,19979.932362556345
val,651,80,97.2818832397461,-93.6914291381836,28.716089248657227,-92.88411712646484,28.206180572509766,13.34914493560791,1704.2619389031681,1723.8207264328555,13098.297392858416,475.3543403518563
val,652,70,135.03164672851562,-80.76293182373047,31.98443031311035,-79.36720275878906,31.81781005859375,18.82313060760498,1023.2261317073265,1045.04461257184,18416.545801962307,4076.0120380337703
val,653,80,38.22955322265625,-94.68138122558594,28.634170532226562,-94.30972290039062,28.62363052368164,5.061373353004456,1062.586780417495,1078.415530489636,4656.6437027717975,911.5568378016108
val,654,60,63.45751190185547,-92.3049087524414,29.55315589904785,-92.5645523071289,29.038410186767578,3.5059168124571443,1880.469599897409,1946.0463634185455,2872.4695636807373,1079.617418814942
val,655,60,23.49212646484375,-71.55696868896484,41.17388916015625,-71.51138305664062,41.379581451416016,0.004342801868915558,438.39743335304735,502.9791101697925,79.70845973788056,586.2976689882171
val,656,70,242.59815979003906,-83.76525115966797,46.292720794677734,-82.60711669921875,44.37907028198242,8.079467168543488,5677.108071027636,5689.34030949489,8191.908053286118,12104.763551288856
val,657,70,79.12223052978516,-73.0436782836914,41.00531005859375,-72.6700668334961,41.03731155395508,10.137269496917725,10382.31411447116,10359.604785268124,17524.49919385818,10049.783856127386
val,658,80,154.27886962890625,-94.64556884765625,28.69009017944336,-95.16277313232422,28.877290725708008,6.043562650680542,20081.3953027798,20076.69223430252,22127.321147043378,21236.252925121204
val,659,60,37.5892333984375,-117.23639678955078,32.69382095336914,-117.14520263671875,32.365360260009766,0.47513757459819317,608.9189699548597,696.2705510854205,358.9794891745324,160.21154329870888
val,660,60,23.437782287597656,-71.55708312988281,41.1739501953125,-71.51142120361328,41.379608154296875,0.005437660031020641,351.0591893677031,421.0502901463127,153.7239875711137,338.8552131352165
val,661,89,35.772403717041016,-82.29545593261719,23.29467010498047,-82.05016326904297,23.52305030822754,36.89341449737549,550.0870949123075,588.2533348155752,30802.16058133322,784.0304263963442
val,662,80,60.137184143066406,-95.50145721435547,27.919269561767578,-95.42931365966797,27.745609283447266,2.7938727736473083,9828.246431205327,9851.643583236004,10544.074610621386,10737.727669045711
val,663,70,81.04473876953125,-69.42321014404297,40.56942367553711,-70.38207244873047,40.56291961669922,1.2011951506137848,2127.831707247389,2112.773657764173,1045.1052431880548,332.8432173579505
val,664,60,23.40262794494629,-71.51139831542969,41.379539489746094,-71.55574035644531,41.17430877685547,0.009164858609437943,399.03334845362747,477.64801163112924,220.06235703007948,369.0015628305022
val,665,60,97.35345458984375,-87.65083312988281,44.09048843383789,-86.4522705078125,43.949459075927734,70.05475425720215,1121.278754383137,1160.058375841214,58816.30465516027,1071.9630913763142
val,666,60,68.07317352294922,-79.483642578125,25.290924072265625,-79.49896240234375,25.891170501708984,27.194665908813477,4301.094947848807,4300.680865777364,25235.33313743016,3451.929334521343
val,667,70,169.6803436279297,-118.27115631103516,33.753089904785156,-117.5585708618164,32.393978118896484,2.939475528895855,4247.943731810289,4297.433184373708,3703.301650258392,3945.764571606749
val,668,60,239.58944702148438,-80.28105926513672,25.312240600585938,-79.90415954589844,27.25419044494629,26.49817657470703,13296.114958757811,13373.75258008063,30904.282041757637,16526.28011983255
val,669,70,109.51246643066406,-90.22688293457031,29.08289909362793,-90.46517944335938,28.12373924255371,7.88607656955719,4068.7307602614114,4075.1555153555337,6125.64416982479,795.3825450988393
val,670,60,32.937347412109375,-79.48667907714844,25.910890579223633,-79.31140899658203,26.152570724487305,8.893322944641113,1726.3943153175253,1749.364383273322,5091.152987009195,1635.416368818253
val,671,70,131.8381805419922,-118.29680633544922,31.709705352783203,-118.08145141601562,32.85704040527344,35.73581027984619,4000.5417035488995,4013.5564399131918,22049.672558410595,3609.719083486838
val,672,80,30.93543815612793,-95.48890686035156,28.519214630126953,-95.20722961425781,28.631290435791016,23.937605619430542,4279.891190115666,4289.835891706978,17608.48500748269,1058.0906728872685
val,673,71,88.43122100830078,-80.05198669433594,26.767900466918945,-79.22003936767578,26.594850540161133,4.210028916597366,1758.1707344394806,1795.2068000552135,4818.808517728792,1512.812607943805
val,674,60,97.41580200195312,-86.4522476196289,43.949459075927734,-87.65115356445312,44.09101104736328,59.26162528991699,2280.204900960626,2301.1785576709062,44476.91298925094,1630.6849575226558
val,675,60,97.37120819091797,-87.65078735351562,44.091121673583984,-86.45189666748047,43.949501037597656,70.1047420501709,1251.3034747890788,1277.6927124865817,59191.256824630145,767.519791792295
val,676,70,70.54783630371094,-80.68195343017578,24.595630645751953,-80.15031433105469,25.000469207763672,14.148221254348755,4008.494173177981,4028.3840916295776,11230.164119896113,1462.6422970474255
val,677,71,105.5368423461914,-79.52938842773438,25.472885131835938,-79.11905670166016,26.265239715576172,16.911288261413574,9090.947547764585,9096.197311741342,17483.953903015994,9947.5481703721
val,678,60,22.352293014526367,-87.651123046875,44.0909309387207,-87.37579345703125,44.0601806640625,14.66415923833847,604.4878000301593,661.9579873688613,11999.757462243,109.42985315969136
val,679,70,378.77801513671875,-119.18440246582031,33.796470642089844,-119.2401123046875,34.109981536865234,4.196938991546631,66913.33168867345,66903.45291934565,68641.03268409091,67269.75607334313
val,680,80,261.512451171875,-88.51020812988281,30.333070755004883,-87.498779296875,28.329849243164062,6.138199865818024,8697.239390828487,8734.825149042244,6594.682651910839,13767.318809136132
val,681,73,194.53298950195312,-118.27237701416016,33.7635498046875,-120.05933380126953,34.255699157714844,14.488895416259766,6463.215114515054,6457.129402966736,9443.190115432024,9485.937948446017
val,682,60,20.78931999206543,-70.63622283935547,42.32632064819336,-70.38414001464844,42.312110900878906,17.078177452087402,1594.4592313495566,1638.0370177941943,13378.9726619403,40.96455802375194
val,683,80,30.662748336791992,-94.41386413574219,29.000364303588867,-94.61776733398438,29.14967918395996,2.3326416015625,4584.838859840672,4597.961686909274,8500.618279430102,3801.561975537775
val,684,70,70.9404525756836,-88.96279907226562,29.05847930908203,-89.32290649414062,29.03959083557129,15.7532958984375,12082.203102630869,11999.080052193147,17449.340394669336,13410.972014853367
val,685,60,23.47926902770996,-71.51138305664062,41.37957000732422,-71.55693817138672,41.17390060424805,0.006227401318028569,343.998515807073,446.07880413860704,202.58792051008078,329.50491194993265
val,686,60,23.378705978393555,-71.55695343017578,41.17388916015625,-71.51141357421875,41.379600524902344,0.005034197587519884,368.3631742861785,429.0656590530535,82.53909432106416,456.2062113748717
val,687,60,23.355051040649414,-71.55709075927734,41.173980712890625,-71.51133728027344,41.379638671875,0.00471176637802273,283.2323885484669,363.4622745633324,100.12352088185797,332.54000971650447
val,688,80,218.77085876464844,-67.80274200439453,17.545114517211914,-66.14958953857422,16.471769332885742,8.78760051727295,3290.42494882568,3325.9976937977767,8818.354254019088,11419.122461585532
val,689,60,97.31613159179688,-87.65080261230469,44.09114074707031,-86.45218658447266,43.94956970214844,70.09568786621094,1361.3073668369666,1401.0446100355434,59691.862975609045,410.316329517022
val,690,80,249.9244842529297,-79.12899017333984,26.284069061279297,-80.17434692382812,24.368959426879883,4.234219551086426,12100.032414087458,12099.717435915723,8460.411399598523,10776.183391751523
val,691,70,505.5315246582031,-118.34449768066406,29.918054580688477,-115.02391815185547,26.44137954711914,82.13824844360352,7903.189571370594,7929.446500704895,58566.25970066044,1109.3293763829424
val,692,80,138.48692321777344,-94.46943664550781,28.984209060668945,-93.5698013305664,28.654680252075195,8.88353443145752,17894.761871440915,17892.6640562631,19822.474676041922,17285.764353045714
val,693,60,23.477962493896484,-71.55709838867188,41.173980712890625,-71.51143646240234,41.37958908081055,0.007455304265022278,469.18755965983286,525.517132417912,147.12655718178863,568.3099910632925
val,694,66,25.008886337280273,-94.5521469116211,29.311660766601562,-94.77876281738281,29.314559936523438,0.11434759059920907,1661.1491852821491,1968.2399462764865,472.83122508400226,1640.1298762598256
val,695,60,47.4338493347168,-89.80526733398438,28.950790405273438,-90.05245971679688,28.94506072998047,0.09467841032892466,4589.609359983677,4628.558287929929,4234.9203915678345,4025.6429617802514
val,696,70,102.8783950805664,-124.41310119628906,45.61043167114258,-124.64012145996094,44.70191955566406,55.14114189147949,1066.4323329076533,1083.6863044667143,51259.89364734376,1548.847653304397
val,697,70,95.51962280273438,-118.25636291503906,33.729671478271484,-119.07833862304688,33.98802185058594,1.7045795917510986,4144.283847934505,4107.545529346963,1397.4782453575983,8356.5418608082
val,698,70,34.23274612426758,-64.94631958007812,18.33530044555664,-64.6575927734375,18.32986068725586,1.1119629740715027,1978.7943746355954,1825.5224072266753,876.0022263254465,3951.936640113059
val,699,80,101.16446685791016,-94.8324966430664,28.560760498046875,-94.14533996582031,28.524290084838867,8.161227941513062,15555.07303808133,15563.71319134099,14746.694920589855,15148.514527321318
val,700,70,364.2666015625,-84.35101318359375,46.50305938720703,-86.4815673828125,44.74776077270508,7.281369837699458,25161.539499798622,25012.352368177988,6436.536472124574,41123.71960487375
val,701,60,42.150909423828125,-79.61443328857422,25.93161964416504,-79.89214324951172,25.654890060424805,16.60970640182495,3337.2538594957578,3345.2154969647436,10602.955879081743,1596.6601562734306
val,702,66,31.792259216308594,-94.4873275756836,29.279510498046875,-94.77874755859375,29.31454086303711,0.1374804675579071,2338.9752023417695,2488.233641475386,355.7031383140329,2198.1695380181413
val,703,70,92.5057373046875,-89.97608184814453,28.961740493774414,-89.16800689697266,28.53462028503418,8.208049535751343,1888.6639383919642,1902.9969183422381,7722.4947058383,1775.6248260137509
val,704,60,38.55438995361328,-70.119873046875,41.34196090698242,-70.27635955810547,41.65045166015625,0.054141223430633545,1480.503876607628,1671.4039868048712,187.2480381837061,1398.5733955872304
val,705,60,32.58283996582031,-91.75332641601562,29.37912940979004,-91.5456314086914,29.205339431762695,4.213803768157959,2129.6723086379056,2145.0413762848084,4752.466030344114,2169.446956939432
val,706,60,23.390138626098633,-71.5571517944336,41.1739501953125,-71.5114517211914,41.37958908081055,0.005124437506310642,318.1966685214444,388.22753962699875,229.09775221211123,412.8266277669962
val,707,60,23.44984245300293,-71.55696868896484,41.17388916015625,-71.51139068603516,41.37958908081055,0.0042124607134610415,431.35452419707485,492.68894111132516,78.31742381116408,568.9381709730009
val,708,66,49.318382263183594,-94.77876281738281,29.31460952758789,-94.59931945800781,29.000699996948242,0.846343467477709,4382.566802521217,4475.527266382068,885.49624358648,6177.74914204329
val,709,89,30.536527633666992,-94.46098327636719,29.269550323486328,-94.7511215209961,29.35079002380371,2.716427803039551,1484.9486232769545,1488.6190355830227,1345.8624583912049,1000.6985090920795
val,710,80,68.42241668701172,-94.18952178955078,28.73373031616211,-94.68991088867188,28.553569793701172,4.814964950084686,3995.0877109583753,4020.0150570227324,21999.461186289547,3378.914234819073
val,711,60,97.338134765625,-87.65064239501953,44.090858459472656,-86.45236206054688,43.9494514465332,70.07090950012207,1610.0879068987015,1641.496879001063,60054.41865706939,712.4918403929594
val,712,60,38.59305953979492,-64.80209350585938,18.018470764160156,-64.93843078613281,18.33881950378418,11.447984218597412,2045.288034881051,2144.601832619865,13761.342479450806,256.1879451260975
val,713,70,83.31269073486328,-84.34255981445312,46.50471878051758,-83.93636322021484,45.90156936645508,3.902062714099884,4599.581980780892,4554.089538758267,4055.9775167314065,3843.9233633294343
val,714,60,23.392553329467773,-71.55696105957031,41.17388916015625,-71.51138305664062,41.37958908081055,0.0041360523900948465,270.856064480722,351.5192756255544,225.4908368552494,309.13833857640884
val,715,70,52.450469970703125,-93.7698974609375,29.564220428466797,-93.73518371582031,29.164920806884766,13.041894435882568,4648.211855040683,4665.273311228667,6338.229708647048,6547.322626951758
val,716,70,130.96182250976562,-91.16072845458984,47.12062454223633,-89.48747253417969,47.43220901489258,11.11582636833191,6351.9141198488405,6362.224684026719,9154.221916197826,1024.081656446096
val,717,60,23.488529205322266,-71.51139068603516,41.379539489746094,-71.55693054199219,41.17388916015625,0.005291417008265853,452.7953501216226,552.9572785829116,357.50008717284095,301.4529206945449
val,718,70,64.23564147949219,-94.52072143554688,28.899980545043945,-94.8053970336914,29.311830520629883,8.422329902648926,6581.921338353812,6724.8794440730235,14013.050387718258,6692.908007875931
val,719,60,144.13487243652344,-76.18779754638672,37.97880935668945,-75.83637237548828,36.83753967285156,7.284203290939331,7518.500742683706,7416.423349707158,4797.375759705442,7661.237212170948
val,720,80,447.0762634277344,-119.90247344970703,32.433746337890625,-119.33309173583984,32.2672004699707,13.478984236717224,35075.81797387235,35090.139608253725,39535.56799297148,35033.341248639816
val,721,60,23.62728500366211,-71.55693054199219,41.17387008666992,-71.51139831542969,41.37958908081055,0.004699846147559583,604.9781034997892,649.5551236319473,363.31650378140444,548.5997296648487
val,722,70,125.22425079345703,-95.327880859375,28.947290420532227,-95.53598022460938,28.71381950378418,14.527116775512695,14317.7917834635,14258.438363858655,13025.21450929565,14836.388366595023
val,723,74,165.49510192871094,-124.64896392822266,33.95652389526367,-122.88289642333984,34.23154830932617,77.97763442993164,2513.967968201519,2541.5208869878816,74944.85473790519,313.00659245561707
val,724,70,295.8492431640625,-118.21954345703125,33.73271179199219,-117.23757934570312,31.24555015563965,5.503013372421265,4349.897059297132,4348.352046355019,3523.4822078360635,4343.987147144533
val,725,70,1211.6435546875,-117.12193298339844,32.65351104736328,-124.9985122680664,40.26948165893555,6.780905485153198,23794.414223454103,23797.045944893798,42440.275800782,127401.65490719212
val,726,60,23.434703826904297,-71.51136016845703,41.379600524902344,-71.55683898925781,41.17401885986328,0.010936880949884653,317.41635687549893,412.2660654814908,81.6737124559507,280.7386100954725
val,727,60,23.475765228271484,-71.51138305664062,41.37963104248047,-71.55693817138672,41.17396926879883,0.009214683901518583,328.9169895591157,422.243383940368,95.69493085193353,280.6192038405665
val,728,70,493.6610107421875,-87.5427017211914,41.72562026977539,-85.74830627441406,45.867008209228516,7.7904205322265625,26498.16837043769,26491.940626243355,8159.776603116775,8108.051740036847
val,729,70,30.338275909423828,-79.580078125,25.34404945373535,-79.63056945800781,25.075450897216797,5.784347057342529,1629.9978111297166,1623.0164916349338,5063.575856753827,92.38047536244653
val,730,60,37.90620803833008,-65.61937713623047,18.229089736938477,-65.30304718017578,18.301300048828125,0.0013935878523625433,1835.4995942963383,1796.6758896595118,696.171439985306,3015.8894578124746
val,731,60,61.43231964111328,-90.13352966308594,29.035240173339844,-89.51590728759766,28.971620559692383,0.28831927850842476,2596.3255074408976,2626.9057541182383,759.1001037324583,693.5239320822235
val,732,70,66.11510467529297,-94.79463195800781,29.31574058532715,-94.62870025634766,28.85890007019043,0.566868680762127,5255.85935856209,5352.5961892317555,2209.20997205465,7379.472013292576
val,733,60,57.024051666259766,-89.50055694580078,28.969919204711914,-90.0789566040039,29.027660369873047,0.22660443745553493,2753.154173794377,2788.7988596051255,1373.0594288839727,1347.0330648156569
val,734,80,361.42181396484375,-118.22709655761719,33.727378845214844,-120.16683959960938,31.46009063720703,11.40242612361908,19250.084759640955,19242.77252046181,12431.911181589829,41062.35538179178
val,735,60,37.80412292480469,-65.30306243896484,18.30129051208496,-65.61924743652344,18.229280471801758,0.0009302959660999477,1889.0942532248907,1875.2361894981937,282.05155929837645,2828.8928443208897
val,736,60,23.488784790039062,-71.55693054199219,41.17390060424805,-71.51139831542969,41.379539489746094,0.006593702593818307,459.15355742269696,510.0476126099347,251.1908571203585,498.4252436928377
val,737,70,127.17027282714844,-68.31141662597656,18.879440307617188,-68.15115356445312,17.81502914428711,11.536181449890137,5156.550695834256,5174.5612398924795,10114.637371671033,7684.471888545044
val,738,66,38.58631896972656,-94.63008117675781,29.093660354614258,-94.77877807617188,29.31460952758789,0.2659565918147564,4653.930756522795,4791.00347337285,178.65321506432986,5724.958105287628
val,739,70,132.71282958984375,-94.80419921875,29.31245994567871,-95.26300048828125,28.88290023803711,18.124738082289696,11852.033576923704,11935.498008522012,24843.345586913132,13032.075013379601
val,740,70,286.1592712402344,-76.70149230957031,34.71529006958008,-74.16754150390625,35.234710693359375,19.257573053240776,13781.095794395756,13816.98417165406,20217.500093523297,27784.003947654255
val,741,60,44.599754333496094,-117.75665283203125,32.63362121582031,-117.5397720336914,32.73088073730469,9.417384147644043,7598.939435648591,7605.855371640337,6905.464938852285,7039.531133207331
val,742,70,204.815673828125,-118.4890365600586,27.116004943847656,-120.24333953857422,28.103620529174805,57.325815200805664,2613.3427656342797,2622.8622462660824,28871.506004210598,943.2866522772282
val,743,71,980.5650024414062,-123.1485366821289,49.02241897583008,-124.15998840332031,48.349830627441406,22.793195009231567,50164.08981937342,50025.131101205785,36392.67638922785,51593.68638830902
val,744,60,97.34525299072266,-87.6506576538086,44.091148376464844,-86.45201110839844,43.94939041137695,70.09954452514648,1222.974231833598,1255.9577046602546,58950.970403044186,1014.7087398048571
val,745,60,68.80886840820312,-80.11982727050781,26.088930130004883,-79.95719909667969,25.536205291748047,3.110635280609131,2068.046320159311,2105.5562000809155,3173.9479883640624,4505.425276392642
val,746,80,161.03521728515625,-92.86347961425781,28.210840225219727,-93.62097930908203,29.3914794921875,6.068962812423706,7395.14251898214,7407.718002351249,4828.405855979587,9504.821626673393
val,747,71,312.4384460449219,-79.97421264648438,28.773975372314453,-80.11569213867188,26.066869735717773,12.518129736185074,4610.360880583011,4641.600175388156,11883.071451950666,14795.00194054085
val,748,89,110.39873504638672,-95.30838012695312,28.944459915161133,-94.5510025024414,28.211469650268555,2.4118432700634003,2719.4870449948835,2767.199023267833,2210.4409197122905,469.2659060869918
val,749,80,145.24827575683594,-117.86447143554688,32.834163665771484,-117.49494934082031,31.588010787963867,30.963181495666504,3037.75638024321,3044.399502628093,16583.207316501106,1697.7538720111938
val,750,60,181.95481872558594,-117.23619079589844,32.69462966918945,-119.07978820800781,32.43143081665039,0.26827723905444145,5068.761135325823,5105.823599943816,14015.368240982998,3967.3542223885142
val,751,60,337.57867431640625,-80.85973358154297,30.058374404907227,-79.72722625732422,27.223220825195312,24.65731430053711,10119.821563818083,10132.791719532004,20724.54880957728,5183.563512892906
val,752,60,23.447702407836914,-71.51138305664062,41.379581451416016,-71.55693817138672,41.17390823364258,0.006507068406790495,338.14707204897474,447.0257361515036,226.6614819461755,235.487660322436
val,753,70,443.7915954589844,-116.62686157226562,31.851320266723633,-115.84085845947266,28.06800079345703,14.99093410372734,10695.30863670451,10381.747037886096,21018.629157814685,16944.54625244241
val,754,71,263.222900390625,-80.1156234741211,26.067020416259766,-80.39002227783203,24.356689453125,3.960624396800995,13638.765177547035,13636.336315855622,6576.773006344947,44048.86960204923
val,755,70,316.4410705566406,-94.26429748535156,29.25094985961914,-96.93348693847656,27.827959060668945,24.514678955078125,9062.658123570689,9035.748179598517,10160.379071545922,9013.075972476667
val,756,66,83.18876647949219,-94.77877807617188,29.314720153808594,-94.71034240722656,28.688209533691406,0.3604017465841025,5468.473417184391,5491.70205441407,489.4370022280013,7035.821948292666
val,757,60,97.41719055175781,-87.65045928955078,44.092430114746094,-86.45223999023438,43.949729919433594,70.16580009460449,1420.2782492414449,1453.2746183830113,59690.420493561534,805.1172688410029
val,758,80,27.350454330444336,-94.5125503540039,28.512920379638672,-94.74671173095703,28.561059951782227,1.7568804919719696,912.6400236248238,931.934440141288,4434.792919779177,1192.8598612063442
val,759,60,23.403026580810547,-71.55696105957031,41.17388153076172,-71.5113525390625,41.37957000732422,0.003993354272097349,458.8148801933048,511.342100576199,360.7908869763442,570.698693074544
val,760,66,31.95616340637207,-94.77874755859375,29.31454086303711,-94.48296356201172,29.28226089477539,0.2536856234073639,2809.6203828524913,2941.354774292062,542.4968900088098,2566.673208540612
val,761,60,84.57982635498047,-93.33226013183594,29.783239364624023,-93.36817932128906,29.03137969970703,10.27780731022358,2136.4366119850934,2191.0682833391365,8801.770402327991,731.2856907420837
val,762,60,32.432491302490234,-123.38905334472656,48.41712951660156,-123.41510009765625,48.171051025390625,1.373395323753357,3523.076076297103,3557.5934209019556,3514.7396631992574,3745.8304742818714
val,763,60,31.8603572845459,-65.6193618774414,18.229150772094727,-65.35186767578125,18.280309677124023,0.21638869028538465,2103.153819360265,2060.0745433955503,309.19125948125037,2559.8777816294
val,764,60,97.34357452392578,-87.65097045898438,44.09122085571289,-86.45237731933594,43.94955825805664,70.09343147277832,1133.0284428481295,1173.6384504942098,59139.545569004375,823.5726750349542
val,765,71,58.01117706298828,-79.43929290771484,25.630144119262695,-79.3765869140625,26.147640228271484,19.355468273162842,2069.7303098224297,2088.6923431323753,18630.417116621993,551.3168465353966
val,766,80,219.56732177734375,-117.83466339111328,33.135929107666016,-118.20990753173828,33.7303581237793,1.7401840686798096,20148.606994502836,20154.346197715047,12744.609835937723,26808.53118220428
val,767,80,46.53478240966797,-88.59819793701172,27.56830406188965,-88.8398666381836,27.925430297851562,8.732267022132874,1620.901431997857,1638.2829618454218,8464.145538853614,895.3732801731283
val,768,60,23.450942993164062,-71.55693054199219,41.17390060424805,-71.51138305664062,41.37958908081055,0.005404936557170004,564.9049386608954,623.5705853665091,197.85004795012352,713.0055356771105
val,769,70,192.03305053710938,-79.61013793945312,27.43170928955078,-80.1187973022461,26.07305908203125,17.38065393269062,10732.317510430847,10773.689998667529,22252.243343126163,21965.580081580432
val,770,71,53.802154541015625,-80.052001953125,26.76750946044922,-79.52055358886719,26.736560821533203,0.32901914417743683,1545.8202869711974,1617.3024376811168,2064.9185996713763,1781.7024921442237
val,771,70,248.42140197753906,-75.8239974975586,36.85816955566406,-76.40953063964844,38.87948989868164,5.4782692193984985,6577.512802634309,6514.897858619739,5437.766668020212,9375.031250256134
val,772,80,35.3194694519043,-69.25296783447266,18.439119338989258,-69.0345230102539,18.20302963256836,14.879620488733053,1875.4570265921907,1904.5381421387322,14855.322056111856,539.3014506963108
val,773,80,86.10169982910156,-110.88128662109375,22.068130493164062,-111.50578308105469,22.583330154418945,8.16285252571106,1428.51160562675,1436.5088190846386,5822.888810449178,151.51022233616223
val,774,60,23.43674087524414,-71.51139068603516,41.37958908081055,-71.55687713623047,41.17399978637695,0.00972497696056962,355.4662830932945,475.81105959982165,220.78944110121256,251.2231332701431
val,775,70,167.3385772705078,-82.7371597290039,41.87540817260742,-80.78732299804688,41.90903854370117,19.86343026161194,6717.044135281809,6707.702232210099,13428.35442753475,3767.340932807051
val,776,60,23.429777145385742,-71.55709075927734,41.17399978637695,-71.5113525390625,41.37961959838867,0.0058710104785859585,429.4182430431876,485.6911213553139,113.22692753674795,521.2006446949256
val,777,60,23.408550262451172,-71.55696868896484,41.17388153076172,-71.51136779785156,41.379600524902344,0.0025492319837212563,319.1597034269327,391.3830848787723,174.42645847631957,379.2012646767224
val,778,60,62.54588317871094,-89.50010681152344,28.971349716186523,-90.13375854492188,29.046560287475586,1.2038047267124057,1654.1677129085838,1665.4997255393434,1607.4839515027018,581.9269748236447
val,779,70,139.9755401611328,-80.42146301269531,30.714595794677734,-79.48709106445312,29.8063907623291,20.257004141807556,9808.557817666384,9826.591790035489,15921.225822640345,8962.980628167867
val,780,60,37.55254364013672,-65.6193618774414,18.229129791259766,-65.3030776977539,18.30133056640625,0.0003605336823966354,1406.5226110870437,1390.5308101260755,460.07795088825907,2530.6118720408467
val,781,60,97.73178100585938,-87.65117645263672,44.09095001220703,-86.45226287841797,43.94948959350586,70.0828971862793,1619.9674588014607,1654.9156571140238,59825.459865925295,555.8089323051048
val,782,70,66.25394439697266,-93.34712982177734,29.773380279541016,-93.91697692871094,29.58880043029785,5.752682734280825,3091.4125239628224,3150.545860118595,5200.774179647284,4317.036693732551
val,783,66,40.87351608276367,-94.77876281738281,29.314599990844727,-94.70237731933594,29.069360733032227,0.04864972643554211,4781.797989732353,4897.791656644882,152.35359033887758,6459.486004414981
val,784,80,246.34567260742188,-94.70700073242188,29.065629959106445,-96.4468994140625,27.83888053894043,2.294662296772003,17127.69870525687,17128.408720177427,30429.239949019917,29234.773380696508
val,785,60,23.376346588134766,-71.55693054199219,41.17387008666992,-71.51139068603516,41.37958908081055,0.00447369902394712,330.6897580398248,399.37483938848385,224.47174321034984,323.61366695266105
val,786,60,23.440214157104492,-71.55696105957031,41.17390823364258,-71.51139068603516,41.379600524902344,0.0049122697673738,550.00059947393,603.2889724874389,196.36709010704288,717.186559279477
val,787,80,513.7775268554688,-118.21813201904297,33.75624084472656,-118.52578735351562,31.011240005493164,15.619737267494202,64136.87871314427,64172.77482851494,84675.67352141436,55514.9014057552
val,788,60,57.4727668762207,-87.91519927978516,30.15199089050293,-88.49736785888672,30.083660125732422,0.2733524292707443,1443.4882505279488,1441.595052204436,634.7539500096684,393.88727302358996
val,789,70,72.83039855957031,-83.86151885986328,46.03990173339844,-84.35370635986328,46.502960205078125,0.5046561807394028,4339.449661395881,4262.785940884425,107.58729478824003,3410.5580123741593
val,790,60,97.29228973388672,-86.4520263671875,43.949668884277344,-87.65061950683594,44.091190338134766,59.233734130859375,1152.7648155530514,1212.5329243017509,45493.940285785466,572.7024513808234
val,791,70,81.04608917236328,-80.98871612548828,41.92280960083008,-81.70532989501953,41.50642013549805,2.1616500541567802,4442.322678402603,4460.444474952344,2245.8609442608317,5668.513857360778
val,792,70,81.41626739501953,-80.11543273925781,26.06572914123535,-79.36306762695312,26.299509048461914,2.162023365497589,1700.273315935596,1727.7434505958036,1574.6897971609628,1748.0308125816623
val,793,60,23.359783172607422,-71.55693817138672,41.17388153076172,-71.51136779785156,41.37955856323242,0.0049515950959175825,331.29208060453374,394.3548239737993,238.16213160605017,428.48730580178636
val,794,80,204.77430725097656,-66.0010757446289,17.27429962158203,-64.58251953125,16.032119750976562,70.91855430603027,14997.467274391727,14982.086996778611,54103.322578801184,394.1709314987184
val,795,60,23.40704345703125,-71.55693054199219,41.17388916015625,-71.51141357421875,41.37957000732422,0.006452286848798394,336.6915208353518,397.3432018900419,172.13752519447607,388.97564879268424
val,796,79,134.6697998046875,-80.05769348144531,25.30084991455078,-80.86376190185547,24.3653507232666,8.535589218139648,4213.546663003439,4198.170210058757,9785.778513338108,7015.193587211627
val,797,70,32.40916061401367,-95.54257202148438,28.71615982055664,-95.26648712158203,28.875049591064453,8.782463312149048,2535.539192162198,2560.903358373694,8340.315179113722,336.77479357412375
val,798,70,67.34325408935547,-91.87213897705078,29.116039276123047,-92.04299926757812,28.52960968017578,15.114903450012207,2643.704363186999,2674.347017974318,12029.746065890698,116.74924696710934
val,799,80,24.70404052734375,-117.05796813964844,22.446964263916016,-117.15544891357422,22.649919509887695,82.4033317565918,1484.2345151307236,1505.3530836811656,81778.0271109214,203.78003504695948
val,800,80,82.59429168701172,-94.29920959472656,28.625,-94.42437744140625,27.913990020751953,6.437853097915649,2942.96057837366,2962.731316170093,24535.226504657574,4444.816159404935
val,801,60,24.44140625,-71.55693054199219,41.17390823364258,-71.51139068603516,41.379638671875,0.007009703665971756,950.177996097501,989.41443390101,704.8336209398419,970.8127511576353
val,802,66,35.24807357788086,-94.4687728881836,29.23571014404297,-94.77877807617188,29.314599990844727,0.04021311551332474,3172.3730695170225,3295.7819767344326,2467.305474681789,2967.7527934312398
val,803,60,64.96051788330078,-86.8482894897461,44.0116081237793,-87.65054321289062,44.09128189086914,44.33497619628906,1627.7831434134594,1650.7354116228194,34802.09266498632,1345.7956632774906
val,804,60,97.31024932861328,-87.65106964111328,44.090980529785156,-86.45234680175781,43.94942855834961,70.07978057861328,1816.160239688504,1842.5502634231066,60293.962021748885,653.3591123472762
val,805,60,37.88955307006836,-65.61924743652344,18.229270935058594,-65.30306243896484,18.30129051208496,0.0006645480170845985,1894.3242623643193,1860.1189491679404,189.2176509631821,3080.648602246074
val,806,60,55.320152282714844,-89.50076293945312,28.970319747924805,-90.05731964111328,29.02450942993164,0.9290120154619217,2261.493363400624,2267.146509594195,1516.637601444522,849.681637900575
val,807,66,29.452192306518555,-94.77876281738281,29.314619064331055,-94.59442138671875,29.191680908203125,0.16311587672680616,4091.240549982178,4237.954886250067,356.497022329559,4386.205415870298
val,808,83,94.34477996826172,-93.70993041992188,29.42021942138672,-94.0289077758789,28.71183967590332,4.912785649299622,4323.775237847144,4336.964828811352,5000.653595528675,10405.745287077158
val,809,70,264.8214416503906,-83.96638488769531,45.92699432373047,-87.11910247802734,45.32661056518555,35.01684761047363,11612.12542980109,11193.834150192846,17303.025989965303,10852.626976555444
val,810,60,37.682945251464844,-65.30307006835938,18.30130958557129,-65.61982727050781,18.22800064086914,0.004295458551496267,2008.395929671308,2019.0658026164338,460.8020780801915,2960.5352892084106
val,811,60,23.467453002929688,-71.55690002441406,41.173858642578125,-71.51148223876953,41.37953186035156,0.010094099678099155,448.28518912424255,520.977952075123,509.9571142311583,309.57592433468767
val,812,60,37.579689025878906,-65.30304718017578,18.30129051208496,-65.61927032470703,18.229270935058594,0.001081750902812928,1811.9719907675264,1787.5171686444494,214.10817900498336,2772.766953511262
val,813,60,45.86336898803711,-93.75070190429688,29.210969924926758,-93.4818115234375,29.54994010925293,14.090292096138,3622.3715455308065,3624.2395078973755,13970.070346123117,224.5190318499836
val,814,70,102.91212463378906,-88.0223617553711,30.075170516967773,-87.30245971679688,29.551259994506836,13.196856915950775,5604.217913130176,5615.0502502518475,18234.16707038066,5264.460274342687
val,815,89,184.35914611816406,-88.50875854492188,30.340389251708984,-87.65077209472656,29.020570755004883,14.151639699935913,7504.4887079637465,7532.0300757249,10736.36306642843,8337.420829781286
val,816,71,115.97570037841797,-94.859619140625,28.742870330810547,-95.0636978149414,28.653949737548828,11.1298086643219,7141.812863127173,7143.03015581387,28214.696836039744,7291.237501426846
val,817,70,39.933841705322266,-94.62026977539062,29.103609085083008,-94.80248260498047,29.312170028686523,2.6175867319107056,5849.173780655739,6027.578511210656,1569.6011657588117,6471.806690557198
val,818,60,37.60388946533203,-65.61936950683594,18.229129791259766,-65.3030776977539,18.301319122314453,0.0009302962571382523,1461.4183610755344,1427.3463403212409,213.77581090608132,2640.016282304113
val,819,71,192.36277770996094,-74.53097534179688,37.2248649597168,-75.2334976196289,36.784358978271484,18.176353454589844,23885.037398935023,23880.35978907176,15113.807916759672,26265.28006224954
val,820,70,163.7365264892578,-75.28292083740234,39.19820022583008,-73.78507995605469,38.92897033691406,19.216529369354248,13569.67804298875,13453.191014824777,16152.094553766026,23419.12498841819
val,821,80,84.92729949951172,-88.54403686523438,30.121549606323242,-87.93977355957031,29.579370498657227,6.529622793197632,3452.5223324680433,3453.86180945768,5800.311180335343,1320.8849906479961
val,822,60,37.72386169433594,-65.3031005859375,18.301359176635742,-65.61939239501953,18.22920036315918,0.0018261410295963287,1954.3739467451994,1933.589539538095,119.08106087022163,2887.4803854107317
val,823,80,551.2738037109375,-118.21675872802734,33.725589752197266,-121.71183776855469,34.54317855834961,7.986565351486206,89271.78972121367,89225.63956889868,103899.45187623588,102412.61635201616
val,824,70,31.944700241088867,-90.22612762451172,28.98587989807129,-90.22046661376953,28.699100494384766,2.2118641138076782,964.1867412159193,1006.7133237375443,1691.3516491431808,464.0122011701755
val,825,60,54.4742317199707,-90.07061004638672,29.025609970092773,-89.51506042480469,28.971370697021484,0.10749334469437599,1946.265590553772,1966.818646480801,1755.4950741294922,211.88252932780432
val,826,70,39.92936706542969,-66.25886535644531,17.748374938964844,-66.15812683105469,17.937210083007812,18.512987852096558,5872.22950525629,5924.557888450319,12690.643431253524,5684.944529560525
val,827,60,37.558345794677734,-65.61939239501953,18.229129791259766,-65.3030776977539,18.301340103149414,0.0011392252054065466,1454.9216128576927,1420.6733069085317,602.6905744410569,2641.5545405384764
val,828,60,23.23252296447754,-71.51136779785156,41.37957000732422,-71.5553207397461,41.17525863647461,0.0071170327719300985,262.3527809148519,371.7039479941886,134.7136864747566,201.22891880701573
val,829,60,23.410551071166992,-71.51136016845703,41.37953186035156,-71.55693817138672,41.173919677734375,0.0034462487092241645,320.6505525589881,435.5145845295067,105.0325180132361,248.0346509807443
val,830,70,888.3814697265625,-118.19113159179688,33.72806930541992,-123.66047668457031,31.785240173339844,31.982800126075745,149790.14800523163,149810.00989426387,50923.613541937695,176180.22326127868
val,831,80,52.31114959716797,-75.17040252685547,38.938899993896484,-75.2898178100586,39.21184158325195,0.20099595002830029,5632.380147585486,5634.611199297183,622.2217991465482,8402.606327218547
val,832,60,37.97807693481445,-65.30307006835938,18.30130958557129,-65.61984252929688,18.22801971435547,0.0036957833217456937,2202.314723782861,2209.4165861532824,462.7887576457106,3180.398859238277
val,833,70,66.72831726074219,-88.12191009521484,30.53403091430664,-87.88388061523438,30.093669891357422,6.553881049156189,5401.853330593464,5500.563204401931,4022.818782986958,5180.84351738554
val,834,80,438.6543273925781,-80.1181411743164,26.0904598236084,-82.78114318847656,24.185579299926758,3.474744075909257,11665.853582308955,11658.039329434985,9125.654726695908,68900.67186687139
val,835,70,189.8481903076172,-79.15052032470703,31.232479095458984,-78.00170135498047,32.6265983581543,50.2353081703186,2791.0722423535653,2798.1475123777504,48997.97313845461,1982.8579080978602
val,836,70,29.580656051635742,-88.81719970703125,29.3414306640625,-88.74064636230469,29.598230361938477,17.785626888275146,1100.4736643338804,1144.4065903853316,17029.98429307471,300.96415357814664
val,837,60,23.40479850769043,-71.55696105957031,41.17390060424805,-71.5113525390625,41.37957000732422,0.0049285595305264,359.0284995587039,417.78279185751495,206.27490974420235,427.21050549234883
val,838,70,182.85357666015625,-75.21324157714844,36.705963134765625,-73.2583999633789,36.22901916503906,26.81553030014038,8597.98396594523,8606.914407243934,24064.276215458307,364.30862069977445
val,839,70,40.52504348754883,-115.03047180175781,27.172590255737305,-115.28022003173828,27.461349487304688,31.082792282104492,1414.0851374971878,1433.9475444474324,20806.145045509016,172.43528593992662
val,840,70,125.65890502929688,-88.03235626220703,30.657289505004883,-87.64401245117188,29.653980255126953,1.0739917159080505,5480.693702178791,5496.23538368529,2096.107128166912,9583.43406932478
val,841,60,38.47773742675781,-81.65508270263672,30.323240280151367,-81.67112731933594,29.99959945678711,60.20763969421387,1744.8469972720152,1658.5720105511848,61103.120599150316,1264.413586751782
val,842,66,35.10812759399414,-94.77877807617188,29.314599990844727,-94.46842956542969,29.235889434814453,0.27548967977054417,3261.5664421337433,3382.0634260314737,262.564097887434,3308.7466337611377
val,843,80,227.6478271484375,-96.28775787353516,28.38981056213379,-95.76460266113281,26.46647071838379,22.95641565322876,8055.586884022024,8081.656185289642,22626.201263830942,14868.572151482062
val,844,80,108.6248550415039,-74.8775405883789,38.558929443359375,-75.42807006835938,39.342559814453125,16.42197895050049,7151.429475572826,7115.920004181233,12049.491879845637,5443.59011487105
val,845,69,103.75302124023438,-79.13243865966797,26.290090560913086,-78.14990234375,26.014930725097656,11.570780754089355,2396.4722002684184,2399.5220818370103,10579.937375734338,1905.0810752299947
val,846,70,155.96719360351562,-118.20204162597656,33.74367904663086,-119.61416625976562,34.15752029418945,0.6668927669525146,5159.443150876157,5175.870139580248,963.3926330150098,8992.915021612462
val,847,79,96.8196029663086,-80.1153793334961,26.07210922241211,-79.17037200927734,26.16390037536621,7.211813449859619,1469.5996061402618,1496.5412941470695,3747.5024936732107,1475.6366463070517
val,848,71,184.29840087890625,-74.93213653564453,35.18422317504883,-76.2369613647461,33.93901824951172,11.451754331588745,2387.9251385413413,2422.301411703866,12807.105864381992,4543.564455743362
val,849,60,37.86045455932617,-65.61936950683594,18.22909927368164,-65.30307006835938,18.301279067993164,0.001329096034169197,1963.8296940817836,1929.2176857416748,433.7683144801909,3149.964177111923
val,850,60,54.0407600402832,-92.99031066894531,28.161529541015625,-92.78085327148438,28.5799503326416,11.389644622802734,1752.529243034778,1757.7065161231103,10117.004555558124,2814.7708365912245
val,851,60,23.541934967041016,-71.55693817138672,41.17388916015625,-71.51136016845703,41.379581451416016,0.005111701088026166,429.24671677495434,487.56527909647116,152.14500386089745,495.42439305958396
val,852,70,182.14144897460938,-74.02288818359375,40.53652572631836,-71.96391296386719,40.11247634887695,23.706470012664795,4429.755098309794,4445.7910094031195,17917.534261713827,1935.7616821446318
val,853,66,27.9897518157959,-94.52931213378906,29.277099609375,-94.77863311767578,29.314590454101562,0.20605504885315895,2234.855905088371,2447.8924394277083,384.0200999468523,2269.573990676174
val,854,70,29.839141845703125,-87.88285827636719,30.091699600219727,-88.18153381347656,30.08991050720215,22.89599323272705,651.3205386251109,697.3193100614023,23424.275952067383,760.55327789224
val,855,70,65.53483581542969,-93.33232879638672,29.783260345458984,-93.90778350830078,29.58877944946289,6.266189217567444,2504.1088783920177,2538.228758673614,5584.564022933421,3795.434282238307
val,856,70,141.09140014648438,-75.07933807373047,35.01998519897461,-76.03849029541016,34.02901077270508,19.57652759552002,3213.3763902975934,3231.1766850656613,14857.672299902759,784.0013544630659
val,857,70,144.09925842285156,-79.63123321533203,24.961870193481445,-79.39952087402344,26.230649948120117,9.813966870307922,4800.140828132007,4822.839720924635,7787.679092079116,2349.0343303812624
val,858,60,37.8264274597168,-65.61936950683594,18.229110717773438,-65.30306243896484,18.301300048828125,0.0,1909.2639760216698,1869.895167837463,276.8586924961264,3106.9507839736507
val,859,80,124.0372314453125,-93.3411636352539,29.77165985107422,-93.20816802978516,28.689870834350586,0.9477810089010745,3083.494822027536,3101.123618039798,1071.7035183492642,3246.9798300133584
val,860,66,23.337657928466797,-94.77874755859375,29.314619064331055,-94.56294250488281,29.317819595336914,0.15553425927646458,2884.369201074879,3087.0959742294117,467.000357254397,1902.0983637054537
val,861,60,37.64332962036133,-65.30307006835938,18.30130958557129,-65.61934661865234,18.229169845581055,0.0005696126027032733,2003.2078864238708,1982.7764619251536,247.391183395689,3001.2435960613548
val,862,80,60.78717041015625,-94.66372680664062,29.078210830688477,-94.52317810058594,29.294170379638672,1.2086167335510254,8191.655346983852,8198.123597815966,2043.1290737981803,9678.385969870908
val,863,89,210.3728790283203,-64.74894714355469,17.696029663085938,-66.04863739013672,18.521509170532227,28.506689563393593,20891.145196855818,19844.8756713221,41004.31768077849,17078.37543689778
val,864,60,23.367456436157227,-71.51136016845703,41.37955856323242,-71.55708312988281,41.1739616394043,0.0039820767706260085,307.2312230189993,414.68236254311114,214.838404451075,252.44425895970718
val,865,60,37.553646087646484,-65.61924743652344,18.229290008544922,-65.30307006835938,18.301359176635742,0.0019634351483546197,1628.0167073593086,1592.00482725657,90.7515639373368,2810.5859352435427
val,866,60,62.35676574707031,-79.68296813964844,26.16054916381836,-79.06221771240234,26.194549560546875,5.941653251647949,1492.6503871125485,1512.1451873254007,7124.651866856906,1451.7127583867548
val,867,80,49.75556564331055,-66.85872650146484,43.80005645751953,-66.73953247070312,44.21940994262695,13.811033248901367,2942.793962515273,2958.693169209749,7527.280150085412,3122.5194012002557
val,868,70,36.939693450927734,-72.848876953125,41.0224609375,-73.1742172241211,41.16954040527344,14.708230018615723,5560.372868074354,5542.836919956911,13836.699737735617,4044.792166340873
val,869,70,47.696659088134766,-91.92852020263672,28.920429229736328,-92.31858825683594,29.180349349975586,20.10170555114746,2027.0876752194326,2048.70519881707,19914.27501885554,217.70836045195392
val,870,79,427.755859375,-79.92851257324219,32.79854965209961,-79.61347198486328,29.091320037841797,13.205344200134277,14290.857743211554,14267.338146955866,11398.789268500632,16924.976286189056
val,871,79,47.76723098754883,-68.1991958618164,17.313955307006836,-68.51254272460938,17.621950149536133,17.964535236358643,1651.2729910569465,1653.8022339536615,18360.666962245992,448.8712788468378
val,872,60,55.155025482177734,-73.6234359741211,41.01191329956055,-73.12155151367188,41.18798065185547,39.97589683532715,4752.506237280626,4050.6553950919297,36474.571597034475,5334.101495350405
val,873,80,60.419822692871094,-94.6548080444336,28.37894058227539,-94.518310546875,28.78264045715332,8.501971960067749,7865.479004110556,7871.37152334031,10116.981474745695,6733.82759531073
val,874,60,54.86357498168945,-64.75096130371094,17.879980087280273,-64.93840026855469,18.33877944946289,15.9903564453125,5312.296064832237,5376.335481928326,15214.342173656043,207.4904583516239
val,875,60,37.95386505126953,-65.30304718017578,18.301300048828125,-65.61984252929688,18.228010177612305,0.00311119930120185,2306.096425714786,2301.325193629918,626.8634797544106,3319.49044112712
val,876,70,67.31159973144531,-94.79418182373047,29.315019607543945,-94.43778991699219,28.890790939331055,1.9013178646564484,5018.113742964253,5127.816518828889,1902.7127270661426,6290.639219210526
val,877,81,116.99584197998047,-94.54693603515625,29.241125106811523,-93.65474700927734,28.693769454956055,10.214268207550049,7735.257646141971,7746.335017329795,11236.6829949787,7606.028548302918
val,878,66,29.98338508605957,-94.77879333496094,29.31471061706543,-94.56864929199219,29.20871925354004,0.2752079423516989,3617.761172727162,3755.8852120266088,532.5240483020509,3953.2959891588334
val,879,79,169.41798400878906,-75.23992919921875,39.14427947998047,-74.61100769042969,37.743019104003906,21.24818706512451,4415.960425095724,4422.528246234398,18674.665081956497,7265.186489449832
val,880,80,257.9317321777344,-80.98248291015625,24.434085845947266,-80.12306213378906,26.092859268188477,17.394206698052585,11975.652535842006,12012.294426439723,19232.441395220132,38209.14153807138
val,881,70,24.24228286743164,-90.32893371582031,28.76473045349121,-90.25821685791016,28.966989517211914,3.8543230295181274,514.71847464522,546.9889753139141,3551.3414243249626,976.9623063568496
val,882,60,37.815635681152344,-65.6193618774414,18.229129791259766,-65.30306243896484,18.301319122314453,0.0006741238757967949,1806.7124250560319,1771.4962106449668,139.05001907644865,3000.5048126456018
val,883,60,62.862464904785156,-74.51249694824219,38.53036880493164,-74.835693359375,38.97964096069336,15.888252019882202,4339.949352020455,4376.950004098164,9987.802100283716,3568.077830372647
val,884,70,371.1689147949219,-118.1683578491211,33.73591995239258,-121.60549926757812,35.00130081176758,8.923625946044922,9291.381340530254,9197.510508348178,4259.840701563992,18802.941116097536
val,885,72,24.98855972290039,-69.57949829101562,18.13748550415039,-69.40524291992188,18.268430709838867,22.642724990844727,2927.835452573234,2929.87072659297,21976.728300052862,2316.158797523703
val,886,80,117.3103256225586,-94.58403015136719,29.134929656982422,-95.22321319580078,28.296554565429688,12.42822515964508,1703.7844998001513,1719.2442383285809,23439.306146442297,8609.155819068852
val,887,79,79.99601745605469,-89.90753173828125,28.91022491455078,-89.21224212646484,28.52931022644043,20.93285846710205,942.7042177318441,964.4808565421583,20895.780332307317,261.0578255988733
val,888,60,23.372692108154297,-119.2070083618164,34.14773941040039,-119.4466781616211,34.2069206237793,1.5594158917665482,937.6672563297932,1006.9406334508473,12954.359248593122,287.9342335492851
val,889,70,73.54993438720703,-91.75261688232422,29.40498924255371,-92.3113021850586,29.45623016357422,6.858586430549622,8014.596273302645,8014.392406043889,11009.016781938975,9105.327430907302
val,890,70,166.537841796875,-85.90969848632812,45.75360107421875,-84.66011047363281,45.878360748291016,20.53354835510254,24579.62994996314,24592.08751023675,42934.62211021339,25527.229868395807
val,891,60,317.83807373046875,-81.74791717529297,24.358470916748047,-79.2048568725586,25.416629791259766,29.99080467224121,16483.156596354413,16476.56635855582,33299.26887354629,33150.850804398346
val,892,70,65.05406951904297,-111.07637786865234,22.379724502563477,-111.5634994506836,22.751689910888672,25.89750576019287,1677.3423138267183,1702.7083871420982,25726.411281820285,540.7802100689607
val,893,71,165.8446807861328,-79.47705841064453,24.861515045166016,-80.1210708618164,26.07288932800293,2.3994913697242737,7690.774140069511,7734.563004647399,4012.583993046853,16306.986609889747
val,894,70,205.3314971923828,-117.51786041259766,31.937789916992188,-116.77149200439453,30.205909729003906,16.7102632522583,5471.208542203863,5481.507672104826,23583.06056384882,216.10829590922975
val,895,89,449.57525634765625,-64.74712371826172,17.700929641723633,-68.60453033447266,17.143009185791016,14.837097346782684,13616.167859916095,13632.608767853888,34420.023047373084,34515.889361154965
val,896,80,73.4472885131836,-94.530029296875,29.11726951599121,-94.43183135986328,28.477619171142578,5.679124355316162,1166.662925076539,1187.3167489090574,4393.377669396545,3651.925515461537
val,897,60,97.25041198730469,-87.65093231201172,44.0908088684082,-86.45337677001953,43.95035934448242,70.04351425170898,1150.8379620588705,1185.985112434655,58878.884981791816,1025.4443588384388
val,898,80,39.000938415527344,-93.59674072265625,29.397729873657227,-93.6390380859375,29.101770401000977,3.266279399394989,5091.300895215568,5099.133139625838,2744.9314638272685,4333.260515952249
val,899,60,26.78403091430664,-118.02861785888672,33.60818862915039,-118.26348876953125,33.73445129394531,0.35206184536218643,883.1514771989204,918.9939423791523,1707.1110603002828,968.9961540777833
val,900,70,715.9051513671875,-84.1729965209961,46.22549057006836,-87.30494689941406,41.64371109008789,2.796329379081726,45464.25466047424,44185.19930179326,28911.4847929795,62057.81250321813
val,901,70,107.82718658447266,-64.75466918945312,17.695999145507812,-64.94750213623047,18.33466911315918,0.1096176290884614,9837.334453181242,9841.729898612122,4997.568312481884,16502.533148835864
val,902,70,93.33261108398438,-94.80509185791016,29.31178092956543,-95.256103515625,28.864269256591797,17.25084738433361,7761.305490580769,7856.694967355473,20925.459200658057,12389.435167243531
val,903,70,69.45843505859375,-117.61415100097656,33.003761291503906,-117.8873291015625,33.26506042480469,27.39266586303711,7128.267820642714,7127.34779625151,33519.52579608644,6559.167237361409
val,904,69,363.05609130859375,-88.0345230102539,30.285400390625,-85.99784088134766,27.609180450439453,30.19205093383789,9012.281377085688,9019.70631469812,15667.925485606698,5808.449703134661
val,905,70,192.1552734375,-67.1980972290039,38.62575149536133,-68.39868927001953,40.081809997558594,44.69212341308594,15252.4108067855,15233.261890952434,34184.57807187121,395.1449011119279
val,906,80,96.0744857788086,-93.80164337158203,29.51197052001953,-94.59542846679688,29.184709548950195,9.988639831542969,9508.262577003134,9524.00953524739,6787.950682113554,6754.821823476022
val,907,79,74.90424346923828,-78.94822692871094,26.265119552612305,-79.03230285644531,26.472000122070312,10.60539174079895,17093.24820337992,17101.59811250715,28728.757419559566,16652.430470848838
val,908,70,33.61473846435547,-81.47862243652344,41.71028137207031,-81.70728302001953,41.50505065917969,7.659081935882568,2397.48103211904,2420.833250679349,7230.868781952657,2701.1860978887485
val,909,89,46.66283416748047,-94.36029815673828,28.832305908203125,-94.5281982421875,29.12026023864746,10.796222686767578,2515.229494530753,2531.328070422171,10694.18609095635,2481.015650206617
val,910,60,37.95954895019531,-65.61984252929688,18.227970123291016,-65.30307006835938,18.30129051208496,0.05195467732846737,1790.2456281311122,1761.2784708982922,202.75708278845784,2945.9171947547793
val,911,80,246.46763610839844,-87.35517883300781,25.33193016052246,-88.44125366210938,27.31730079650879,93.54606056213379,8446.14314155278,8448.138249421518,53278.89583861355,2953.9006972139637
val,912,60,23.356096267700195,-71.5113525390625,41.379581451416016,-71.55574798583984,41.17454147338867,0.006555925356224179,363.41928004281317,458.53182399928727,343.20195107939765,419.1128830739643
val,913,60,37.490264892578125,-65.30307006835938,18.301319122314453,-65.61982727050781,18.22801971435547,0.00489336100872606,1764.3247729670777,1781.23093362403,647.3458748738259,2632.5332158275996
val,914,70,167.3340301513672,-84.99482727050781,45.824920654296875,-84.33879852294922,46.503299713134766,3.1043986678123474,22053.79665168652,19964.073961989896,3271.748165366702,33493.12559601154
val,915,60,23.417238235473633,-71.51136016845703,41.37953186035156,-71.55693817138672,41.17388153076172,0.0032724461052566767,293.4419004497623,414.1466515749563,204.82680419313382,204.52862035487192
val,916,70,464.7795104980469,-79.92835998535156,32.79821014404297,-75.62389373779297,34.42388153076172,9.541158199310303,8825.189633223425,8797.32931321217,5045.110548671476,38136.59593808297
val,917,80,36.61943435668945,-96.376953125,27.70462989807129,-96.11756134033203,27.622880935668945,4.211168050765991,4009.4624302860575,4023.3524398244444,11421.524788054663,3352.21738028493
val,918,89,41.184898376464844,-64.75306701660156,17.69732093811035,-64.44991302490234,17.48563575744629,1.3639514297246933,1665.8892876615168,1685.3183564239425,4015.7888158380333,1681.4411404539328
val,919,60,23.31705093383789,-71.51138305664062,41.379581451416016,-71.5553207397461,41.17517852783203,0.0053890220588073134,337.1830130479594,434.0906841828147,295.72208310650274,361.744044636349
val,920,70,66.30687713623047,-83.957763671875,46.042659759521484,-84.35154724121094,46.5030517578125,0.9917685687541962,2051.4429832374444,1842.8274596840429,900.9138413382962,1994.1484894199734
val,921,79,125.65750885009766,-79.68707275390625,26.001489639282227,-79.52641296386719,24.891559600830078,20.90549659729004,5083.693555240997,5118.181061635788,20350.454794919697,1634.700235450319
val,922,79,188.79751586914062,-79.52281188964844,24.84766960144043,-80.11573791503906,26.06675910949707,4.573629558086395,16274.324691053987,16289.472106536692,14952.505691577899,24168.85170178428
val,923,80,112.67127227783203,-95.31694793701172,28.943410873413086,-94.5447998046875,28.20083999633789,0.8000611662864685,2649.325610194915,2699.7860766800736,878.7453016245042,705.4361312503598
val,924,60,37.709564208984375,-65.61933898925781,18.22913932800293,-65.30306243896484,18.301300048828125,0.0010820509633049369,1796.007817403352,1756.4988615578936,143.5675228791734,2995.0690344226987
val,925,60,23.415050506591797,-71.55696868896484,41.173919677734375,-71.51139831542969,41.37961959838867,0.006181490491144359,366.0481667161025,442.8141681948671,345.25446149937056,303.5984544492909
val,926,60,23.276248931884766,-71.51136016845703,41.379600524902344,-71.55587005615234,41.17422866821289,0.0050869667320512235,291.597703757177,389.52362402176857,84.24911635102089,215.8808608862599
val,927,60,39.58307647705078,-89.71022033691406,29.01511001586914,-90.11595153808594,29.032150268554688,6.39635705947876,2032.9577012711936,2072.7637369413337,4123.922678464852,409.74264885999213
val,928,60,56.09444808959961,-88.12212371826172,30.53403091430664,-87.97789764404297,30.196739196777344,0.032810247503221035,4289.863236368179,4413.331721897592,742.9473413055938,5650.980098338261
val,929,60,23.40814208984375,-71.55695343017578,41.173919677734375,-71.51139068603516,41.37957000732422,0.006779662682674825,356.3967248040555,430.14242410315063,284.6932328885896,313.4886905692389
val,930,60,34.42115783691406,-94.79131317138672,29.310434341430664,-94.61558532714844,29.13882064819336,1.1241527199745178,4371.485284262192,4518.214296023571,941.4903739304386,5214.6178288548845
val,931,79,165.0856170654297,-80.12023162841797,26.0728702545166,-79.52590942382812,24.82168960571289,0.6067841239273548,5290.681580448649,5318.744179815754,2299.9112258254313,15393.792301459687
val,932,60,23.43033218383789,-71.51136779785156,41.37957000732422,-71.55693817138672,41.17388916015625,0.005077148554846644,390.1140722465261,479.5068354686398,204.23639119192072,267.7150723694351
val,933,60,23.42980194091797,-71.55696105957031,41.17388153076172,-71.51142120361328,41.37958908081055,0.00482386234216392,436.79647646564376,493.14731694813884,97.1889257681152,570.6773656624206
val,934,60,38.98312759399414,-65.61936950683594,18.229129791259766,-65.30307006835938,18.301300048828125,0.0003605337697081268,2651.6508811750564,2596.6258798732547,869.9154625509071,3837.1175346871782
val,935,71,54.32599639892578,-118.2490463256836,33.734371185302734,-118.6815185546875,33.80039978027344,2.584982842206955,4888.896993285806,4808.529628930596,2207.0043476592264,7642.599469843712
val,936,60,23.146543502807617,-71.51133728027344,41.37955093383789,-71.5552978515625,41.175201416015625,0.004310436313971877,296.5707950960056,404.19347103942596,84.07085459787118,163.15169126499808
val,937,60,37.82912063598633,-65.3031005859375,18.30137062072754,-65.61946868896484,18.229299545288086,0.003984265262261033,2147.5883549292435,2118.218129219993,311.0317676421231,3137.9547322404633
val,938,70,133.45162963867188,-120.6520004272461,28.721649169921875,-119.53095245361328,28.038270950317383,54.195438385009766,1896.0334189902594,1917.3964454326972,54242.954975540524,218.94320010619697
val,939,70,217.59156799316406,-80.11921691894531,26.091880798339844,-80.90689849853516,24.557479858398438,2.064267337322235,2666.619667034255,2699.848772609383,1773.158946627503,28339.353949683737
val,940,66,32.02100372314453,-94.58747100830078,29.188199996948242,-94.77879333496094,29.314729690551758,0.2592023452743888,3516.8470489998444,3681.7001146989014,1313.3184619165625,3696.963142020605
val,941,60,62.509056091308594,-79.95958709716797,27.796539306640625,-79.61361694335938,27.325780868530273,12.583801507949829,2225.3751420877024,2238.5155455635568,12810.256929101366,286.24618958874333
val,942,70,179.85243225097656,-94.8042221069336,29.312129974365234,-94.55489349365234,27.862930297851562,9.157030761241913,10324.478993884537,10370.611740191513,19294.81422654104,9316.358490038858
val,943,60,57.456478118896484,-87.97744750976562,30.19654083251953,-88.12236785888672,30.534040451049805,0.00414292688947171,4414.952864510586,4518.195751144861,1138.7615778390486,5914.057194094109
val,944,80,109.70384979248047,-93.66654205322266,28.724140167236328,-94.5566177368164,29.29509925842285,4.685128569602966,1485.88621301059,1487.0398267440073,5077.2122359536315,1491.6866641717138
val,945,70,77.7040023803711,-91.7534408569336,29.37919044494629,-91.95465850830078,28.863149642944336,30.427639961242676,5304.720373404292,5318.606650993063,29873.35871638415,4229.853255987635
val,946,70,239.7546844482422,-79.47687530517578,25.897075653076172,-80.51493072509766,24.19502067565918,7.34535026550293,5770.828674913886,5778.642596933044,8842.311550001908,25515.41316168858
val,947,60,23.476226806640625,-71.51143646240234,41.379581451416016,-71.55696105957031,41.17390060424805,0.007577319862321019,359.6550737887984,456.7730923427453,230.1344776687488,259.8043145272468
val,948,80,47.21237564086914,-81.13033294677734,23.822315216064453,-81.56822204589844,23.683809280395508,22.229243278503418,1581.9071092706345,1599.034296134382,22083.91637695839,288.70899163481624
val,949,70,270.6908264160156,-79.21675872802734,43.233516693115234,-76.26412200927734,44.19977951049805,1.9804946780204773,5318.107679776182,5267.654820860336,1818.219544288855,10079.112352828648
val,950,60,97.30584716796875,-87.65074157714844,44.09122848510742,-86.45234680175781,43.949440002441406,70.09208488464355,1736.1426146747826,1776.4732734725949,60233.11928302662,728.186568233294
val,951,60,23.345630645751953,-71.55693817138672,41.173858642578125,-71.51136779785156,41.379581451416016,0.003952725091949105,319.96284526868345,402.6808277302901,259.24253805683225,300.68518133357816
val,952,60,63.481475830078125,-88.49532318115234,30.086469650268555,-87.8936767578125,30.154510498046875,0.17306061275303364,2490.311145420557,2527.925272754719,5047.439540831874,3682.8741048833003
val,953,89,252.746826171875,-94.72161865234375,29.047700881958008,-96.841796875,27.829879760742188,9.788942575454712,5067.681109839647,5081.864416312915,13306.544458474575,7779.188109634769
val,954,60,31.802566528320312,-70.27678680419922,41.65037155151367,-70.15949249267578,41.39503860473633,0.3852374255657196,1431.8366862885293,1574.067533268408,410.921150884199,1666.1309227539352
val,955,60,58.61037826538086,-75.97760772705078,36.8302001953125,-76.14811706542969,37.3142204284668,27.457051277160645,1400.8761976276442,1268.2274942062475,21216.407853715613,1948.1494646965677
val,956,60,23.38140296936035,-71.51138305664062,41.37955856323242,-71.55696868896484,41.17388916015625,0.004329446703195572,303.7230833095425,421.1258981757063,225.55959127270708,200.75817710793356
val,957,69,35.851341247558594,-90.79940032958984,28.837060928344727,-90.9983139038086,28.64126968383789,22.668102264404297,4657.6951946957,4663.543973966752,19699.227656164345,3278.292520642784
val,958,89,226.77047729492188,-64.32191467285156,17.780105590820312,-66.11798858642578,18.64249038696289,33.670392990112305,24227.310325799936,23926.859380123453,26172.472565464603,8971.003509346287
val,959,80,79.11344909667969,-118.21636199951172,33.745361328125,-118.25511169433594,33.49441909790039,2.2793973684310913,9626.600481733733,9644.29103801739,11246.94677768305,10182.011125829771
val,960,70,214.94699096679688,-123.95033264160156,30.578859329223633,-122.08070373535156,29.521970748901367,55.59503746032715,1975.3911820036253,1986.0165743530797,56090.416491466756,483.66231246684197
val,961,60,25.751493453979492,-63.2380256652832,18.024919509887695,-63.47914123535156,18.056800842285156,15.98645544052124,834.921312990669,849.0044850430749,16027.075613978162,161.03984327969206
val,962,70,112.48242950439453,-82.17771911621094,23.276580810546875,-81.94671630859375,23.194549560546875,11.652833700180054,15082.200182663395,15089.959166426152,19162.995169259786,13910.857295973969
val,963,70,399.5182189941406,-87.43720245361328,41.67369079589844,-86.34229278564453,44.82941818237305,6.117727637290955,28787.5441925242,28794.697272302055,50123.458038041616,44657.75643953975
val,964,60,23.23252296447754,-71.51136779785156,41.37957000732422,-71.5553207397461,41.17525863647461,0.0071170327719300985,262.3527809148519,371.7039479941886,134.7136864747566,201.22891880701573
val,965,70,296.7706604003906,-83.25304412841797,45.670654296875,-82.36686706542969,43.110931396484375,22.84952449798584,14257.8881061013,14252.451303739743,15495.831821519563,4144.9082262689135
val,966,60,23.3499755859375,-71.55709075927734,41.17396926879883,-71.51136016845703,41.37957000732422,0.0035973276244476438,286.41837391363526,356.2077939856417,107.99935214415002,322.9645170235398
val,967,89,50.714786529541016,-93.52281951904297,28.974580764770508,-93.63253021240234,29.377370834350586,6.154435634613037,6124.942112996549,6121.062890244559,4229.436896297516,5148.653407516812
val,968,66,22.481674194335938,-94.77873229980469,29.314529418945312,-94.56961059570312,29.338489532470703,0.07506263721734285,2715.317109932126,2932.5241997599205,301.00949903640975,1393.450218863819
val,969,60,23.45465660095215,-71.51138305664062,41.37955856323242,-71.55708312988281,41.17401123046875,0.006217720685526729,430.3219525500189,509.51673757230145,78.49985486768678,445.08189064301115
val,970,60,23.390811920166016,-71.51138305664062,41.37957000732422,-71.55709838867188,41.173988342285156,0.006463717203587294,366.1686803101283,450.7217509552615,70.14890625655212,349.01789958349616
val,971,60,23.759302139282227,-118.26358032226562,33.734371185302734,-118.05328369140625,33.62752151489258,0.8632501736283302,482.2647879484919,525.8514681431824,1977.7203433025716,998.0453902213663
val,972,60,53.54444885253906,-88.12232971191406,30.534040451049805,-88.12123107910156,30.1895809173584,0.005929793929681182,4703.726380241027,4763.375248972499,3864.559828680138,7879.1181090304635
val,973,70,159.29183959960938,-124.16607666015625,36.25503921508789,-123.43102264404297,34.95368957519531,41.83822441101074,1161.8676298616572,1137.605154919647,40193.05135829417,228.8333106398337
val,974,70,79.77515411376953,-80.11566162109375,26.06584930419922,-79.35772705078125,26.12264060974121,1.3864347636699677,1606.000380378327,1617.208993269381,1003.7877938543629,2626.483034422902
val,975,60,29.973421096801758,-70.27680206298828,41.650360107421875,-70.169921875,41.408790588378906,0.1689392775297165,1241.6945577001784,1402.328995305612,187.13364023694416,1495.4891868828452
val,976,80,361.3929138183594,-94.66523742675781,28.67909049987793,-96.82032012939453,27.80755043029785,2.3954778909683228,59631.7220371037,59633.53370138303,72597.76003510338,64605.40047846939
val,977,70,339.99053955078125,-81.49568176269531,24.228790283203125,-79.99478149414062,26.62265968322754,36.50832176208496,4340.881184430277,4366.994494541963,29999.777204125414,39235.28942596581
val,978,60,38.1028938293457,-65.61924743652344,18.229259490966797,-65.30307006835938,18.301279067993164,0.00036053379881195724,1661.0985856265497,1625.845686626087,361.3355169612018,2781.526013502308
val,979,70,590.4097900390625,-124.19998168945312,36.69049072265625,-119.19564819335938,34.11642837524414,61.93668460845947,36358.5607582203,36146.73031850911,61494.68534302011,61306.25147674395
val,980,60,23.512832641601562,-71.51142883300781,41.37957000732422,-71.55687713623047,41.1739501953125,0.008370492607355118,413.7835780440897,499.38642612665336,200.39135575723031,387.72742374301026
val,981,70,144.04994201660156,-89.38416290283203,28.75483512878418,-88.80423736572266,27.567909240722656,9.190361499786377,2550.5985892212725,2569.696760418959,4952.462455522112,2463.9966176654157
val,982,89,32.790496826171875,-88.73723602294922,25.05661964416504,-89.06075286865234,25.026390075683594,7.31125944852829,2547.570465606358,2580.4013479160562,7334.876892198844,122.65869372289806
val,983,70,160.60325622558594,-88.03238677978516,30.65726089477539,-87.48715209960938,29.38585090637207,2.068987190723419,5084.938818974997,5108.578178599649,2069.4051605170625,9541.062336649858
val,984,70,80.87278747558594,-88.50924682617188,30.337120056152344,-88.15885925292969,29.792810440063477,0.6032284044194967,7113.413349755176,7133.702644646623,1071.0933294506285,7502.176610312738
val,985,80,124.7531509399414,-88.52335357666016,30.103069305419922,-87.6810531616211,29.289339065551758,7.924602031707764,4780.652138118812,4776.874380028146,5606.773219799574,3095.2319486787615
val,986,66,26.406980514526367,-94.77873229980469,29.31454086303711,-94.52902221679688,29.33548927307129,0.24665960855782032,2243.6748620769035,2437.7917074103952,309.80872470160705,1537.5341204535098
val,987,70,157.79025268554688,-89.55288696289062,28.634660720825195,-87.94052124023438,28.579809188842773,26.604772567749023,5018.159843383741,5030.9138560525635,16643.31533480832,430.90685733291826
val,988,89,52.86299514770508,-94.4737319946289,28.749019622802734,-94.51885223388672,29.1447696685791,9.855409622192383,3745.6555854227113,3738.42626292684,12035.255823207941,6511.061746464419
val,989,89,40.766666412353516,-64.74722290039062,17.69672966003418,-64.38961029052734,17.683879852294922,0.3661140650510788,1585.1535748864278,1603.8158555116763,4712.763366704538,3119.836395498613
val,990,60,121.59891510009766,-80.07697296142578,26.341190338134766,-80.28058624267578,25.31281089782715,12.84057492017746,4415.189053665308,4583.450115077595,11055.100726051583,6813.2468444426495
val,991,80,107.99449157714844,-124.15959167480469,31.62669563293457,-123.26487731933594,31.027469635009766,35.38210391998291,892.3212460590751,922.953489034144,29843.391441602478,109.77111974718483
val,992,80,30.709877014160156,-96.39087677001953,27.696739196777344,-96.09906768798828,27.77121925354004,4.131970286369324,3471.98153527588,3499.9962342927906,7997.042658489247,1870.8595875837798
val,993,60,37.674537658691406,-65.30307006835938,18.30129051208496,-65.61936950683594,18.229129791259766,0.0005961636197753251,2051.2366375292795,2024.9756430162527,245.83032973237962,3048.4001810329064
val,994,89,68.89461517333984,-111.3904800415039,22.7723445892334,-111.94677734375,23.12070083618164,8.085831642150879,1403.5270372087396,1409.2750821391792,7021.9200944282,76.29482866614035
val,995,60,35.55480194091797,-89.85974884033203,29.00218963623047,-89.97100830078125,29.25473976135254,0.02147428342141211,3012.7054467860894,3101.1660858504633,250.9136026695789,3160.5379929212295
val,996,70,99.51942443847656,-80.06549835205078,25.777929306030273,-79.45886993408203,26.477920532226562,12.064325332641602,1377.5588322017795,1395.3981964319503,16014.934499109962,3281.0866595691764
val,997,79,96.9808349609375,-88.76936340332031,28.78370475769043,-89.7597885131836,28.779190063476562,14.19565463066101,2414.777967080139,2426.3706583087237,13916.656618328108,1859.0214502917072
val,998,70,246.50015258789062,-80.11956024169922,26.073579788208008,-81.06419372558594,24.534759521484375,0.9921654164791107,10910.494054628876,10900.830938412933,7516.129676379515,35427.85573944002
val,999,70,328.61346435546875,-79.99918365478516,25.554710388183594,-82.45249938964844,23.892200469970703,12.563624620437622,16304.210959166085,16310.856149567535,11807.394460942798,21156.26106087528
val,1000,60,23.638145446777344,-71.55692291259766,41.17390060424805,-71.51136016845703,41.379608154296875,0.005328790284693241,504.0405272086843,567.2497490706553,178.20913845135877,563.2357648393803
val,1001,70,213.67259216308594,-85.64753723144531,45.22230911254883,-86.68733978271484,43.55060958862305,35.60298156738281,2745.4304176104215,2724.2006670276332,15713.55862137281,16017.308186567863
val,1002,70,26.525310516357422,-92.11135864257812,28.584169387817383,-92.0663833618164,28.796630859375,6.6482133865356445,1121.349058115265,1138.7338647590436,5219.889386971387,1607.0295958361637
val,1003,80,188.27288818359375,-93.02496337890625,28.311119079589844,-94.58751678466797,29.08470916748047,17.730583667755127,4801.4956376343025,4821.549532213025,13812.183979435289,6703.698440856377
val,1004,60,65.53324890136719,-89.5158462524414,28.971900939941406,-90.18057250976562,29.05051040649414,1.0832485854625702,1493.5136130399103,1518.5259955101835,1256.5070669911834,528.1592770123078
val,1005,60,23.42633819580078,-71.55696868896484,41.17388153076172,-71.51136779785156,41.379600524902344,0.0025492319837212563,432.60243810065356,489.5663477130784,92.83271995190461,529.6286679198121
val,1006,60,25.247758865356445,-71.51139068603516,41.379581451416016,-71.55265808105469,41.18257141113281,0.42316849809139967,1780.895749513039,1799.858671346727,1272.6962885660034,1592.963917341785
val,1007,60,26.95527458190918,-119.41914367675781,34.18217086791992,-119.50778198242188,34.38418960571289,0.003586790058761835,2589.82827629867,2580.7060038910577,2070.9583326434454,2077.0802788235774
val,1008,60,37.289039611816406,-65.61984252929688,18.228010177612305,-65.30306243896484,18.30130958557129,0.051257772371172905,1272.9995721257844,1255.6225593456,464.84569544893895,2416.410387998281
val,1009,80,86.92153930664062,-117.09555053710938,32.34375,-117.03658294677734,31.58555030822754,2.722376585006714,4464.231255802057,4489.885421972687,3026.614537896136,2689.958899141815
val,1010,70,180.58985900878906,-89.22119140625,48.41413879394531,-87.18630981445312,47.648841857910156,2.926800549030304,4438.888814058609,4444.003591863701,1117.8792579086405,2958.845478595638
val,1011,70,40.25945281982422,-92.06880187988281,29.340669631958008,-92.30785369873047,29.540590286254883,4.59987872838974,3010.3430653049068,3030.3495499638634,4196.000136708577,3611.660889201872
val,1012,60,37.826622009277344,-65.30307006835938,18.301279067993164,-65.61927795410156,18.229259490966797,0.0005960729904472828,2037.7297331157713,2014.614095122583,620.9968146603825,2988.2912633709343
val,1013,71,151.23464965820312,-83.05880737304688,23.466930389404297,-81.59954071044922,23.708969116210938,17.84337067604065,5455.590839145376,5460.175120934553,17516.087275544003,276.90820102176474
val,1014,70,26.793582916259766,-94.77935028076172,29.314470291137695,-94.52851104736328,29.33690071105957,0.518825352191925,2596.33707464605,2778.395598002691,640.6462566837172,1799.761012362874
val,1015,60,97.43956756591797,-86.45227813720703,43.94956970214844,-87.65128326416016,44.09117889404297,59.256656646728516,1602.214944481955,1647.2401737435148,45109.02564224149,959.0660392215144
val,1016,70,309.0637512207031,-72.94329071044922,38.953330993652344,-73.03652954101562,39.879886627197266,31.75248146057129,61596.74731783829,61615.2460612679,75732.80834191041,60724.72200102477
val,1017,60,97.21266174316406,-87.65117645263672,44.09098815917969,-86.45350646972656,43.94989013671875,70.04264640808105,1112.6360223474717,1144.2945424389109,58971.520678866014,932.9709858560449
val,1018,60,39.46007537841797,-81.6554183959961,30.32331085205078,-81.6617202758789,29.992149353027344,60.34367752075195,1648.0879594656774,1585.7427019663628,61516.23558552795,1466.198277314847
val,1019,80,387.9542236328125,-76.38475036621094,38.4040412902832,-73.95223999023438,36.03086853027344,4.400999039411545,10872.358241372242,10781.382938961377,4981.868917763684,39969.75457341538
val,1020,80,79.90013885498047,-121.42671966552734,34.79732894897461,-120.79107666015625,34.3838996887207,9.328383445739746,6213.317454313003,6211.393015970254,8976.605410552982,7890.6312302690685
val,1021,71,242.821044921875,-118.21420288085938,33.757301330566406,-118.2046127319336,31.699520111083984,4.698638021945953,8573.534770951748,8588.800384044947,34761.41968861719,16744.156602949366
val,1022,80,292.7054443359375,-78.86615753173828,26.23576545715332,-80.20658111572266,24.32883071899414,10.582078456878662,20123.30750946659,20142.145137173593,7208.43726300029,21246.578153754264
val,1023,80,163.15475463867188,-119.82012939453125,33.72848129272461,-118.15992736816406,33.70581817626953,10.143312215805054,7612.185737604221,7642.171790511252,11116.78250758704,4613.299351116489
val,1024,70,231.04193115234375,-93.33193969726562,29.78335952758789,-94.74028778076172,28.160999298095703,18.007745921611786,4281.01632005187,4310.16052933683,17927.11135060586,4219.713107711063
val,1025,69,86.16756439208984,-79.75304412841797,25.143325805664062,-79.54364013671875,24.395009994506836,16.49327278137207,5151.704726264946,5138.230147700803,15632.198744703215,1650.5436938590567
val,1026,66,25.733610153198242,-94.77876281738281,29.314599990844727,-94.53822326660156,29.311199188232422,0.15216634061653167,2657.1692295955327,2879.488424296862,279.4751067843231,2012.4922132509555
val,1027,71,218.0894012451172,-75.50222778320312,36.505985260009766,-74.98042297363281,34.616600036621094,17.115825653076172,2820.503103767883,2827.046674867892,16691.91722341077,8992.79836528265
val,1028,70,151.42034912109375,-65.3734359741211,18.435405731201172,-64.01390838623047,18.150930404663086,25.245652198791504,2623.5152525740527,2631.022044677575,20890.969752425808,6861.429244715261
val,1029,60,23.416179656982422,-71.55695343017578,41.17388916015625,-71.51138305664062,41.379581451416016,0.0045983807649463415,446.0395961253857,497.3150780619182,135.80318883237535,514.3078973132091
val,1030,60,92.09606170654297,-92.1541748046875,28.839954376220703,-92.38675689697266,29.343759536743164,11.639155626296997,13518.667368239203,13521.07872257627,18028.955571142385,13526.146347043148
val,1031,79,346.4606018066406,-76.13421630859375,37.19424819946289,-72.46784210205078,37.16716003417969,22.216832399368286,14054.456333077145,14054.255471193412,23485.115786882972,18254.276349371175
val,1032,60,61.71074676513672,-73.96781158447266,40.32197189331055,-74.06259155273438,39.776100158691406,20.25514316558838,1813.796770165594,1833.4902516327375,10452.90450238312,905.1198581221365
val,1033,70,94.34489440917969,-87.98722839355469,30.167339324951172,-88.1220474243164,30.534019470214844,1.6782653480768204,8939.805496342053,8899.558570168094,5598.659201814664,11006.214777411134
val,1034,60,97.27859497070312,-87.65057373046875,44.09115982055664,-86.45201873779297,43.94948959350586,70.10100364685059,1161.0025396291414,1188.2287076744738,59121.49014008114,810.5397584850715
val,1035,70,61.487220764160156,-63.830726623535156,39.087703704833984,-64.47334289550781,38.851619720458984,21.878406286239624,1089.8711735980223,1127.1349525809046,21902.929191806797,488.9668188637233
val,1036,70,38.64218521118164,-79.78838348388672,30.777379989624023,-80.15093231201172,30.624370574951172,37.05637836456299,638.5882225547674,670.8882745589709,30836.899562309183,326.07365163094806
val,1037,80,165.1092987060547,-93.34178161621094,26.118120193481445,-91.81539154052734,25.556150436401367,40.43044090270996,3817.9662031733174,3857.0422167763945,34725.35449123667,537.0358183713266
val,1038,60,97.28260803222656,-87.65087127685547,44.09088897705078,-86.4524917602539,43.94963836669922,70.07135391235352,1399.8392923090041,1435.5435438531558,59730.694142159766,475.9534416524547
val,1039,60,23.43195915222168,-71.55709838867188,41.17396926879883,-71.51139068603516,41.379600524902344,0.0052132937125861645,365.74955661387156,430.6468648543869,144.4888257782059,351.3891068689998
val,1040,60,44.68560028076172,-94.70758056640625,29.05122947692871,-94.8025894165039,29.31222915649414,1.374863475561142,5763.118745859496,5943.883436198846,1358.1929219567749,7260.0314969671945
val,1041,70,238.58572387695312,-67.64861297607422,13.951945304870605,-65.88069915771484,15.236220359802246,137.73295974731445,6494.718542072784,6526.150107426631,127605.83686388619,1702.2216229523713
val,1042,60,38.003013610839844,-65.30307006835938,18.30130958557129,-65.6198501586914,18.22835922241211,0.012955727986991405,2424.6710715082413,2418.4217069093183,676.8022395215287,3435.107045659221
val,1043,60,27.461978912353516,-64.9384536743164,18.338850021362305,-64.843017578125,18.110170364379883,7.878730297088623,2520.3274348254376,2653.5382974081936,5007.398259880133,170.54340195053223
val,1044,60,50.17381286621094,-119.20368957519531,34.14775085449219,-119.71791076660156,34.285301208496094,1.805682860314846,2217.016176398046,2254.5537352391943,1700.0133317826364,511.3710611381801
val,1045,60,23.37037467956543,-71.55696105957031,41.17388916015625,-71.51141357421875,41.37955856323242,0.006189111853018403,356.31001059051454,419.70868428608867,62.24717623701788,474.94728906766403
val,1046,60,219.1454620361328,-79.42049407958984,26.136924743652344,-80.73200225830078,24.618330001831055,8.636271953582764,10945.13566197822,10969.176993123338,9463.569495021244,10370.163004735965
val,1047,70,79.7203369140625,-75.07415771484375,38.84450149536133,-74.22901153564453,38.8215217590332,14.394698858261108,2110.4476027877263,2126.4499145018763,7389.026563371775,6468.347628441668
val,1048,60,37.787872314453125,-65.30309295654297,18.301300048828125,-65.6192398071289,18.229419708251953,0.00223720382200554,1897.931451348753,1869.8921447811083,192.05453080910328,2823.201259164807
val,1049,71,48.37223815917969,-80.2223129272461,24.352140426635742,-79.81182861328125,24.57193946838379,6.60785049200058,1965.9288813703397,1970.739002647173,5211.437532880752,834.012255134339
val,1050,70,48.69108963012695,-89.42254638671875,28.835575103759766,-89.18865203857422,28.45223045349121,2.53170358389616,688.3287180783983,710.9055586817847,1491.5542069370597,485.0628440762944
val,1051,60,180.76412963867188,-117.23615264892578,32.69456100463867,-119.07852935791016,32.429931640625,0.24755165725946426,5940.664834011481,5975.118898357149,14064.6761646851,3397.2497114151497
val,1052,80,83.55409240722656,-96.98078155517578,27.825220108032227,-96.2778091430664,27.420940399169922,3.2209030389785767,3880.5082910929145,3898.5009610924126,1402.9887357262717,2465.926799049318
val,1053,60,37.542442321777344,-65.61936950683594,18.229150772094727,-65.30309295654297,18.301340103149414,0.0006742040859535336,1583.0951238629373,1554.526553461462,165.3677721844809,2759.9803294454236
val,1054,60,97.29156494140625,-86.45198822021484,43.9493408203125,-87.65081787109375,44.09115982055664,59.2575569152832,845.5700039526047,883.9383929448472,45772.054131376084,270.07337933268906
val,1055,80,297.083740234375,-79.26011657714844,26.17326545715332,-80.66419219970703,24.114990234375,8.641602516174316,8643.61599951906,8627.830190032366,9793.15936151525,23956.873721315405
val,1056,60,23.412172317504883,-71.55695343017578,41.173858642578125,-71.51136016845703,41.379581451416016,0.0033327285200357437,452.37307720669054,512.0721793876061,99.86719858690785,551.4188728397872
val,1057,70,67.13374328613281,-88.03875732421875,30.08319091796875,-88.03237915039062,30.657270431518555,0.2644587382674217,2305.4416272403387,2348.1551855492353,1200.0631091168955,1284.407176274217
val,1058,70,48.58793258666992,-90.2394027709961,28.53423500061035,-90.22805786132812,28.970449447631836,5.545253038406372,2237.952512094293,2242.2396863184827,4137.702836431309,507.3723391915661
val,1059,60,23.37841033935547,-71.55695343017578,41.17387008666992,-71.51136016845703,41.37958908081055,0.0033705522655509412,288.78119419280125,370.7702454940942,279.11561675066287,284.476145600712
val,1060,71,145.11529541015625,-94.79654693603516,28.563720703125,-94.19197082519531,28.57632064819336,4.628598213195801,10463.955594809831,10510.607021686088,11954.125643597714,10373.270115703299
val,1061,79,22.14214515686035,-79.82218933105469,26.21953582763672,-79.64234924316406,26.335840225219727,20.324912786483765,2371.3187626660297,2384.6822804583708,21027.374359133857,114.50406462564206
val,1062,70,131.89913940429688,-90.10466766357422,28.848920822143555,-88.8031005859375,28.613750457763672,9.651331186294556,3360.1585892719336,3349.0225046783316,5889.530188268626,6149.4475326632455
val,1063,80,155.63267517089844,-117.12045288085938,32.352569580078125,-116.8614273071289,31.05389976501465,11.459867477416992,10059.516404565646,10068.339696798186,10046.534183996077,8622.28447384353
val,1064,79,165.23016357421875,-80.11540222167969,26.06924057006836,-79.51648712158203,24.807300567626953,0.7528375387191772,5184.710285259289,5196.552284220101,4849.7635769224735,11098.639500108746
val,1065,71,260.98370361328125,-80.05084991455078,26.767860412597656,-80.56874084472656,24.67207908630371,7.446824178099632,8623.781713919723,8647.019557750504,7519.969315743494,25588.58080419099
val,1066,60,23.375186920166016,-71.51138305664062,41.379608154296875,-71.55693054199219,41.1739616394043,0.00780389946885407,346.0038786839384,449.2583524397817,124.08024551097346,197.5790666264635
val,1067,70,20.270231246948242,-92.24314880371094,19.571250915527344,-92.05847930908203,19.522930145263672,6.418810725212097,1029.4826872909803,1033.7289177801665,8974.777445651285,138.49864765052828
val,1068,70,272.3203125,-118.25911712646484,33.758628845214844,-120.98085021972656,33.73154830932617,0.5644631236791611,3850.943275847797,3799.824912951764,3481.8947953203465,12166.904103532537
val,1069,70,82.26589965820312,-90.38556671142578,28.030349731445312,-90.28318786621094,28.76141929626465,13.925085067749023,1831.196728902436,1847.516450579723,7032.638269320583,702.8493869908449
val,1070,83,174.87208557128906,-77.33880615234375,43.756046295166016,-79.21626281738281,43.22417068481445,6.929798349738121,9737.670812493692,9737.34017413531,5815.229389021181,8474.505680414879
val,1071,80,145.64146423339844,-93.63539123535156,28.69094467163086,-92.5263900756836,27.840980529785156,7.419514894485474,4096.173359508299,4105.441275410682,3923.910016041901,3592.937697800497
val,1072,70,148.59780883789062,-82.87763977050781,45.07273483276367,-81.94373321533203,43.914398193359375,16.878071308135986,7289.691598285322,7304.7056165840195,13527.1821373386,195.38517275548296
val,1073,60,36.6176643371582,-91.47046661376953,28.430879592895508,-91.82569122314453,28.327449798583984,31.22200298309326,1611.539377529001,1636.6020995870713,27619.073475472193,176.04220372871308
val,1074,70,239.9275665283203,-80.11882781982422,26.073040008544922,-80.71761322021484,24.33390998840332,3.1616063117980957,9620.016315612706,9635.363081332127,8356.866423588417,29693.62009147041
val,1075,60,23.42601203918457,-71.51139068603516,41.379581451416016,-71.55695343017578,41.17390060424805,0.006054062629118562,386.897341248338,467.41033455670913,166.64408386927653,293.4769812916322
val,1076,60,23.441509246826172,-71.5569076538086,41.17388153076172,-71.51139831542969,41.379600524902344,0.005498552927747369,338.57718275811357,408.30232690473355,97.81378342104085,457.89327560002766
val,1077,60,23.498502731323242,-71.55695343017578,41.17387008666992,-71.51142120361328,41.379581451416016,0.004718021722510457,427.21262015786397,492.31629049838654,111.15586057777877,539.763366301866
val,1078,60,23.386123657226562,-71.55706787109375,41.173988342285156,-71.51136016845703,41.379581451416016,0.0055887538474053144,385.54617737071294,447.1473991129853,126.72264565308654,505.2542378637459
val,1079,71,198.1261749267578,-79.72624206542969,24.636695861816406,-80.11570739746094,26.066879272460938,5.892035752534866,17421.485264724644,17446.383130981714,6742.678029647468,25950.9793273952
val,1080,60,229.031005859375,-80.61031341552734,28.408729553222656,-79.20806121826172,26.793920516967773,2.3839370608329773,5994.3644612516455,6009.408244948905,3810.732722460051,5629.499571146814
val,1081,70,69.16669464111328,-83.77179718017578,22.951555252075195,-83.11257934570312,23.070100784301758,37.731388092041016,2704.769665766343,2710.968168776035,33321.1446043007,1390.9116736728065
val,1082,80,64.06233215332031,-118.44930267333984,33.646148681640625,-118.211181640625,33.74851989746094,2.2892560958862305,9544.242614083501,9566.645262146303,10283.964323281587,10773.814070071756
val,1083,60,24.144939422607422,-71.55693817138672,41.17387008666992,-71.51136779785156,41.379600524902344,0.003088377183303237,756.3954124884821,809.597115414833,767.1990740714883,556.3606847045601
val,1084,60,23.383407592773438,-71.51129913330078,41.37953186035156,-71.55706787109375,41.17399978637695,0.002320478903129697,298.5507631065735,401.74025693359306,55.67578909654644,294.01417779563127
val,1085,60,27.142990112304688,-70.27680206298828,41.6503791809082,-70.18821716308594,41.43008041381836,0.12831160484347492,1089.7547150766704,1268.5112836711592,173.28981144070826,1353.2112871515299
val,1086,80,66.37435913085938,-80.0434799194336,42.79798126220703,-79.42848205566406,42.79719161987305,4.029270200524479,6873.755587385186,6859.255519031016,4118.402135559893,7865.165315609734
val,1087,80,425.85028076171875,-118.21894836425781,33.738800048828125,-122.3819808959961,34.936500549316406,2.042412221431732,25683.049802307636,25710.858949965135,35982.27650389659,10268.196502258166
val,1088,70,119.57723999023438,-69.1619873046875,40.553810119628906,-70.57424926757812,40.52640151977539,3.3588085174560547,1321.2544385555775,1355.5756251029482,1559.95768989345,763.7145837771654
val,1089,70,60.696815490722656,-89.5184097290039,28.30590057373047,-90.01399993896484,28.634469985961914,13.945948600769043,1017.5796214853756,1026.6772178701765,10451.938549569524,165.49943901924053
val,1090,80,47.93497848510742,-94.7114486694336,29.079700469970703,-94.46916961669922,29.235919952392578,2.074787139892578,6487.462415830147,6504.292548435009,6411.1016932025,8574.920189443663
val,1091,80,43.208065032958984,-74.48576354980469,38.69628143310547,-74.63316345214844,38.54787063598633,13.88970136642456,3134.747077989355,3126.5766821263605,9448.428014628165,4306.342641905156
val,1092,60,37.791412353515625,-65.61927032470703,18.229290008544922,-65.30303192138672,18.301349639892578,0.0010348072100896388,1807.8077636809478,1768.2321930480716,286.8172074949232,2984.037183400714
val,1093,60,23.667068481445312,-71.51136016845703,41.37955093383789,-71.55696105957031,41.17390060424805,0.004009231925010681,348.492219114767,462.47991359391585,306.9076507402333,349.49230546156235
val,1094,66,85.48133850097656,-94.77876281738281,29.3145809173584,-94.6749496459961,28.666589736938477,0.15473362803459167,5331.176757101601,5382.834234842564,341.3926644652039,7412.750210724278
val,1095,80,141.52891540527344,-96.73322296142578,27.586610794067383,-95.77365112304688,27.615459442138672,16.179012417793274,23049.917669734194,23055.33879747227,15695.01481236075,19192.988622214998
val,1096,60,23.45235824584961,-71.51139068603516,41.37955093383789,-71.55693054199219,41.173919677734375,0.004597698163706809,309.2176623538399,435.6448432622965,141.65841943799003,244.32711753788462
val,1097,80,33.49156951904297,-94.62252807617188,28.453380584716797,-94.6503677368164,28.734699249267578,4.848231732845306,1244.1812532261465,1250.338218862417,9511.200537942908,2351.822145737432
val,1098,70,133.51808166503906,-75.02706146240234,35.039249420166016,-75.9349594116211,34.15037155151367,21.60487651824951,3312.591141009669,3334.7958822619353,20252.946203244534,4634.378650795567
val,1099,74,280.9561767578125,-118.2542495727539,33.73263168334961,-120.9558334350586,34.507511138916016,5.301284670829773,5780.046069894161,5718.541319307208,2351.2063169884436,7517.528944892462
val,1100,69,55.1528205871582,-90.31388092041016,29.0202693939209,-90.82682037353516,28.838350296020508,18.33222985267639,2294.608633600621,2326.0388660277513,17885.202436065792,1546.5436971498211
val,1101,60,23.257143020629883,-71.51139068603516,41.37957000732422,-71.55567169189453,41.174461364746094,0.008087289985269308,281.4763249753438,383.8040961914437,174.25756755736072,255.0514798187794
val,1102,60,23.273990631103516,-71.51139068603516,41.37957000732422,-71.5556869506836,41.17449951171875,0.007075077388435602,397.7018208245506,486.3430540861502,349.54032886508486,410.9453758092704
val,1103,80,592.1885375976562,-73.40142822265625,39.7066764831543,-74.39762878417969,34.462120056152344,53.630494117736816,29897.77358478804,29887.74486771953,74661.20490874742,9092.951378973847
val,1104,80,426.6275329589844,-84.32704162597656,46.50318145751953,-82.36978149414062,43.114471435546875,1.9303407073020935,19216.097743721264,19187.84210567903,5174.318251639638,22237.658695097904
val,1105,60,37.89230728149414,-65.61939239501953,18.22909927368164,-65.30307006835938,18.30129051208496,0.0010250817867927253,1492.2939283770754,1473.8793177342204,168.55474248710962,2559.099452535403
val,1106,60,37.98802185058594,-65.61934661865234,18.229129791259766,-65.30258178710938,18.300739288330078,0.035660275258123875,1820.4911505539062,1790.3788785475883,665.3859777804769,3010.1712989054654
val,1107,60,23.19039535522461,-71.5113525390625,41.379539489746094,-71.55516815185547,41.17549133300781,0.006372626288793981,358.578234903264,448.5399859366753,188.79171600281603,412.60752146106114
val,1108,70,52.82881164550781,-81.72566986083984,43.74565124511719,-82.13031768798828,44.08787155151367,11.584641023073345,6653.342279277222,6660.071732421711,9871.377148046986,3119.278822017055
val,1109,70,200.99655151367188,-80.12223052978516,26.073009490966797,-79.7571792602539,24.571130752563477,4.939795970916748,10667.183928247156,10686.728796902873,6529.660488575544,24500.260083797046
val,1110,80,530.0149536132812,-80.12187194824219,26.091190338134766,-83.6350326538086,24.355419158935547,20.403417587280273,21552.19577434794,21571.794113042914,26915.494712743883,85650.68115259708
val,1111,80,77.0550765991211,-95.799072265625,27.920299530029297,-95.05583953857422,27.710569381713867,19.937678337097168,1542.3130721880218,1565.6886711407988,19287.37097065109,396.2092566943731
val,1112,60,23.71031379699707,-71.55696868896484,41.17393112182617,-71.51138305664062,41.379600524902344,0.005822340375743806,456.1757437164275,521.3640917524559,276.422706481401,482.2600948034445
val,1113,70,186.8852081298828,-83.22223663330078,45.91469955444336,-85.48087310791016,45.89672088623047,22.146039485931396,11663.16124702634,11548.012845839408,14162.189227264435,8315.769364796817
val,1114,79,423.8125915527344,-94.06616973876953,28.864120483398438,-90.16542053222656,28.02787971496582,41.918471336364746,12214.416097268022,12202.40224140046,44132.76551746638,34504.09221807717
val,1115,74,29.448902130126953,-76.05988311767578,37.58258056640625,-76.16922760009766,37.812191009521484,13.788692474365234,2458.089903280812,2472.546489797914,16466.539884287948,2834.3535649554915
val,1116,60,160.23081970214844,-94.04480743408203,28.13426971435547,-94.79489135742188,29.31631088256836,25.569561779499054,4094.70892187714,4148.367751657876,25225.171581828326,8223.215147881237
val,1117,60,36.998939514160156,-92.0548095703125,27.310710906982422,-91.76297760009766,27.102529525756836,22.839637279510498,1942.4007311932305,1934.4834796041612,22738.651965653586,75.69155081858639
val,1118,79,204.3715362548828,-79.15763854980469,26.190475463867188,-79.8675765991211,24.539960861206055,24.981791496276855,6718.280004256191,6721.728078297852,14115.466939982833,6456.910933436788
val,1119,60,30.710865020751953,-70.1531982421875,41.4073600769043,-70.27677154541016,41.65037155151367,0.12768170423805714,1544.7167298968513,1765.6108996258145,134.4194670178136,1491.8562028854417
val,1120,80,72.61605072021484,-80.1221923828125,26.09334945678711,-80.14215087890625,25.764869689941406,0.02642210153862834,10181.17937768256,10082.279720110106,4526.63548923959,12812.968925031075
val,1121,71,135.92953491210938,-79.9524917602539,25.619874954223633,-80.61743927001953,24.641630172729492,7.242454171180725,2507.808903086688,2538.090826453093,7336.03003040918,12731.305283233754
val,1122,80,118.32078552246094,-93.734619140625,29.21409034729004,-94.37332916259766,28.579809188842773,7.338165283203125,9001.964674372892,8984.040534492753,23943.31875570584,15979.122380384048
val,1123,60,23.360382080078125,-71.51133728027344,41.37955856323242,-71.55583953857422,41.17424011230469,0.0030664820224046707,448.8200337901244,527.1417054445504,261.4488853646471,502.7636760950307
val,1124,60,38.065433502197266,-65.61934661865234,18.229150772094727,-65.30304718017578,18.301319122314453,0.001290680025704205,1956.5613119818072,1914.3180561022307,213.90970459108533,3152.178266965916
val,1125,70,69.64756774902344,-88.0719223022461,30.065109252929688,-88.03227996826172,30.660480499267578,0.5977825820446014,1463.3795470723817,1516.5979183096983,927.6312692653976,2142.071880343398
val,1126,66,26.80327606201172,-94.60256958007812,29.21183967590332,-94.77874755859375,29.31460952758789,0.4173745606094599,3393.7544908872565,3626.2851745716252,404.89912199386106,4089.614870415782
val,1127,60,97.3893051147461,-86.45208740234375,43.94963073730469,-87.6512680053711,44.0909309387207,59.263559341430664,1382.9574459086655,1427.894073892449,45318.166928214094,809.2349528268683
val,1128,80,61.996131896972656,-93.96456909179688,28.764429092407227,-93.7075424194336,29.20870018005371,4.852452635765076,4517.198764474965,4517.590069428392,7753.671050418728,6516.6649379939645
val,1129,60,41.26126480102539,-94.3838882446289,29.134994506835938,-94.03515625,28.92498016357422,3.9183672666549683,632.8191101447007,672.8859397852248,2089.5083512534034,527.1986735289418
val,1130,80,980.5094604492188,-117.5556640625,33.12688446044922,-117.23544311523438,32.70119094848633,38.7607364654541,48137.74000527989,48053.465255641946,51780.61799466889,48236.957137119025
val,1131,79,46.703956604003906,-118.2605209350586,33.714569091796875,-118.6384506225586,33.77914810180664,1.2741670310497284,4242.292691353107,4237.334691397869,1983.219308608738,6356.144288148192
val,1132,60,22.44760513305664,-71.55230712890625,41.18156051635742,-71.5114517211914,41.37955856323242,0.4403326194733381,350.1185323642766,416.5742141614854,590.1044869680358,470.16616920230035
val,1133,60,23.33983039855957,-117.17220306396484,32.4339599609375,-117.223876953125,32.637908935546875,11.469428777694702,507.75477063498806,528.2100802470422,7164.043992398188,161.50742224822963
val,1134,70,91.87757873535156,-94.8042984008789,29.312410354614258,-95.26840209960938,28.872020721435547,17.463881850242615,7610.019907617405,7709.8656506943,23022.01414471706,11160.817209973417
val,1135,60,37.79514694213867,-65.6193618774414,18.229150772094727,-65.30307006835938,18.301300048828125,0.0005960729904472828,1691.6091897658625,1683.5356348937034,373.3689329528582,2873.4408846620618
val,1136,80,443.7908020019531,-88.50961303710938,30.335739135742188,-89.55062103271484,27.965900421142578,13.225032985210419,30409.540126556833,30435.598110006827,31313.944111573375,83685.57917804728
val,1137,80,220.76339721679688,-92.30162811279297,19.60247039794922,-92.57428741455078,21.508989334106445,97.93127059936523,9246.34506023254,9254.653113593271,97720.87345706555,11602.487279386221
val,1138,80,47.65446853637695,-69.41719818115234,41.377620697021484,-69.16194152832031,40.994659423828125,11.690168380737305,2237.5481557818043,2235.2517480056513,11696.657538658721,62.9747993033887
val,1139,60,191.40008544921875,-87.38768768310547,46.54291915893555,-84.9609603881836,46.76182174682617,11.58399510383606,5201.066233477041,5205.931456112896,11517.11857811862,3789.647965697329
val,1140,60,23.404403686523438,-71.55695343017578,41.17388916015625,-71.51139068603516,41.379581451416016,0.00474883895367384,327.9683135266896,395.16348177146654,245.41263209173215,327.41396318345636
val,1141,70,275.2876281738281,-88.04283905029297,30.713369369506836,-87.8195571899414,28.471900939941406,4.928659677505493,10497.758231650843,10608.213626045788,6581.624326505479,16158.567967907913
val,1142,80,81.05318450927734,-94.70597076416016,28.61988067626953,-94.52996063232422,29.11631965637207,5.408916234970093,12823.581274573622,12831.649160970714,17083.073264583207,14736.19031320537
val,1143,70,49.89323043823242,-79.69187927246094,32.66592025756836,-79.6010513305664,32.23550033569336,8.467194557189941,2402.4562236981187,2399.7859018853032,8109.225561014753,2907.3490194049987
val,1144,70,116.96788787841797,-79.24571990966797,42.89992141723633,-80.46060180664062,42.38827133178711,3.21802818775177,2567.42768822016,2600.1625511040493,2029.5502767895189,4736.278359214402
val,1145,80,68.52355194091797,-79.8130111694336,26.674964904785156,-79.75736999511719,27.289079666137695,22.806665420532227,1205.864942120165,1226.9926831727216,11872.548760528665,344.42912146899295
val,1146,60,30.631698608398438,-117.23577117919922,32.69485092163086,-117.48175048828125,32.66728973388672,2.4867333881556988,3638.222439885614,3763.5541164898796,2094.2065662708987,4222.840581527571
val,1147,70,67.64502716064453,-88.04084777832031,30.072040557861328,-88.0335464477539,30.668590545654297,0.7991465330123901,2220.8579073413225,2289.4445408399574,480.8615729151466,1192.9396407790707
val,1148,60,115.35647583007812,-92.30473327636719,29.55377960205078,-92.06104278564453,28.548830032348633,1.3409397630020976,2657.7128091779077,2710.7156666856267,4789.728473858917,2504.1548919120596
val,1149,70,69.3545150756836,-88.96466064453125,29.0577392578125,-89.32968139648438,29.03101921081543,15.354694366455078,12623.707543532239,12616.618480316778,18123.43607782183,14033.011053392442
val,1150,60,22.649307250976562,-87.95366668701172,30.189220428466797,-88.16339874267578,30.1895809173584,0.027140242513269186,1515.5104778134398,1579.782910124621,618.2606286466598,1813.4086660034504
val,1151,80,137.414306640625,-78.77664947509766,26.507080078125,-80.07711029052734,26.11673927307129,12.60795347392559,3656.749618497695,3677.7895405169907,34472.758037324005,1609.7176705434165
val,1152,80,242.6724395751953,-93.2235107421875,28.99728012084961,-91.88484191894531,27.257020950317383,27.825148582458496,10232.173884584094,10245.001063443016,14270.853818710433,15233.180305803175
val,1153,70,542.2457885742188,-76.4120864868164,38.96598815917969,-75.59879302978516,34.577598571777344,18.913022994995117,19102.065872508298,19681.954377157574,11475.135723879599,30549.796666617436
val,1154,70,140.06378173828125,-86.52073669433594,44.21172332763672,-86.23596954345703,43.07197189331055,20.447603225708008,8400.024418764451,7522.222605137367,22832.58868608537,12535.135179876816
val,1155,80,75.62741088867188,-74.81449127197266,38.63555145263672,-75.17903900146484,38.95532989501953,2.2697694301605225,7525.700534839737,7526.506790098919,11607.273156099624,9856.711160969919
val,1156,80,131.92172241210938,-79.24403381347656,26.181514739990234,-79.61377716064453,25.077899932861328,5.881019592285156,6165.140269627946,6178.329794984883,7404.3603362813465,6426.100631000365
val,1157,70,120.36579132080078,-75.0635986328125,36.863216400146484,-73.73475646972656,37.073158264160156,3.794318974018097,3966.994781248003,3966.8496671687317,3051.6357955022427,114.18999092563998
val,1158,80,274.8286437988281,-121.23131561279297,34.491390228271484,-118.44930267333984,33.646148681640625,23.297940254211426,14084.933256485141,14153.143746917323,13845.772916913484,6928.975654534975
val,1159,71,535.255126953125,-118.27436065673828,33.75251007080078,-122.9067611694336,36.15129089355469,5.997145652770996,14945.156904974961,14988.317695252554,5606.984692729158,34142.52765994615
val,1160,60,42.52863693237305,-89.93292236328125,29.01243019104004,-89.50051879882812,28.971879959106445,1.7522855401039124,1396.4880343783018,1399.209756182375,1188.670516503435,464.9851567579286
val,1161,60,23.44277572631836,-71.55696105957031,41.17388153076172,-71.51142883300781,41.379539489746094,0.006797712063416839,390.1588390806656,448.664393642228,220.46893755613578,402.14247117582676
val,1162,71,164.8032989501953,-89.61491394042969,28.492380142211914,-89.43229675292969,28.825199127197266,4.9267787635326385,18115.122191271916,18122.00630915251,22743.816060836885,18551.563729023143
val,1163,60,23.455381393432617,-71.55696105957031,41.17388153076172,-71.51141357421875,41.37955093383789,0.0060113833751529455,414.4930973824932,473.7126625360655,73.96965703428509,548.0799510509572
val,1164,70,558.7156982421875,-84.35038757324219,46.5030403137207,-91.26229858398438,47.28253936767578,0.004713878966867924,16811.415143679376,16868.3971016574,2418.544487296565,30534.439928179523
val,1165,70,68.42464447021484,-92.30480194091797,29.553430557250977,-91.78045654296875,29.38282012939453,0.01983480667695403,6072.9158571172275,6081.500956970446,3535.8340082165514,10688.016323964077
val,1166,70,522.9107666015625,-76.41272735595703,38.94546890258789,-72.75813293457031,36.67850112915039,9.078311204910278,14084.457842587695,14147.525735656029,10537.491947958137,77365.61580937791
val,1167,71,306.5319519042969,-93.9365234375,28.894790649414062,-90.81922912597656,28.80691909790039,44.55813694000244,5477.352563742391,5491.107974353596,33763.611738671854,1349.0608365923285
val,1168,60,23.35846710205078,-71.55696868896484,41.17388916015625,-71.51138305664062,41.379600524902344,0.003638867405243218,342.3715412477233,407.775747050712,203.92873385644472,348.25871714830106
val,1169,80,439.8526916503906,-119.30855560302734,32.599456787109375,-118.21578979492188,33.72623825073242,9.694150447845459,54529.06745836554,54450.72779455447,27685.346707253444,62237.19146807005
val,1170,70,309.9980163574219,-89.09294891357422,30.356130599975586,-87.28202056884766,28.27560043334961,21.604167714715004,13076.397750230391,13116.723694184455,18286.67111358957,22848.181567111682
val,1171,80,297.7716369628906,-74.06208038330078,40.632049560546875,-74.20308685302734,38.08475112915039,34.902395248413086,5488.121503460679,5482.345311259015,20167.929096619042,16430.58718377231
val,1172,80,490.3099060058594,-92.21434783935547,24.804655075073242,-93.14067840576172,28.523420333862305,107.21851348876953,34319.264362558686,34312.83474271616,91817.39217513277,30083.50376197023
val,1173,60,71.99202728271484,-87.33928680419922,44.053260803222656,-86.45217895507812,43.949581146240234,39.59309530258179,1448.0539595320404,1462.0132762615797,27694.351403023473,372.5516478576031
val,1174,70,160.9888458251953,-75.9400863647461,36.91893005371094,-74.68843078613281,36.032291412353516,24.88834571838379,16830.117084803434,16835.500036127625,12439.60606668607,11071.126502002337
val,1175,60,23.388519287109375,-71.55711364746094,41.17399978637695,-71.51148223876953,41.37958908081055,0.009269228670746088,368.4205642549656,430.59216998886984,172.97727829359965,451.730878503967
val,1176,79,63.85786437988281,-89.64302825927734,28.76487922668457,-89.09681701660156,28.45471954345703,19.440327167510986,2083.082598646953,2111.912627804009,10983.828607513115,828.031096144674
val,1177,60,38.985721588134766,-89.50012969970703,28.971309661865234,-89.88446807861328,29.01403045654297,1.4908796548843384,1210.8380702605393,1226.4084941426033,1679.0616969157109,655.5392737492175
val,1178,60,91.56472778320312,-92.30712890625,29.541730880737305,-92.11756896972656,28.741579055786133,5.0094868540763855,2947.4448847380313,2966.8280398559245,10328.93238096487,1194.8897348953533
val,1179,71,204.79928588867188,-114.25314331054688,24.969350814819336,-112.6523208618164,23.846359252929688,19.903156280517578,3315.920705375065,3332.2683021208186,19854.43868853191,833.5729610928619
val,1180,60,23.416597366333008,-71.55709075927734,41.173980712890625,-71.51136779785156,41.37957000732422,0.004722956568002701,351.8088054514038,417.5670531515356,181.46070859387615,304.83975822534256
val,1181,70,290.0270080566406,-119.20591735839844,34.14862060546875,-122.27433013916016,34.499088287353516,4.600205490365624,9565.512452232973,9564.567772004682,4368.052751575398,6262.103122874699
val,1182,60,35.415401458740234,-89.85899353027344,29.00218963623047,-89.97093963623047,29.254749298095703,0.00847954722121358,3171.3983064763474,3298.6425066460647,9120.890068069413,3418.1418969113115
val,1183,70,129.2526397705078,-65.36514282226562,19.896324157714844,-66.53951263427734,19.54439926147461,27.958463668823242,2842.782751407809,2866.0631580593968,24022.60474163746,510.72687781986747
val,1184,60,34.419349670410156,-85.74710083007812,30.148439407348633,-85.99537658691406,29.99566078186035,2.409877061843872,2581.5755710873623,2655.584965193662,2192.7845766523496,2395.463273986235
val,1185,71,245.6846466064453,-66.9039535522461,17.06580924987793,-64.59783172607422,16.94013023376465,25.372017860412598,9325.59326234944,9306.980796362534,15498.169893109303,431.5696209045946
val,1186,60,23.384262084960938,-71.55709075927734,41.17401123046875,-71.51138305664062,41.379581451416016,0.006874366197735071,429.86807969702437,485.04108107317654,144.09872904041632,543.564987282965
val,1187,79,174.68988037109375,-80.11540985107422,26.06899070739746,-79.51937103271484,24.877639770507812,2.8363445103168488,12126.958794832542,12175.580249127674,10100.356827890408,21118.33574091983
val,1188,66,26.406980514526367,-94.77873229980469,29.31454086303711,-94.52902221679688,29.33548927307129,0.24665960855782032,2243.6748620769035,2437.7917074103952,309.80872470160705,1537.5341204535098
val,1189,60,23.429798126220703,-71.55696105957031,41.17388153076172,-71.51139068603516,41.37956619262695,0.004771851934492588,371.80037239735924,445.62646393282836,56.92900215145965,499.3474513865195
val,1190,84,217.97052001953125,-85.458251953125,24.192949295043945,-87.50566101074219,24.79509925842285,94.8995189666748,10592.913358891683,10609.356972751779,76394.20668400971,1404.1021792787199
val,1191,80,73.66667938232422,-95.74544525146484,27.920164108276367,-96.3998031616211,27.79751968383789,4.354424953460693,5504.407612256922,5523.953212555007,3059.9085092408254,6317.574925609398
val,1192,60,44.62296676635742,-89.9686279296875,29.254919052124023,-90.05362701416016,28.943979263305664,0.16822686046361923,4333.662129219523,4403.341178756628,635.4536838896511,5235.086040325131
val,1193,60,235.693359375,-117.23673248291016,32.69424057006836,-119.05294799804688,33.09025955200195,2.6180363446474075,18839.648514539298,18725.418751313846,19053.761570627743,28258.78699497256
val,1194,80,83.86161041259766,-94.87764739990234,28.86986541748047,-94.57360076904297,29.319019317626953,4.764817833900452,12095.22265167954,12105.489587523578,6107.31347257746,12887.889788682849
val,1195,80,153.826171875,-79.41815185546875,26.23416519165039,-79.61100006103516,24.86751937866211,6.357933759689331,3844.913036556284,3856.788686025628,7435.241709902096,1159.905213933945
val,1196,60,23.659910202026367,-71.55693817138672,41.173851013183594,-71.51139068603516,41.37955856323242,0.005294453352689743,763.8433516649203,810.9498069940008,400.4981919558801,845.7550779887508
val,1197,60,39.79786682128906,-81.65479278564453,30.3227596282959,-81.6598129272461,29.992170333862305,60.30868721008301,1965.3824713860347,1930.8019302843795,61231.625160807045,1766.0681294389974
val,1198,60,23.4250431060791,-71.51146697998047,41.379371643066406,-71.55693817138672,41.17390823364258,0.014134665485471487,253.99434288646833,372.37947195740395,109.16494398356699,300.3734518256207
val,1199,60,23.372432708740234,-71.55696868896484,41.17387008666992,-71.51138305664062,41.37961959838867,0.0031633215257897973,317.204892239305,392.05114690915957,197.23746692934841,343.4256666595377
val,1200,70,137.18077087402344,-83.1492691040039,45.07796859741211,-84.27600860595703,45.98320007324219,10.20778193604201,8107.8355822162075,8120.718309029165,28893.118103860124,3554.43165478873
val,1201,60,97.22935485839844,-87.6509017944336,44.09074020385742,-86.45211791992188,43.9497184753418,70.07890892028809,1261.4311671720004,1291.0082283394324,59588.10066916496,337.5305885156998
val,1202,66,32.61792755126953,-94.6843490600586,29.05061912536621,-94.68734741210938,29.336889266967773,2.5571727752685547,1569.741108304227,1597.268490002768,13834.185931831244,879.3958459881189
val,1203,60,23.370267868041992,-71.55693817138672,41.17388153076172,-71.51139068603516,41.379581451416016,0.004860731773078442,322.0617579174223,400.4058457316739,282.21587392702213,284.99357296113857
val,1204,80,29.8159236907959,-94.5938491821289,29.324199676513672,-94.66423797607422,29.066650390625,1.9982727766036987,3257.4941742186616,3284.434284429041,5397.070942993331,695.063599860199
val,1205,60,23.433685302734375,-71.55692291259766,41.17388153076172,-71.51138305664062,41.37957000732422,0.005684319534339011,346.9139503717573,412.8791337427513,224.3848021696662,375.4079835886608
val,1206,60,23.338123321533203,-71.51139068603516,41.379581451416016,-71.55587768554688,41.17436981201172,0.0067823659628629684,276.38825582981775,387.4516764391336,97.27808880222507,225.93206651779673
val,1207,71,41.648231506347656,-118.38153839111328,33.54642868041992,-118.20207214355469,33.74369812011719,9.26848840713501,3730.4887813407386,3741.954797343369,5013.44325399534,5024.193387580833
val,1208,80,82.43453979492188,-89.8992691040039,28.192445755004883,-90.0262680053711,28.863750457763672,7.8373783826828,6485.467547379397,6511.030275309916,24785.213914998385,6387.7894406135765
val,1209,60,23.368982315063477,-71.55706024169922,41.173988342285156,-71.5122299194336,41.3801383972168,0.02818767912685871,354.99267534575176,435.686419226026,200.90781015166453,445.50070794588254
val,1210,70,90.28473663330078,-79.4644546508789,25.664609909057617,-78.99828338623047,26.273910522460938,15.360394477844238,7477.598001966012,7441.002239957582,12342.753655673047,8072.2521289622
val,1211,70,933.3373413085938,-81.72611999511719,43.745689392089844,-87.55145263671875,41.6910285949707,0.10420116037130356,12592.91413096067,12192.646989622013,7283.297393885767,206096.38610947996
val,1212,60,23.50935935974121,-71.51138305664062,41.37957000732422,-71.55696105957031,41.17390060424805,0.005546261090785265,384.10730340093045,469.1706572999588,122.6920091051708,327.4486432468938
val,1213,60,23.41695785522461,-71.55696868896484,41.17388153076172,-71.51136016845703,41.37955856323242,0.0033742834348231554,308.2599970228954,378.9690275039765,249.70688316422257,425.0989294405416
val,1214,60,38.10966873168945,-65.30309295654297,18.30137062072754,-65.6193618774414,18.22920036315918,0.0018441255087964237,2333.735785948596,2302.5384578751905,459.850521965337,3309.1273721206862
val,1215,60,23.469881057739258,-71.51139068603516,41.37955093383789,-71.55693817138672,41.17390060424805,0.005654710810631514,284.77620460980023,414.0026290006718,247.66387140814038,256.9667059802764
val,1216,60,37.83966827392578,-65.30313110351562,18.30139923095703,-65.61937713623047,18.229150772094727,0.0027766337152570486,2109.2389648079256,2082.843883800059,209.8204935320965,3091.274757735116
val,1217,60,129.88531494140625,-78.9847183227539,26.16983985900879,-80.16655731201172,25.775609970092773,4.3953521847724915,3249.7919567719923,3269.0102461029082,4359.561371644906,3217.0810383399767
val,1218,60,23.654638290405273,-71.51139068603516,41.37955856323242,-71.55709838867188,41.17396926879883,0.0054743478540331125,680.4611133970786,779.4825398526804,668.4411437374382,438.70928557341625
val,1219,66,28.34630012512207,-94.77852630615234,29.314510345458984,-94.60987854003906,29.199920654296875,0.44604168459773064,3914.330482153745,4075.6778249244885,735.8544031390588,4215.682088515396
val,1220,89,38.958492279052734,-94.66536712646484,28.575490951538086,-94.76188659667969,28.35565948486328,10.899782657623291,3452.466815131809,3469.5248345515174,14344.10132712402,4192.981982182866
val,1221,60,23.389816284179688,-71.51136016845703,41.379600524902344,-71.55703735351562,41.174041748046875,0.007605000981129706,325.2531550568155,418.11109004910725,234.35308683221166,324.62650995042213
val,1222,60,492.2574157714844,-70.2479476928711,43.657859802246094,-66.36949157714844,44.4428596496582,3.7393338163383305,58108.10141276649,58117.589391802656,64749.567301851996,81188.58851483546
val,1223,70,674.7467041015625,-87.54270935058594,41.72560119628906,-83.26656341552734,45.97378921508789,5.495601862668991,30653.550866179237,30580.311737319007,3833.3811476681612,73981.39681596885
val,1224,70,31.371614456176758,-87.89669036865234,43.01982116699219,-87.66107177734375,43.225318908691406,17.882953828200698,1885.1703618678207,1908.0417893356944,17600.999338409318,1835.5078251982711
val,1225,70,233.31175231933594,-94.62584686279297,27.35386085510254,-94.79419708251953,29.31502914428711,23.864900588989258,4324.154433884024,4356.8718925060475,26632.002941134542,8896.880622044875
val,1226,70,466.0155029296875,-118.21978759765625,33.7311897277832,-122.89263916015625,34.8730583190918,7.59247362613678,9833.187087753178,9771.719952753512,4878.525500395827,8354.008845259428
val,1227,70,227.6889190673828,-79.72196960449219,24.89256477355957,-79.72852325439453,26.9301700592041,22.00920534133911,10205.240691275907,10233.142705766255,27461.718542957948,5354.978255992729
val,1228,60,24.202930450439453,-71.55696868896484,41.173851013183594,-71.51138305664062,41.379600524902344,0.0019424877827987075,826.1605513856273,874.8472458635758,589.844158632488,916.2555688051004
val,1229,80,32.07552719116211,-94.25544738769531,28.635690689086914,-94.47187805175781,28.573209762573242,7.40839147567749,4072.9214842815004,4076.877451119085,7382.287174372801,4245.8639126685075
val,1230,60,34.72966003417969,-80.07723236083984,26.341459274291992,-80.13101959228516,26.06134033203125,24.826147079467773,1852.3769959870626,1759.452464652437,20380.460023448824,2047.8053543784968
val,1231,70,418.2947998046875,-86.47467803955078,42.11296844482422,-86.8060531616211,45.254661560058594,33.512343659996986,43718.125684372106,43735.03551661295,66348.9477359722,58870.958149615326
val,1232,70,78.6330337524414,-91.61810302734375,29.190380096435547,-92.10179901123047,28.8575496673584,21.430333137512207,8142.067446978739,8136.637904928057,19365.44384858386,7462.11214827637
val,1233,70,134.98341369628906,-84.15126037597656,46.210689544677734,-85.09564971923828,45.864471435546875,5.088523030281067,18254.990984624732,18242.174650270463,4987.297247462233,23585.35761245876
val,1234,70,46.90760803222656,-78.86315155029297,28.636505126953125,-79.0611572265625,28.252260208129883,21.642414093017578,1365.8993145968714,1396.227758991123,20027.355477480065,5.771150256022254
val,1235,60,23.422452926635742,-71.51141357421875,41.37958908081055,-71.55696868896484,41.17390823364258,0.007221565814688802,352.3311377772901,450.60957022359617,107.58461588301407,266.3509340833049
val,1236,60,23.35523796081543,-71.55697631835938,41.17388153076172,-71.51142120361328,41.379600524902344,0.004429038614034653,349.05022196223985,410.83430633584067,122.13564147183381,421.88088389714846
val,1237,70,135.43545532226562,-83.42140197753906,45.297428131103516,-82.65596008300781,44.33393859863281,1.5124947801232338,5465.467187652342,5477.179186103952,1369.9730459873538,13877.326636098836
val,1238,60,97.36314392089844,-87.65097045898438,44.09059143066406,-86.45237731933594,43.94956970214844,70.0588607788086,1164.074674809083,1203.9240538292104,58948.76693247481,987.830702190264
val,1239,80,153.69461059570312,-94.59748840332031,28.993854522705078,-93.1972427368164,28.40818977355957,8.084989726543427,6486.578841352217,6472.964445503827,7801.743930856442,6254.379151723528
val,1240,60,23.354318618774414,-71.55696105957031,41.17388153076172,-71.5113525390625,41.379608154296875,0.003624959383159876,341.28082977389994,409.307780180507,127.76277176909804,416.54765601687444
val,1241,80,150.99586486816406,-80.61125183105469,28.413429260253906,-79.89137268066406,27.347679138183594,5.029055594466627,10775.20057358029,10816.531870074317,11118.225613929386,15457.794071227278
val,1242,60,38.100135803222656,-65.61939239501953,18.2291202545166,-65.30307006835938,18.30130958557129,0.0003606836835388094,2099.8918023304327,2049.9551081699447,931.8916244123527,3289.0260533818605
val,1243,60,23.393753051757812,-71.55696105957031,41.17388916015625,-71.51138305664062,41.379608154296875,0.0038713482208549976,443.76143260089594,497.9187519051864,66.69821995873926,570.5106003260603
val,1244,70,523.712646484375,-117.35729217529297,29.756654739379883,-115.15695190429688,25.71615982055664,72.50656509399414,36272.17618049167,36265.96567652077,70858.7932250126,40184.7875973272
val,1245,70,47.93576431274414,-80.97285461425781,30.18245506286621,-81.39523315429688,30.400619506835938,6.796045303344727,2301.3638087876807,2318.1919821537062,26455.73874290561,1031.467361232964
val,1246,70,143.2148895263672,-94.78408813476562,29.321889877319336,-94.75714111328125,28.147159576416016,6.036818420048803,6356.258423249461,6369.115162671049,6486.80678758539,7768.889354557277
val,1247,70,270.3594970703125,-87.43788146972656,41.67544937133789,-86.62403869628906,44.02351379394531,8.754682540893555,9003.09395292746,9027.80407651012,9682.229668379396,1875.0840118548435
val,1248,80,437.4207763671875,-80.12188720703125,26.091224670410156,-82.77850341796875,24.177249908447266,4.100057989358902,11527.509976949286,11544.454407533418,8913.002837415966,68532.85549996835
val,1249,60,59.37743377685547,-86.95301818847656,44.03594970703125,-87.65062713623047,44.090858459472656,39.97768974304199,4047.225538830132,4049.961635563439,32066.716079747777,4035.046276919532
val,1250,70,201.89642333984375,-80.0764389038086,26.114059448242188,-80.63318634033203,24.628860473632812,5.566541433334351,4285.555451936766,4308.474432506503,9780.313095444393,27664.69656608624
val,1251,60,23.50277328491211,-71.55695343017578,41.17390060424805,-71.51139068603516,41.379600524902344,0.004678661469370127,460.3160941774807,515.6143801639276,237.89650708731344,490.85338569863364
val,1252,70,70.4904556274414,-90.23107147216797,28.97978973388672,-89.86682891845703,28.433080673217773,7.1282875537872314,627.5856881849326,662.8205614121057,6146.084455055719,285.8546591557185
val,1253,60,38.49639892578125,-88.12162780761719,30.189619064331055,-88.49684143066406,30.083650588989258,0.0345624671317637,999.741579620102,1005.2163718152633,13767.954493713272,1104.2335343347277
val,1254,80,111.94539642333984,-94.72252655029297,28.584529876708984,-94.54631805419922,29.325719833374023,5.325478553771973,10216.206894837656,10229.741305417792,8485.127901937247,15849.709561377245
val,1255,80,38.74811935424805,-88.10453796386719,27.21701431274414,-87.86553955078125,26.941129684448242,39.71397018432617,1601.7951705358446,1619.1299441027982,26514.656744253716,164.0007983913081
val,1256,70,152.98406982421875,-87.4367904663086,41.67116165161133,-87.00523376464844,42.99982833862305,3.5108450651168823,2406.489614341932,2408.5903784006637,4021.401121239344,2031.2186158872044
val,1257,60,23.37740707397461,-71.55696868896484,41.17390060424805,-71.51138305664062,41.37957000732422,0.005405209143646061,378.1635240398179,435.62649081458517,116.93537516328222,448.07772139295184
val,1258,60,23.38521957397461,-71.55706787109375,41.1739616394043,-71.51138305664062,41.379581451416016,0.005534267285838723,379.5044342691336,432.0365108400975,115.286331703146,451.59375824407965
val,1259,70,170.3003387451172,-83.13246154785156,42.281761169433594,-81.71037292480469,41.501678466796875,1.78574800491333,6991.306648230553,6617.705473319114,2236.3397699413918,13181.99268705395
val,1260,70,111.92463684082031,-87.61109924316406,43.44382858276367,-87.50560760498047,42.44771957397461,25.6164608001709,2739.4240249503528,2746.8841003817042,25526.708320346195,3174.5658923279193
val,1261,60,37.579689025878906,-65.30304718017578,18.30129051208496,-65.61927032470703,18.229270935058594,0.001081750902812928,1811.9719907675264,1787.5171686444494,214.10817900498336,2772.766953511262
val,1262,60,23.469982147216797,-71.55692291259766,41.17390060424805,-71.51139068603516,41.37957000732422,0.006554697523824871,356.9173554349951,423.564865631045,174.5203491271384,418.84674067698955
val,1263,60,126.7847671508789,-78.8068618774414,26.334320068359375,-77.642578125,25.882919311523438,17.42838716506958,1844.841527911653,1863.945940507017,16672.70278542746,751.1418521173614
val,1264,70,156.16099548339844,-76.19918823242188,36.99649429321289,-74.60424041748047,36.47196960449219,11.19551134109497,5244.958238994735,5143.309681207569,10074.297987752561,2690.890569518774
val,1265,60,37.74458312988281,-119.5763168334961,34.314308166503906,-119.22952270507812,34.143211364746094,1.6826695501804352,867.9666535832491,874.2112362432999,2206.479752851145,785.5800989231789
val,1266,70,134.563232421875,-81.24237060546875,30.389205932617188,-79.8476791381836,30.325410842895508,22.17294216156006,2035.4599657248064,2033.8631743870553,21946.574228047644,2821.4431919867416
val,1267,60,23.458084106445312,-71.55579376220703,41.17422866821289,-71.51142120361328,41.37961959838867,0.017062222119420767,378.93247044240655,462.2773597845428,140.25760416473867,534.5627961666371
val,1268,60,23.393436431884766,-71.55693054199219,41.173828125,-71.51136779785156,41.37955856323242,0.0037869574734941125,311.1015879043979,389.36196269060423,369.65410316802,387.6893611710496
val,1269,60,261.9545593261719,-81.47233581542969,24.351139068603516,-79.20484161376953,25.416650772094727,28.00142478942871,8367.847303158951,8342.479425977208,15024.301760010545,8726.54683701016
val,1270,60,49.214752197265625,-89.50090789794922,28.97014045715332,-89.99861145019531,29.031139373779297,1.8347816467285156,1300.4518679436944,1308.180072228636,2072.005372601085,509.32476951168
val,1271,60,23.49123764038086,-71.55693817138672,41.17388153076172,-71.51139831542969,41.379581451416016,0.0050479433266445994,450.11033885721804,509.14897398792016,147.55430010954356,537.0272086306699
val,1272,69,25.298856735229492,-118.25479888916016,33.514259338378906,-118.27442169189453,33.728538513183594,14.577772617340088,1992.8265541000196,1962.945288671406,14428.830402179048,1955.2687156943475
val,1273,60,37.79545974731445,-65.30307006835938,18.301300048828125,-65.61923217773438,18.229429244995117,0.0011166530312038958,2007.6819390312028,1981.3693720612634,189.11872400259657,2950.52551712806
val,1274,82,132.8043975830078,-73.69920349121094,39.33052062988281,-73.65125274658203,40.48432159423828,6.88532155752182,7958.058004396474,7994.03729304645,5687.515651240645,4386.1711629283045
val,1275,89,58.59165954589844,-94.61776733398438,28.631629943847656,-94.42252349853516,28.234439849853516,7.143009662628174,6892.97747045534,6900.423644815628,10242.180258805498,8104.636489886674
val,1276,80,90.6358871459961,-94.75843048095703,29.352149963378906,-94.4137191772461,28.686559677124023,2.185240626335144,4834.475397093728,4809.493690974842,1050.4482493937037,9956.995243208428
val,1277,60,37.65139389038086,-65.61936950683594,18.2291202545166,-65.3030776977539,18.301300048828125,0.0009566973894834518,1725.8602650312034,1692.765249814551,122.39480947926634,2915.110696982795
val,1278,80,276.864013671875,-79.591796875,24.583539962768555,-79.6244125366211,27.05721092224121,20.669721126556396,13700.269355369543,13704.723657786366,20501.219275441377,6350.074528119969
val,1279,70,47.45515060424805,-71.20645904541016,40.741275787353516,-71.3580322265625,41.14508819580078,17.648672103881836,4003.5958883065186,4013.88347430437,17681.558846239343,2077.6598818200478
val,1280,60,55.2960090637207,-64.7496109008789,17.87643051147461,-64.93840026855469,18.338830947875977,16.17585802078247,5345.695396709447,5409.630252067505,15314.835237907786,209.39817012171187
val,1281,71,81.4649658203125,-79.33509826660156,26.618330001831055,-80.0526123046875,26.77039909362793,0.4351169317960739,3079.641836133301,3150.4172916289003,2780.761762341271,3287.786473005738
val,1282,80,410.57965087890625,-64.74725341796875,17.692800521850586,-68.21820831298828,17.052749633789062,3.760561943054199,12295.932374157008,12286.36832640473,13419.618041715165,33025.845089740615
val,1283,60,23.42300033569336,-71.51142883300781,41.379539489746094,-71.55696105957031,41.17388916015625,0.00568799814209342,422.8024739606944,526.2595479814152,265.5571468392305,546.0241209329757
val,1284,70,29.993846893310547,-93.71959686279297,28.73627471923828,-93.47086334228516,28.57794952392578,18.785820960998535,1181.2535653829254,1195.94027151581,18760.625318056682,151.7185909510395
val,1285,80,64.0311050415039,-95.32003784179688,28.93804931640625,-94.85611724853516,28.567350387573242,0.8588886277284473,3525.9005692235305,3592.8792694611957,595.8807760993587,2286.4106348671367
val,1286,70,245.3883819580078,-92.54830932617188,27.807294845581055,-94.4520034790039,29.20462989807129,9.495569944381714,9810.017482326575,9812.023238202306,9655.794589320929,7065.8878531469545
val,1287,70,225.73748779296875,-120.29795837402344,34.269283294677734,-118.20747375488281,33.74317169189453,2.0927329063415527,11353.438483483596,11194.634250614801,2452.7977493669155,11190.80001343462
val,1288,66,29.3751163482666,-94.77876281738281,29.314590454101562,-94.50395965576172,29.294130325317383,0.3416220645303838,2513.7152974977794,2657.9571808275323,583.3960837713093,2179.0961752600374
val,1289,60,109.79568481445312,-80.01242065429688,27.876239776611328,-79.42224884033203,27.03972053527832,31.279959678649902,3199.5441388385257,3217.7351133261413,16854.04997798883,437.07940888981597
val,1290,60,23.409934997558594,-71.55695343017578,41.17388153076172,-71.51136016845703,41.37957000732422,0.004653135663829744,382.5771999237436,436.2465053540246,189.65157218522,436.3481756538204
val,1291,81,142.96209716796875,-93.73417663574219,29.538915634155273,-93.0945816040039,28.456850051879883,7.163187265396118,5788.271835655972,5801.5529468717,6937.348894402388,7732.351632423425
val,1292,80,29.664608001708984,-94.66992950439453,28.836069107055664,-94.66777801513672,29.08418083190918,0.5312333554029465,1404.2191113576512,1399.1326189166941,1185.0021565020809,2281.305772314184
val,1293,70,72.24461364746094,-73.10381317138672,38.12860107421875,-73.78787994384766,37.766639709472656,56.449974060058594,1655.1002301859262,1655.9692540076212,54734.28793407916,159.6252341651323
val,1294,60,97.45980072021484,-86.45221710205078,43.94969177246094,-87.65099334716797,44.092220306396484,59.21744346618652,2440.318875230103,2447.5129104056778,44231.02721699374,1786.5397716302032
val,1295,60,23.45291519165039,-71.5569076538086,41.17387008666992,-71.51142120361328,41.379600524902344,0.00608454504981637,285.7482428037391,368.1820331857769,185.3294761737216,395.3364256082074
val,1296,81,136.5009765625,-94.67149353027344,29.08333969116211,-94.41996002197266,28.075759887695312,7.254861950874329,9277.138942422298,9282.625065151256,9859.963123163276,14187.68946628829
val,1297,60,23.37335205078125,-71.51138305664062,41.379539489746094,-71.55695343017578,41.17390060424805,0.0046378616243600845,302.2050307093525,407.75222202310334,80.34720672567919,288.71719782366375
val,1298,60,23.418678283691406,-71.51138305664062,41.37957000732422,-71.55709838867188,41.173988342285156,0.006463717203587294,318.68489685575776,430.3960032014219,260.90269920611496,201.8218142524031
val,1299,80,65.99664306640625,-94.6791000366211,29.069530487060547,-94.36255645751953,28.60951042175293,4.091446757316589,5555.984010008348,5567.900089604345,16152.289415534411,3421.0606437892716
val,1300,60,23.681079864501953,-71.51141357421875,41.37958908081055,-71.55709075927734,41.173980712890625,0.007726741721853614,746.8508597552832,816.1691346887501,464.48245485238556,819.5397694555534
val,1301,60,23.44239044189453,-71.55708312988281,41.173980712890625,-71.51139831542969,41.379608154296875,0.0059123768005520105,327.3651100037499,402.24522705694505,128.7370048341516,475.927386337036
val,1302,69,82.4383773803711,-77.99530792236328,25.93375587463379,-78.78460693359375,26.147809982299805,14.508598327636719,597.2504558524039,638.7330372538231,14906.383288966243,656.1549141865877
val,1303,66,38.33717346191406,-94.77876281738281,29.31460952758789,-94.5158920288086,29.1387996673584,0.12159421527758241,3740.533506712891,3863.311242654822,753.207270303392,4452.709598500888
val,1304,71,115.84062957763672,-80.11528015136719,26.069120407104492,-79.01116943359375,26.225740432739258,1.841057300567627,1912.8765963626902,1940.1087288574693,2200.933464069502,2750.7054299956458
val,1305,60,37.90408706665039,-65.30306243896484,18.301279067993164,-65.61924743652344,18.229270935058594,0.0013859147438779473,2131.7742722668945,2107.28156500778,268.5102094064162,3128.0273006933603
val,1306,70,68.31832122802734,-94.78147888183594,29.323110580444336,-94.47241973876953,28.847909927368164,2.629930078983307,4026.3802173330064,4108.5908783561035,1320.0617896881722,5589.261010105485
val,1307,70,90.2125015258789,-94.80799102783203,29.308319091796875,-94.4326171875,28.745929718017578,1.9935307502746582,12271.938161796848,12361.471191367642,58662.816105624304,13033.009335267277
val,1308,70,284.7239990234375,-75.6005630493164,34.65863037109375,-77.99545288085938,33.068111419677734,35.31696605682373,5622.22279643377,5611.485454579622,19334.04085220885,5573.838881932867
val,1309,71,98.6579360961914,-81.87254333496094,23.957080841064453,-81.03323364257812,24.403810501098633,6.046342134475708,4661.107707072631,4672.95652604898,5945.758964485853,123.39651732434965
val,1310,60,97.37696838378906,-87.65106964111328,44.09077072143555,-86.45220184326172,43.949581146240234,70.07583618164062,1245.9132718442308,1282.7759918080817,58978.10255989395,989.7785712168046
val,1311,89,82.94803619384766,-118.60759735107422,31.55328941345215,-119.44223022460938,31.421279907226562,36.01556396484375,1584.9770519987412,1587.5771467934005,52872.74845053314,1199.8261675108365
val,1312,70,105.76930236816406,-64.94738006591797,18.334590911865234,-65.81851959228516,17.9451904296875,4.346726454794407,1855.6240942747681,1962.824131814051,5380.2272064839635,5496.4814032906015
val,1313,60,55.91713333129883,-87.97786712646484,30.19632911682129,-88.12217712402344,30.533960342407227,0.027386856265366077,4117.388514073854,4235.060790430792,536.0019151187663,5576.789786113968
val,1314,60,23.667068481445312,-71.51136016845703,41.37955093383789,-71.55696105957031,41.17390060424805,0.004009231925010681,348.492219114767,462.47991359391585,306.9076507402333,349.49230546156235
val,1315,71,106.83604431152344,-68.08841705322266,18.129514694213867,-68.28678131103516,19.008060455322266,13.326293468475342,9424.063023263734,9431.938741809194,6156.899744051701,8879.221662810156
val,1316,60,336.7353210449219,-76.34858703613281,38.412628173828125,-74.42453002929688,36.26372146606445,8.916058778762817,10574.35255723367,10643.846022929361,7289.533028932994,36287.25571935433
val,1317,71,69.2383041381836,-119.20800018310547,34.15013885498047,-118.74343872070312,33.786991119384766,25.40734624862671,5651.462099859163,5663.492749678394,22107.801271886507,7194.75619385968
val,1318,60,23.44277572631836,-71.55696105957031,41.17388153076172,-71.51142883300781,41.379539489746094,0.006797712063416839,390.1588390806656,448.664393642228,220.46893755613578,402.14247117582676
val,1319,70,486.4405212402344,-93.29527282714844,30.11001968383789,-96.89813995361328,27.76665496826172,40.144688844680786,19840.41872648971,19621.93175818952,40589.422883169944,25716.834517820316
val,1320,60,32.30376434326172,-89.94901275634766,29.271160125732422,-89.85859680175781,29.002309799194336,1.1600316409021616,1178.386109496433,1192.1556486545092,1332.2361164620293,915.0699772056568
val,1321,70,46.69451141357422,-72.7129135131836,41.02764892578125,-73.17405700683594,41.16944885253906,10.515931844711304,4818.452781056257,4784.166496549033,8051.043175935661,2872.694567318738
val,1322,60,97.18822479248047,-87.6509017944336,44.090850830078125,-86.45358276367188,43.95077133178711,70.04409217834473,1304.7653322684946,1333.9928393206956,59343.065997301135,748.3427759077939
val,1323,70,104.47105407714844,-64.94766998291016,18.33466911315918,-64.02549743652344,18.148500442504883,1.7294059470295906,2440.0797474860597,2503.7986368936317,2981.4658417078285,5991.302118573236
val,1324,70,126.36566925048828,-82.72895050048828,41.549991607666016,-81.28014373779297,41.75735092163086,0.2798978313803673,7829.90138159014,7829.766310831207,656.7119126954287,2289.20892069027
val,1325,80,274.702880859375,-88.51100158691406,30.32961082458496,-89.16097259521484,28.258569717407227,19.15503553301096,44341.72393480555,44376.62211225063,54521.13486865801,12960.607184347793
val,1326,70,73.87503051757812,-80.11540985107422,26.06846046447754,-80.00070190429688,25.487979888916016,7.959294445812702,2578.9499161033173,2611.0481865599354,9564.874571869517,5191.059201709612
val,1327,80,162.57916259765625,-80.12214660644531,26.09330940246582,-79.65505981445312,24.874420166015625,1.8076323792338371,4663.632293467445,4709.644393457582,5880.954160393925,19496.323954188476
val,1328,60,97.30532836914062,-87.65086364746094,44.09080123901367,-86.452392578125,43.94935989379883,70.06629180908203,1304.6306131358826,1337.9659321535837,59440.711984779926,556.0620598971825
val,1329,70,192.70030212402344,-80.35550689697266,24.3125,-82.23542785644531,24.130329132080078,14.72740125656128,1389.1177059474344,1424.8507126282416,15031.025224101795,4886.888445390173
val,1330,80,157.09642028808594,-94.68206024169922,29.193029403686523,-94.41789245605469,27.964250564575195,3.4150928258895874,8939.648693550278,8939.95631463521,5971.380051431605,14074.017179393273
val,1331,80,162.0565643310547,-80.12223815917969,26.093339920043945,-79.66963958740234,24.883190155029297,1.0893989391624928,5253.301791302366,5276.750593474708,4753.146795070807,19977.09862308669
val,1332,70,164.34120178222656,-73.63804626464844,40.27893829345703,-72.5895767211914,39.11220169067383,20.06555926799774,6675.0284473222,6691.639219096096,19445.42128249754,3751.3985468168576
val,1333,60,50.642616271972656,-89.50012969970703,28.97149085998535,-90.0145263671875,29.030349731445312,1.2148966789245605,1375.9833077529695,1401.6128043201145,1277.0853009854163,330.4028067339766
val,1334,66,29.79897689819336,-94.50395965576172,29.29408073425293,-94.77874755859375,29.314550399780273,0.34840789157897234,2068.747367711132,2262.6063965428307,576.3732275833858,1952.562765923825
val,1335,60,23.54559898376465,-71.51142883300781,41.37955856323242,-71.55696105957031,41.17388916015625,0.005935233552008867,298.1403218570877,413.6028759854304,262.8647788498645,275.36010608137053
val,1336,70,110.95962524414062,-64.94750213623047,18.33466911315918,-64.75517272949219,17.695999145507812,0.13359389640390873,10117.898720356126,10167.61018670971,5021.679006317765,16046.011708146692
val,1337,60,37.61384201049805,-65.6193618774414,18.229129791259766,-65.3030776977539,18.30130958557129,0.0007213673088699579,1697.0299204933258,1660.3922504784643,223.81870620442177,2884.1749188867825
val,1338,70,118.34904479980469,-89.89368438720703,27.89566421508789,-89.79765319824219,28.400060653686523,15.131356716156006,13318.249581558288,13328.79683943354,15882.201648001746,12154.134649783044
val,1339,89,211.73483276367188,-67.35433197021484,18.511625289916992,-69.1166000366211,17.98571014404297,35.05808067321777,15875.997835632179,15884.238376592037,39638.9892223836,14009.200823106354
val,1340,60,23.38387680053711,-71.55709075927734,41.17401123046875,-71.51139831542969,41.37958526611328,0.007464652415364981,406.59222272456753,461.74266277465057,124.28393317988647,489.2299748814057
val,1341,70,107.00725555419922,-88.37462615966797,29.998165130615234,-87.65260314941406,29.274160385131836,19.946763038635254,4643.806965626418,4656.203632501297,21245.603539491694,1195.5439184207303
val,1342,60,23.375757217407227,-71.55709075927734,41.17399978637695,-71.51136016845703,41.379600524902344,0.006423224462196231,340.998323327376,409.38816725542307,139.53960337583203,343.52375673119974
val,1343,80,106.27710723876953,-89.35543823242188,28.87397003173828,-89.87957000732422,28.091209411621094,10.068231225013733,11241.204116959412,11249.28838750051,5851.267708031221,7892.840734857358
val,1344,70,37.61101150512695,-94.77931213378906,29.31451988220215,-94.51988983154297,29.14703941345215,3.394300252199173,3804.2387952052763,3914.7864067802157,2719.6434385108664,4285.257987496331
val,1345,60,37.56549072265625,-65.6193618774414,18.22916030883789,-65.3030776977539,18.301340103149414,0.0009302961989305913,1805.593468520401,1771.9883593901634,210.73070188874016,3000.396357574945
val,1346,71,96.72675323486328,-79.79804229736328,28.497154235839844,-79.84529876708984,29.36602020263672,22.61715841293335,3258.43415691902,3262.0203419037484,13958.96759343287,83.41375590977127
val,1347,70,41.545257568359375,-96.69657135009766,27.688859939575195,-97.07305145263672,27.842790603637695,4.913981914520264,1652.4057032934966,1780.8122362520883,4757.31299272047,490.0892362869146
val,1348,80,60.566036224365234,-94.7134780883789,29.061370849609375,-94.54003143310547,29.313640594482422,0.31306902319192886,8740.139075116236,8746.511193137216,914.6875629890095,11637.621693484536
val,1349,60,23.392616271972656,-71.55695343017578,41.17390060424805,-71.51142120361328,41.37957000732422,0.006450331769883633,344.809789043874,420.54450163725596,362.26674082022294,256.91337296405027
val,1350,66,31.65714454650879,-94.77876281738281,29.314619064331055,-94.60658264160156,29.16253089904785,0.185952665284276,4145.362132351584,4286.160880742477,539.0748439756994,4739.431511480516
val,1351,70,586.50244140625,-87.43788146972656,41.67544937133789,-84.27375030517578,45.98212814331055,13.691807270050049,32463.470509967236,32476.15324010424,11952.061594061632,49990.52618562178
val,1352,60,102.75550842285156,-94.79131317138672,29.3104190826416,-94.63571166992188,28.52618980407715,2.0953832864761353,6021.7143682965225,6073.177958543808,3599.065114200563,10076.724307905066
val,1353,60,37.98501205444336,-65.61933898925781,18.22916030883789,-65.30225372314453,18.30097007751465,0.0422695018351078,1575.1122361388893,1555.4879956292223,453.145492660954,2773.3055096194103
val,1354,70,376.29156494140625,-117.18989562988281,26.94671058654785,-114.17427825927734,24.923559188842773,41.399518966674805,1975.391754323721,1988.4442098612928,36275.81336629096,961.7169359134408
val,1355,69,191.02813720703125,-79.53040313720703,25.266740798950195,-78.9725570678711,26.26325035095215,25.591389656066895,23948.367753182432,23964.878605962313,29036.547341318026,28077.27159277421
val,1356,60,23.455175399780273,-71.51136016845703,41.379600524902344,-71.55692291259766,41.17388153076172,0.005566072999499738,292.82561004840557,409.948688464006,151.69334203490214,255.10733582759616
val,1357,70,274.2882995605469,-73.9959716796875,40.51952362060547,-74.08590698242188,38.14617156982422,14.019414186477661,10854.231292042019,10842.061779682102,12753.926301237945,12315.848593726345
val,1358,80,124.06327819824219,-88.50859069824219,30.340360641479492,-87.83760070800781,29.48615074157715,0.4338083937764168,5495.138523412304,5527.424615376876,759.4406920083023,7890.476841108874
val,1359,60,23.452049255371094,-71.55693054199219,41.17388153076172,-71.51136016845703,41.37958908081055,0.004604869929607958,392.1628057812848,456.42956891785275,168.57418494289684,447.09980307145537
val,1360,69,141.7051544189453,-118.55300903320312,33.00741958618164,-119.20990753173828,34.14958953857422,10.372462339699268,8176.463906468939,8145.335941524486,21213.758916110237,1252.3035379578307
val,1361,80,221.7359619140625,-73.83656311035156,40.05133056640625,-74.20308685302734,38.08475112915039,9.271369695663452,7102.329110663333,7104.26973415344,8758.558709425562,3583.641942176998
val,1362,60,37.78217315673828,-65.3030776977539,18.301300048828125,-65.61937713623047,18.229129791259766,0.0009567566448822618,2016.2051965123778,1996.1438920429396,95.23259524327294,2980.228329966012
val,1363,80,252.24429321289062,-94.65907287597656,28.54007911682129,-93.6202621459961,29.391870498657227,4.320120453834534,21524.359536739572,21511.958477195465,19379.83058530309,25412.415700377423
val,1364,60,62.208396911621094,-89.50006866455078,28.971399307250977,-90.12352752685547,29.034549713134766,1.3181443214416504,3557.8028698120784,3556.109969634991,2341.6737341422804,2246.409763465589
val,1365,60,56.538787841796875,-92.30477905273438,29.55377960205078,-92.55158233642578,29.099199295043945,5.24540575966239,2356.525780808945,2428.818253336634,4792.539815666169,838.1519878299542
val,1366,60,23.377317428588867,-71.55693817138672,41.173858642578125,-71.51136779785156,41.379581451416016,0.003952725091949105,325.7995713634445,406.04330008873774,297.4540387486844,279.1535188563594
val,1367,89,424.81451416015625,-65.83540344238281,18.053730010986328,-66.29071807861328,21.022249221801758,88.04108047485352,37478.38197411447,37096.25973235535,85103.44641069883,52798.76147980268
val,1368,60,86.3416748046875,-93.3321762084961,29.783170700073242,-93.34475708007812,29.012819290161133,9.88282974017784,1146.821589960595,1200.2958999264158,8119.70192009637,625.6000104329833
val,1369,80,66.62541961669922,-94.4866714477539,28.817899703979492,-94.5478286743164,29.324499130249023,4.894160628318787,3723.7523221480706,3741.2442540475563,2438.70272735817,6848.597019462026
val,1370,70,138.11611938476562,-91.61624908447266,46.87704849243164,-89.95896911621094,47.34532928466797,10.225643396377563,2225.7911464160716,2228.0423724403518,6126.957394068291,6304.773736352659
val,1371,60,23.468799591064453,-71.51138305664062,41.37955856323242,-71.55695343017578,41.17388153076172,0.0042393694166094065,296.4145688388326,407.56605124271107,190.18220183064167,280.5556782687921
val,1372,60,23.41118049621582,-71.55692291259766,41.17388153076172,-71.51139068603516,41.37958908081055,0.00502643221989274,379.68448626064975,450.97606350755257,182.09555553764568,390.95235416475725
val,1373,60,26.988046646118164,-118.02599334716797,33.60974884033203,-118.2635498046875,33.733551025390625,0.3726452514529228,1073.1538353592966,1106.7839414682137,1594.122062336723,815.980946219615
val,1374,80,61.769081115722656,-94.67986297607422,29.06403923034668,-94.5924072265625,28.522560119628906,1.8428846597671509,4752.649535056884,4766.716200394622,1301.5248842941319,1625.7996202021427
val,1375,60,97.33810424804688,-86.45249938964844,43.94974899291992,-87.6509017944336,44.09128189086914,59.22727584838867,1794.52262101705,1818.256224150486,44898.188081936256,1139.9325201873557
val,1376,70,69.65901947021484,-88.35332489013672,48.185768127441406,-87.63191986083984,47.813838958740234,26.80147361755371,3324.023170227949,3336.726769603126,15229.333232605077,3766.9564670512273
val,1377,70,23.604387283325195,-88.75629425048828,28.60985565185547,-88.99777221679688,28.620290756225586,20.15691566467285,1076.584794893674,1156.8381544665929,19914.900110697137,61.757287203279084
val,1378,70,308.9724426269531,-116.11448669433594,26.044885635375977,-113.62944793701172,24.413700103759766,20.13413906097412,4329.129745968432,4335.568047389555,20345.93998128488,1580.6499966854797
val,1379,70,94.18160247802734,-67.89569854736328,18.61543083190918,-68.42948913574219,17.945924758911133,12.022962093353271,1882.6248050293616,1908.96344928153,7849.853969286349,3281.4393947811177
val,1380,70,195.067138671875,-119.349609375,33.69424057006836,-119.20207214355469,34.148738861083984,2.212327152490616,26005.52323388331,25976.133106726564,25446.16318189635,26845.505680670292
val,1381,60,23.360382080078125,-71.51133728027344,41.37955856323242,-71.55583953857422,41.17424011230469,0.0030664820224046707,448.8200337901244,527.1417054445504,261.4488853646471,502.7636760950307
val,1382,70,404.35662841796875,-80.12007904052734,26.09033966064453,-82.55188751220703,23.826129913330078,1.7784194314153865,15104.781724257364,15116.18091551142,2483.317267396083,43721.06724789141
val,1383,70,748.176025390625,-87.32527923583984,41.614280700683594,-84.35037231445312,46.503021240234375,0.005974520230665803,28182.714877858645,27882.834748644855,5705.4595050818325,85599.11259219413
val,1384,60,23.381412506103516,-71.51139068603516,41.37955856323242,-71.55695343017578,41.17388916015625,0.004867978859692812,356.1995998378148,444.07931131989267,38.423113520256834,360.2103208335613
val,1385,60,199.3989715576172,-79.96588134765625,24.570270538330078,-80.17344665527344,25.778589248657227,20.101092234253883,26955.94849178779,26964.157980858246,28371.5638387472,35352.51275930553
val,1386,80,79.39075469970703,-118.4551010131836,33.911598205566406,-118.15968322753906,33.73374938964844,0.21303294599056244,14536.262930757011,12815.569147698594,2368.477767279779,16759.274491825807
val,1387,60,23.118453979492188,-71.51139831542969,41.37958908081055,-71.55522155761719,41.17580032348633,0.025756901130080223,297.6115217040651,406.2352619021592,81.9527394054411,246.34558338887652
val,1388,80,55.26763916015625,-94.67491912841797,29.093080520629883,-94.63359832763672,28.626079559326172,2.1514505743980408,1479.8472480094138,1501.9680074761302,2160.6732781972155,2291.573021135636
val,1389,60,37.77442169189453,-65.30307006835938,18.30129051208496,-65.61936950683594,18.229150772094727,0.0007212173950392753,1975.1204667045433,1946.690391065145,223.38112330599319,2935.742758466433
val,1390,89,135.11920166015625,-90.0342025756836,25.5651798248291,-90.36921691894531,25.524799346923828,18.693840503692627,17057.79258119602,17079.568457323934,24607.540663371856,16022.454452735772
val,1391,70,167.17298889160156,-94.64846801757812,29.184980392456055,-94.48674774169922,27.689329147338867,11.57688856124878,9195.67527440089,9199.99046836481,12262.459577507487,324.06238477864173
val,1392,60,23.511077880859375,-71.55697631835938,41.173858642578125,-71.51139068603516,41.379608154296875,0.002361255814321339,507.1300405486907,565.1579949221934,151.5779478885714,673.9952629263917
val,1393,70,110.01322174072266,-75.73888397216797,36.78135681152344,-75.23600769042969,35.88751983642578,34.494784355163574,2648.353627186741,2639.0346649508597,36350.3130650491,2103.8730480470954
val,1394,60,23.469194412231445,-71.51139068603516,41.37958908081055,-71.55696868896484,41.1739387512207,0.00836848234757781,301.0197906350558,417.3902261356045,103.83447160284389,336.6663230265732
val,1395,80,81.08679962158203,-119.4505615234375,31.998210906982422,-119.25309753417969,31.8747501373291,12.80738878250122,17045.584908916066,17061.963737601523,29667.817734077362,17142.35668102637
val,1396,89,125.8733901977539,-93.66243743896484,29.163654327392578,-92.91124725341797,28.250139236450195,10.146944999694824,2744.455467402564,2744.031538663588,10201.846922195706,1086.470023147714
val,1397,60,42.015380859375,-89.8233871459961,28.95268440246582,-89.97128295898438,29.25469970703125,0.08029439486563206,3449.4656919918693,3508.292935228953,365.6059220761398,2910.2916760541802
val,1398,70,22.051652908325195,-92.20433807373047,29.26082992553711,-92.1768569946289,29.06475067138672,20.49689030647278,2785.4244688558024,2801.2896251828756,18245.217417820244,191.40411156603048
val,1399,66,27.728641510009766,-94.52435302734375,29.29439926147461,-94.77874755859375,29.314559936523438,0.26925929822027683,2165.7156909261057,2401.902087249822,351.74103733835807,2131.55498721202
val,1400,70,41.72591018676758,-89.22933959960938,48.35401153564453,-88.69682312011719,48.2524299621582,3.9840091466903687,1481.7128212534508,1526.4971513481019,2788.1265591516426,1437.8981923160864
val,1401,82,93.3614273071289,-74.25187683105469,37.9608039855957,-74.4105224609375,37.130859375,19.025026679039,3693.2371891761145,3707.769970900993,16552.293742032045,229.37368364238222
val,1402,60,97.38320922851562,-86.45240020751953,43.949440002441406,-87.65106964111328,44.09098815917969,59.25619316101074,2323.8727010954185,2342.646358677473,44423.75735173496,1676.0649740152426
val,1403,74,80.74028015136719,-74.67827606201172,35.49933624267578,-74.4881362915039,36.20882034301758,18.193771362304688,2130.2638148888423,2145.6939286589236,15713.335272144783,183.4196140042506
val,1404,60,529.1318969726562,-80.82622528076172,30.18523406982422,-78.60797119140625,26.157129287719727,57.64577913284302,42387.58698820065,42405.12857960751,40399.09243226614,25628.028220317305
val,1405,60,90.97431945800781,-88.12142944335938,30.189170837402344,-88.49700927734375,30.0833797454834,0.04148758575320244,15811.151272924066,15822.463548291931,6345.10133725175,16810.716225936816
val,1406,66,40.87351608276367,-94.77876281738281,29.314599990844727,-94.70237731933594,29.069360733032227,0.04864972643554211,4781.797989732353,4897.791656644882,152.35359033887758,6459.486004414981
val,1407,60,43.01665496826172,-119.20214080810547,34.14822006225586,-119.50784301757812,34.384159088134766,0.0044884730014018714,2923.1489326554597,2851.2437675266888,3344.6231808776315,4572.735721330197
val,1408,71,40.11317443847656,-94.40876007080078,28.82526969909668,-94.49622344970703,29.141830444335938,10.066023826599121,2109.5774587880005,2122.765589951248,9552.267545821582,2999.970501686657
val,1409,80,353.69073486328125,-117.9537582397461,32.99824905395508,-117.70446014404297,29.844650268554688,44.36826705932617,6830.139197247508,6849.907119413515,77542.84332601418,6463.652706226856
val,1410,60,78.05462646484375,-87.8934326171875,30.153560638427734,-88.495361328125,30.080509185791016,0.9931445568799973,6390.359372787364,6386.12339500524,4266.927379548877,4701.151899088586
val,1411,80,64.32992553710938,-94.47705078125,28.59119987487793,-94.48021697998047,28.409589767456055,6.322568893432617,9997.816071139363,10051.758961645433,5601.6104623842775,9200.930671796705
val,1412,79,93.96196746826172,-79.20368194580078,26.16958999633789,-80.11543273925781,26.068769454956055,14.638818800449371,2360.1488322528867,2382.333130068538,16165.10817035688,1283.561872063175
val,1413,70,51.14042282104492,-73.26161193847656,40.15262985229492,-73.75170135498047,40.4180793762207,21.056442737579346,2874.6524717851657,2871.1611515480586,23902.874026470818,333.60094424911955
val,1414,80,154.77752685546875,-94.7947769165039,29.310964584350586,-93.51296997070312,28.605030059814453,2.474051833152771,5207.803875927567,5271.074426763552,1599.5473779708952,4907.380069223658
val,1415,60,23.329374313354492,-71.51138305664062,41.37955856323242,-71.55708312988281,41.17401123046875,0.006217720685526729,312.9676077988608,428.89943730612936,368.2266299799728,163.2383970851743
val,1416,60,37.90779495239258,-65.61934661865234,18.229110717773438,-65.30307006835938,18.30129051208496,0.0010820510797202587,1734.360891651357,1695.7248265196872,173.10804242035778,2923.0223677186987
val,1417,60,23.389873504638672,-71.51138305664062,41.379581451416016,-71.55538940429688,41.17504119873047,0.006512071006000042,453.12278630162405,554.8340398947895,281.75061071466683,397.699933446645
val,1418,60,46.56722640991211,-89.51537322998047,28.97149085998535,-89.98435974121094,29.03936004638672,1.8033363223075867,1072.8368362740785,1093.9808508257763,2965.482075665771,796.2226945993102
val,1419,80,130.51980590820312,-93.05892944335938,28.437475204467773,-93.71623992919922,29.42237091064453,10.05547696352005,4468.597019847078,4460.514912610529,9539.56913493957,5647.552294796819
val,1420,70,118.56857299804688,-79.88032531738281,25.558059692382812,-79.2483901977539,26.290660858154297,12.500792503356934,12768.084402803759,12796.170264815799,16596.17489680521,13692.018019458144
val,1421,60,23.379676818847656,-71.55695343017578,41.17390823364258,-71.5113525390625,41.379581451416016,0.005117899156175554,368.56341077896514,438.0659419159731,461.1084902517497,320.3377019796706
val,1422,79,120.27381896972656,-74.58458709716797,38.367164611816406,-75.32598114013672,39.25336837768555,32.587775230407715,4125.1470408231025,4132.112746678726,19268.598156286585,2318.3911865645327
val,1423,70,256.50238037109375,-118.49392700195312,30.44202995300293,-116.798828125,28.668489456176758,39.03666591644287,1933.898174009279,1948.7427631096393,36736.04533697707,454.4282962330014
val,1424,60,23.507293701171875,-71.55709075927734,41.173980712890625,-71.51136016845703,41.37955856323242,0.003991975565440953,439.94476898405134,510.0146653939839,259.0805015035859,357.53094357566596
val,1425,80,206.8956298828125,-95.05615234375,27.737760543823242,-94.68367004394531,29.073829650878906,25.580108284950256,20351.791226408244,20352.599285898174,20491.64788482301,16540.84305427127
val,1426,70,239.75885009765625,-84.04662322998047,46.1529655456543,-82.60807800292969,44.325870513916016,17.285815000534058,9247.357869197895,9248.706903508073,13364.572260693747,10270.954208232924
val,1427,70,218.7820281982422,-86.65171813964844,47.536678314208984,-89.21520233154297,48.406761169433594,4.898389101028442,4667.032800601141,4665.146801379607,1987.7621924562918,4512.989228609266
val,1428,70,201.97369384765625,-68.27688598632812,17.980344772338867,-66.37985229492188,17.832460403442383,17.76661491394043,6607.450011236686,6615.382588689727,11966.777638584372,3878.335663534111
val,1429,80,90.54485321044922,-94.54566955566406,29.161800384521484,-94.4115982055664,28.41204071044922,1.8905746340751648,3515.6468738032477,3523.3191595176263,1239.9209235596738,5496.014774241828
val,1430,70,103.0044937133789,-80.11543273925781,26.065710067749023,-79.15499877929688,25.85025978088379,0.7332749812630937,2114.9173757880726,2146.9565992529215,2555.2089728100245,2174.6573167170427
val,1431,80,82.95484924316406,-94.4806137084961,28.413509368896484,-94.707763671875,29.059329986572266,7.355143785476685,3170.950650116011,3175.77461396478,10081.96064836136,3428.9950745228266
val,1432,66,29.779909133911133,-94.77881622314453,29.314720153808594,-94.58979034423828,29.19116973876953,0.17273964919149876,4055.5348001898415,4207.67408308981,461.7183388827965,4421.266003606
val,1433,60,180.3203582763672,-87.88529205322266,43.004051208496094,-86.68248748779297,44.3513298034668,7.158948242664337,8486.003981673826,8505.504288823371,5728.765324356811,1917.9126929478678
val,1434,60,23.1431941986084,-71.51138305664062,41.379581451416016,-71.55519104003906,41.17560958862305,0.014535265741869807,280.9087378961642,394.5079887178372,113.50150825256392,249.95014459400466
val,1435,60,23.39183807373047,-71.51136779785156,41.379581451416016,-71.55693054199219,41.173919677734375,0.004394687537569553,272.5706385718691,390.4996579012572,75.85984595355882,222.44419093802708
val,1436,60,42.63190841674805,-94.66758728027344,29.06882095336914,-94.80245208740234,29.312219619750977,1.5711339116096497,5751.80742939613,5963.430962091291,1179.4338076786203,7116.162109497596
val,1437,60,23.54031753540039,-71.55696105957031,41.17388153076172,-71.51146697998047,41.379573822021484,0.006958132376894355,456.6514603662536,517.5293181866729,343.2957038213734,336.5065622097113
val,1438,89,258.77130126953125,-93.70149993896484,29.248830795288086,-94.385498046875,27.26849937438965,34.22714328765869,15833.465495227565,15837.398540273063,32093.503176321436,17977.984776461704
val,1439,60,23.401777267456055,-71.51138305664062,41.37958908081055,-71.55695343017578,41.17388916015625,0.0053955139592289925,316.5419292331537,419.03748911267803,123.30378873529541,226.0934146639971
val,1440,71,424.2912292480469,-118.21415710449219,33.76020812988281,-122.4646987915039,34.648311614990234,3.6794756650924683,11618.848453902585,11549.895219277343,2659.478102277004,11616.963436776668
val,1441,70,256.9847717285156,-84.35836791992188,46.50286102294922,-82.7899398803711,44.557071685791016,2.846329912543297,8134.056886638245,8139.512910209931,3126.1132198503897,7827.468858204997
val,1442,80,51.06121063232422,-94.67588806152344,29.218059539794922,-94.60610961914062,28.951129913330078,3.7501275539398193,8668.833895886377,8662.16595953218,6711.957742496663,10321.480945576664
val,1443,71,116.25602722167969,-122.02110290527344,30.02730941772461,-121.05708312988281,29.40127944946289,29.99261999130249,1171.0449575143223,1202.4587396153136,22318.55067845933,282.9195667977504
val,1444,80,379.9895935058594,-94.58589935302734,29.10327911376953,-91.21922302246094,27.949369430541992,16.90218687057495,11916.88887369124,11915.758453528682,10005.174361710311,23738.40847318533
val,1445,60,38.184844970703125,-65.30307006835938,18.301300048828125,-65.61984252929688,18.22804069519043,0.0041616581147536635,1974.1096920501598,1980.2895228229552,450.19121625547507,2901.6516197558435
val,1446,82,28.880996704101562,-124.03247833251953,36.962989807128906,-123.92723846435547,36.728919982910156,13.668761253356934,2615.191643555788,2616.2487461784945,26767.066934921484,2285.103173515111
val,1447,60,97.52692413330078,-87.65091705322266,44.090919494628906,-86.45194244384766,43.94990158081055,70.09823989868164,1274.3899875967327,1295.993075669331,58813.81977257537,1145.6448815295919
val,1448,71,53.075599670410156,-73.2636489868164,36.77074432373047,-73.60797882080078,37.160560607910156,36.04211616516113,902.3147680532968,927.7499825990648,34127.37519024167,126.54839818517472
val,1449,60,63.0138053894043,-89.82051849365234,28.96957015991211,-89.97115325927734,29.25469970703125,0.07929673511534929,5919.16813887469,5971.182141333367,3022.113372945597,7019.313288940179
val,1450,70,40.626853942871094,-89.22049713134766,48.41413116455078,-88.7605972290039,48.25899124145508,1.378969818353653,2177.755335822033,2183.289658781377,859.8283548205661,2355.645854761206
val,1451,70,170.5353240966797,-80.9389419555664,24.55855941772461,-82.45783233642578,23.928260803222656,25.631826877593994,15079.075211934998,15085.027978606231,15600.946245910067,4990.734372860588
val,1452,60,23.630352020263672,-71.51136016845703,41.37953186035156,-71.55693817138672,41.17388153076172,0.0032724461052566767,487.8266584384278,597.6219280777943,493.4638600453151,383.7044253518835
val,1453,80,78.37248992919922,-89.33963012695312,28.891380310058594,-89.0727767944336,28.248920440673828,2.909872353076935,2548.5015827880247,2573.917855285673,2462.192830184451,3485.851572153404
val,1454,70,66.39799499511719,-80.0517578125,26.770160675048828,-79.9615707397461,26.259899139404297,12.493062153458595,4633.094337923051,4646.9446628022215,16092.413896772818,6626.997610544464
val,1455,70,566.8031005859375,-74.06131744384766,40.625938415527344,-74.4218521118164,35.77273178100586,34.99696063995361,23939.867565469398,23947.080554103817,38821.313353908874,15011.605433389586
val,1456,60,23.433923721313477,-71.55712127685547,41.1739616394043,-71.51133728027344,41.379608154296875,0.0028545537497848272,392.79460907131727,458.1192271503883,287.4972744614781,552.0289091897282
val,1457,80,213.39019775390625,-92.83251190185547,28.158645629882812,-94.4329605102539,29.19420051574707,3.564467191696167,6068.157878938378,6069.508335084347,7086.981342821017,8929.39191865407
val,1458,60,43.918678283691406,-119.20500946044922,34.147708892822266,-119.61380767822266,34.332340240478516,0.09729765728116035,1430.966680132035,1436.4092666364318,751.6345286823627,1385.053091937492
val,1459,80,218.5390167236328,-94.60578155517578,28.952009201049805,-92.71904754638672,28.013240814208984,1.3822521269321442,12151.42488869647,12157.95705190228,10054.853892625504,13921.737355962063
val,1460,70,326.55145263671875,-92.13524627685547,46.75177001953125,-88.05071258544922,47.55990982055664,6.727921366691589,8033.480838964355,8069.190243264659,5225.69170005227,11014.462475809249
val,1461,60,22.138322830200195,-71.51138305664062,41.37957000732422,-71.55393981933594,41.18439865112305,0.5024674048181623,263.62740152882424,363.08046803771987,760.4112758442448,206.77160584785926
val,1462,82,52.40991973876953,-94.5767593383789,29.301910400390625,-94.40084075927734,28.891569137573242,5.914930462837219,2192.6540791194616,2205.7895790983143,5483.452942320344,3337.2310915427265
val,1463,80,52.716827392578125,-94.30290985107422,28.605880737304688,-94.69963836669922,28.483959197998047,5.648910045623779,3243.5271441276172,3258.716712623256,12401.503622023636,2719.1329733757516
val,1464,80,119.28932189941406,-84.36776733398438,46.502559661865234,-83.53919219970703,45.6773681640625,2.935390532016754,5191.477549633173,5078.656405726057,2037.754642843251,3015.9533866471743
val,1465,80,49.665374755859375,-96.3804702758789,27.768829345703125,-96.68923950195312,27.79319953918457,5.325688362121582,6396.96233069293,6392.13583803757,10251.01242624516,6647.0711196737875
val,1466,60,20.934486389160156,-117.65587615966797,32.4527702331543,-117.4749984741211,32.345359802246094,16.32102918624878,852.806295620069,875.639540550026,14833.907869527344,213.2480568133705
val,1467,80,131.31253051757812,-117.59603118896484,32.92195129394531,-117.75142669677734,32.61048889160156,16.93232822418213,26548.771547599958,26549.210935950123,34500.37630943567,26133.084708724844
val,1468,79,263.2507629394531,-80.4031753540039,24.297489166259766,-80.11624145507812,26.06584930419922,5.691849708557129,21098.18251782113,21118.49699446671,6796.435025307854,41552.05414300031
val,1469,60,97.51775360107422,-86.45216369628906,43.94963836669922,-87.65129089355469,44.09117889404297,59.25657844543457,1799.8863865618634,1850.692924958786,44924.65112665717,1193.400713232568
val,1470,89,30.07602882385254,-117.0956802368164,32.343910217285156,-117.22200775146484,32.113990783691406,8.728831209242344,2560.976928137328,2561.6612500146257,9289.851831449208,1236.891104439996
val,1471,60,23.56427574157715,-71.51138305664062,41.379581451416016,-71.55696105957031,41.17390060424805,0.005678160116076469,390.94174150429126,492.78231319345065,300.34922608238946,300.87628226989784
val,1472,66,37.83896255493164,-94.77873229980469,29.31447982788086,-94.66168975830078,29.09613037109375,0.4776868633925915,4612.157541618692,4742.67397676311,903.4846621058498,6057.339772322887
val,1473,70,198.9530487060547,-118.25633239746094,33.729679107666016,-120.14781188964844,34.27756881713867,2.1255506724119186,6016.203060842614,5924.803719076497,2342.3944810962307,6725.057684338529
val,1474,89,292.9779052734375,-66.7654800415039,17.99410057067871,-64.75242614746094,17.69686508178711,0.16421568766236305,23881.7790966184,23833.366608360833,17628.691604431,31912.691068469256
val,1475,70,22.053537368774414,-90.79891204833984,27.273710250854492,-90.73097229003906,27.448829650878906,8.68222689628601,1268.2129070939743,1278.9572339636338,8778.584177308934,754.1393138847632
val,1476,70,395.431640625,-84.35411071777344,46.502811431884766,-82.42357635498047,43.34926986694336,1.5949602499604225,16127.848121958565,16093.608722370916,3646.4528420694196,19576.535071083566
val,1477,60,31.724300384521484,-70.14938354492188,41.39659881591797,-70.27558135986328,41.64899826049805,0.11484971642494202,1451.1027904531213,1661.2669959528469,166.51770590457312,1412.7032097472418
val,1478,60,23.3821964263916,-71.55703735351562,41.1739387512207,-71.5113525390625,41.379600524902344,0.0049741644179448485,378.590981292709,442.61756124661173,102.69118635468591,389.59110432673185
val,1479,69,74.32160186767578,-124.21849822998047,48.31950378417969,-123.3887710571289,48.41709899902344,3.5974393784999847,6326.321868463636,6205.652453761751,6278.3391783194475,7261.048032709025
val,1480,89,53.85533142089844,-94.5689697265625,29.209640502929688,-94.23716735839844,28.9027099609375,4.46586000919342,3609.063486964288,3609.1081347317695,3759.047976287305,3252.617413650963
val,1481,74,474.74664306640625,-118.27017211914062,33.7523307800293,-122.09716796875,35.910499572753906,7.17867648601532,10187.62896747077,10165.823389972435,12359.496865638066,41146.083722109295
val,1482,60,23.40613555908203,-71.55695343017578,41.17388153076172,-71.51139831542969,41.37963104248047,0.004905838519334793,320.9775941358587,396.6899225361761,205.0949040318354,368.9452134415534
val,1483,60,371.3305969238281,-74.65158081054688,35.44049835205078,-76.28500366210938,38.28232955932617,48.3142671585083,15357.821632656092,15343.792012185522,37726.513224202026,16260.874677824751
val,1484,60,23.41526985168457,-71.51136016845703,41.379581451416016,-71.55692291259766,41.17390060424805,0.004787554033100605,286.5560766476206,390.77058546372024,88.8353638629621,261.6462532037338
val,1485,60,23.470083236694336,-71.55695343017578,41.17388916015625,-71.51142120361328,41.379581451416016,0.005621552234515548,335.2462615441626,404.8794839863293,148.3779465621578,427.08860810861347
val,1486,80,30.308300018310547,-94.19119262695312,28.5834903717041,-93.99358367919922,28.743450164794922,7.246022939682007,3887.541710483829,3892.7360336194674,6407.485275114245,1907.8963781111484
val,1487,70,282.77001953125,-66.915283203125,19.54088592529297,-68.64900207519531,17.73447036743164,11.263046264648438,10859.256702146235,10873.561498781373,10965.16020397018,11735.053199706295
val,1488,60,37.943904876708984,-65.61936950683594,18.229129791259766,-65.30306243896484,18.301300048828125,0.0,1470.4720834316734,1452.5003191718633,527.6899545397764,2613.428557044806
val,1489,70,161.8629913330078,-96.90902709960938,26.047054290771484,-95.59446716308594,26.678180694580078,23.559252738952637,11721.194921763043,11736.347608022636,21081.520348173548,15612.629848146342
val,1490,60,31.26181983947754,-85.74710845947266,30.14842414855957,-86.00950622558594,30.117300033569336,2.3668370246887207,2659.7530210078453,2755.7656144614302,2159.3700201477727,2798.1418358372052
val,1491,60,524.9315795898438,-81.33956909179688,30.385669708251953,-78.96241760253906,26.38412094116211,39.74728012084961,30861.553598100378,30863.24333490044,61755.62375673931,17496.54833564894
val,1492,60,37.91145324707031,-65.30306243896484,18.30129051208496,-65.61939239501953,18.22907066345215,0.0023620472056791186,1914.9108868536896,1891.7761412748,347.38532124692995,2837.2677755608697
val,1493,60,97.0767593383789,-87.65061950683594,44.0908317565918,-86.45366668701172,43.95050811767578,70.03462600708008,1151.1171834099277,1187.3210272976914,59348.342608979576,517.9526608831655
val,1494,60,23.399137496948242,-71.55695343017578,41.17390060424805,-71.51138305664062,41.37955856323242,0.0055779945105314255,446.65235700138993,499.1900243164681,339.48335136650576,545.2360886698906
val,1495,70,190.59683227539062,-119.13981628417969,31.283069610595703,-120.52413940429688,32.5306396484375,52.23951482772827,4009.471975190497,4000.024129048696,64141.60263140471,197.7289440873199
val,1496,60,23.42699432373047,-71.51139831542969,41.379600524902344,-71.55709838867188,41.17396926879883,0.006165636703372002,295.1641146155718,408.92080919261764,117.21463259038762,257.43402454964956
val,1497,80,33.79639434814453,-73.98236846923828,40.51588821411133,-73.65274810791016,40.50775146484375,3.0056251287460327,2794.9340439399152,2848.338932143501,2144.484163456844,3940.7041249441186
val,1498,60,37.68143081665039,-65.61937713623047,18.22917938232422,-65.3031234741211,18.301380157470703,0.0008632823009975255,1787.5389426438837,1752.8224545451255,117.67879689796423,2981.1940797734123
val,1499,60,23.142637252807617,-71.51136779785156,41.379581451416016,-71.55518341064453,41.1757698059082,0.023038206854835153,397.9296566730255,501.6030872257036,298.9924087258423,229.80750305690552
val,1500,60,23.363107681274414,-71.51136779785156,41.379581451416016,-71.55693817138672,41.17390823364258,0.005059443123172969,288.7161964436786,399.9417894870065,51.42627053750372,215.63624866973296
val,1501,70,90.375,-89.1777572631836,28.85956573486328,-90.06938934326172,29.01405906677246,2.5375844836235046,1826.9090585982005,1829.9981646273593,2941.2063168204936,3877.213559331838
val,1502,60,108.61662292480469,-79.0465316772461,26.201749801635742,-80.1198501586914,26.08894920349121,2.5015224665403366,898.4932966754434,949.9158358935674,2145.422440946277,418.4952581787052
val,1503,70,262.4837951660156,-71.44578552246094,40.869590759277344,-74.06014251708984,40.62617874145508,39.826316833496094,14288.377453283361,13841.477596561639,19824.28936466422,26932.621098407482
val,1504,70,1041.5782470703125,-114.4338607788086,24.822540283203125,-118.16240692138672,33.594913482666016,41.84933662414551,47629.0475320923,47619.60784812536,30605.673495282175,11759.156313057669
val,1505,70,708.87548828125,-84.35102844238281,46.5030403137207,-87.43907165527344,41.71979904174805,2.4654021218884736,39253.45861997718,38951.135467062406,4255.295138775471,67940.90387568672
val,1506,80,128.6369171142578,-124.10426330566406,32.359214782714844,-123.49230194091797,31.326000213623047,27.139214515686035,930.6042685266575,949.7176555626405,15205.82027033428,590.1718150832054
val,1507,80,93.75774383544922,-96.4781723022461,27.771469116210938,-95.71710968017578,27.61894989013672,2.273957282304764,8577.336846956738,8591.681923216103,4729.401831216569,8807.522108589654
val,1508,70,135.8368377685547,-94.62603759765625,27.354690551757812,-94.67938232421875,28.573720932006836,30.48663902282715,2407.6781125968732,2407.217480266212,26795.612231824747,474.9583382455504
val,1509,70,68.05252075195312,-83.92063903808594,46.03997039794922,-84.35041046142578,46.50299072265625,1.0189716182649136,2723.088299272077,2595.7726094740415,1097.1544236498933,2056.836150718095
val,1510,70,31.210006713867188,-80.61299896240234,24.643709182739258,-80.36383056640625,24.80950927734375,32.17275810241699,2954.4981779448517,2959.9901502498483,17358.66928348858,57.20535074038949
val,1511,60,180.3263702392578,-93.33222198486328,29.78329086303711,-94.54708099365234,29.13081932067871,0.9998801010660827,11304.62724846058,11361.954807937725,14764.795529639901,16169.905383468053
val,1512,71,1149.985595703125,-118.19624328613281,33.74367904663086,-113.07266998291016,24.83264923095703,26.1491197347641,20578.614871381043,20579.531234104594,20868.199484550743,65055.894011669494
val,1513,70,75.11005401611328,-85.46443176269531,27.576444625854492,-84.70291137695312,27.584449768066406,30.07795476913452,870.3352210589198,907.2464780111711,27896.09759907877,297.714077579438
val,1514,60,163.98536682128906,-94.79540252685547,29.316329956054688,-93.33222198486328,29.7833194732666,1.434676170349121,3321.527064784717,3392.60661154324,6076.21998613126,9134.37992281366
val,1515,60,38.24528121948242,-65.30307006835938,18.301279067993164,-65.61940002441406,18.229080200195312,0.0013174405321478844,2407.359062457351,2377.125438585054,985.1586494414937,3445.698210269354
val,1516,70,331.5892639160156,-97.07182312011719,27.8431396484375,-94.55010986328125,29.290109634399414,2.195687286555767,10327.310321431654,10351.811596848225,4873.124658573879,22808.02037569477
val,1517,80,163.8986053466797,-79.24620819091797,26.18596076965332,-79.73362731933594,24.801759719848633,4.820990681648254,8621.481129252654,8626.879194750301,5659.332030161167,6633.9881287486805
val,1518,71,34.28185272216797,-63.030235290527344,22.786264419555664,-62.74454879760742,22.62628936767578,174.61013793945312,5959.056727351436,5967.135971927624,172618.04140268572,50.62342839403869
val,1519,60,41.90946960449219,-85.7470932006836,30.14841079711914,-85.72191619873047,29.807249069213867,5.553780674934387,1391.5075794869688,1484.9975101765242,4996.82712745252,1264.1723379385699
val,1520,60,130.8087158203125,-94.14205169677734,28.989564895629883,-93.61869049072266,28.6683406829834,5.216612696647644,22916.920723344447,22912.049197781012,18973.188315422707,23140.142569289197
val,1521,60,37.518558502197266,-79.59577178955078,26.467939376831055,-79.7186508178711,26.78404998779297,14.028972148895264,1448.0321729511543,1483.0391998817438,13895.785244403307,1076.0648157344085
val,1522,80,333.89593505859375,-64.84414672851562,17.577314376831055,-66.7654800415039,17.99410057067871,8.337561190128326,44444.70105020207,44465.51269720835,56378.83309533669,42739.84581415769
val,1523,89,40.252376556396484,-79.6033706665039,43.49443817138672,-79.3125991821289,43.21390914916992,1.8750115483999252,1126.4674516902774,1152.9812882098781,1810.7204802738177,712.404402918583
val,1524,60,37.86206817626953,-65.30304718017578,18.30129051208496,-65.6193618774414,18.229129791259766,0.0006645480170845985,2036.6736477692116,2007.12411222462,220.26620003367393,3008.333462892194
val,1525,60,23.56866455078125,-71.55709075927734,41.173980712890625,-71.51139068603516,41.37958908081055,0.00593386054970324,543.0120100529207,589.1033331619593,272.3163268476704,537.5421291343267
val,1526,79,57.25680923461914,-79.5170669555664,24.921489715576172,-79.59081268310547,25.432039260864258,9.474188685417175,2346.6303066837336,2360.661125003351,8779.142415655117,42.17519754636773
val,1527,60,97.13754272460938,-87.65083312988281,44.09049987792969,-86.45352172851562,43.95072937011719,70.02612113952637,1170.9894066932484,1207.857682417438,59130.32829251505,777.7445694785466
val,1528,70,136.48866271972656,-74.96637725830078,35.16564178466797,-76.02290344238281,34.316341400146484,14.462169170379639,2228.5858326681823,2238.5421665724334,11468.363501201737,4536.250505090228
val,1529,60,62.48409652709961,-64.71896362304688,17.8172607421875,-64.93656921386719,18.339210510253906,11.563721060752869,6224.85261331255,6281.880683754783,42346.25063114082,202.61273851617807
val,1530,70,63.1925163269043,-88.83379364013672,28.6572208404541,-88.19078826904297,28.595809936523438,20.44579029083252,1184.3674585163253,1195.6499093438574,25460.64432124123,196.92511942225687
val,1531,79,100.4437026977539,-66.13138580322266,19.496679306030273,-66.1468276977539,20.399770736694336,45.15521430969238,4045.4833977442563,4053.6493476852497,24932.07134522489,164.6676628182857
val,1532,80,224.54324340820312,-88.51038360595703,30.333070755004883,-87.55145263671875,28.613239288330078,1.5154570937156677,7783.6893002023535,7803.248124630859,2273.9198707782934,10291.674923185801
val,1533,80,59.56189727783203,-123.5653076171875,28.31909942626953,-124.06404113769531,28.626840591430664,57.66523742675781,874.4757022740665,892.3988125146745,57466.03348102308,127.81839916964788
val,1534,70,281.81134033203125,-87.54237365722656,41.71294021606445,-86.82559204101562,44.11157989501953,20.56252098083496,18290.579289660134,18310.62348133125,12842.063804985173,10303.713622061117
val,1535,89,93.88890838623047,-94.75015258789062,29.35137939453125,-94.42166900634766,28.65601921081543,2.1585144996643066,5539.605436872478,5558.4255900348535,2346.775275122999,10892.249957180347
val,1536,60,97.45603942871094,-87.65097045898438,44.09104919433594,-86.4520492553711,43.949859619140625,70.1010856628418,1670.6998340288865,1701.6325624371764,60116.23988957655,702.4187194539596
val,1537,70,36.030696868896484,-75.50261688232422,36.847328186035156,-75.81202697753906,37.04372024536133,13.744995594024658,2311.263985747492,2318.1676151789197,14225.801256302508,964.2292966679997
val,1538,71,200.9154815673828,-76.41974639892578,38.52497100830078,-75.81986999511719,36.94860076904297,16.168319702148438,8108.515263358659,7898.83701142389,10135.098718010224,10983.09488580758
val,1539,60,37.92687225341797,-65.3030776977539,18.301300048828125,-65.61937713623047,18.229129791259766,0.0009567566448822618,2117.7366042459535,2104.2429812105424,247.672106416997,3057.9282825553546
val,1540,60,46.50795364379883,-92.86238098144531,28.16486930847168,-92.42169952392578,28.320030212402344,21.551288545131683,984.410380579326,1001.9104611758454,21188.20590333926,308.8411688686087
val,1541,70,551.1950073242188,-83.50260925292969,45.523170471191406,-87.89888763427734,43.01239013671875,53.02163028717041,20057.616207308514,20050.47174076365,27824.66269636491,81398.62004657126
val,1542,70,115.201904296875,-94.67867279052734,29.176490783691406,-93.65406799316406,28.700950622558594,5.330255508422852,7005.202066269901,7000.93405305531,10441.99112540452,5293.396424573338
val,1543,66,25.31142234802246,-94.77874755859375,29.31454086303711,-94.5501708984375,29.298669815063477,0.16459331288933754,2763.433333052359,2929.257455531411,204.1325081779814,2209.281487210075
val,1544,80,187.47474670410156,-66.54562377929688,15.791315078735352,-64.86209106445312,15.331649780273438,78.22874450683594,8580.940741166583,8586.100858310825,73813.97329008163,273.892098499515
val,1545,71,40.829750061035156,-64.76175689697266,17.660125732421875,-65.07135772705078,17.445680618286133,36.22619915008545,1773.9384203044976,1793.9927696864327,20274.616480206805,845.1133060669221
val,1546,70,49.994606018066406,-80.12008666992188,26.090309143066406,-80.07978057861328,25.78635025024414,2.969072662293911,5070.991646533612,5031.471823409935,4353.0138271754095,6299.8038735344135
val,1547,70,150.29086303710938,-84.6393051147461,22.425344467163086,-83.40264892578125,23.135080337524414,61.77490043640137,5817.561252616567,5811.347013893128,69073.70022111158,2278.0955350155964
val,1548,66,25.856008529663086,-94.77873229980469,29.314449310302734,-94.54473114013672,29.288270950317383,0.23562300205230713,2845.181857663085,3004.671417284258,442.5628663401547,2263.223137626737
val,1549,60,67.43611145019531,-90.19550323486328,29.05792999267578,-89.51506042480469,28.97075080871582,1.7726648449897766,1881.4194936631147,1872.219376486645,2235.48304732896,1121.7478148290559
val,1550,70,134.55252075195312,-95.32911682128906,28.94420051574707,-94.42127227783203,28.069419860839844,3.3212418779730797,3065.7267724801263,3115.2524811022317,3217.560729244207,1766.456907881163
val,1551,70,91.04054260253906,-90.48931884765625,28.401039123535156,-90.79551696777344,27.640159606933594,12.12517499923706,5064.335696650083,5087.6252147837895,11773.957513517016,1773.6174859359055
val,1552,60,23.434436798095703,-71.55693054199219,41.17390060424805,-71.51142883300781,41.37950897216797,0.00791242066770792,429.36527860491645,484.462591675645,316.9157482388264,536.1858280675442
val,1553,80,245.25653076171875,-96.48162078857422,27.854679107666016,-94.51532745361328,29.157609939575195,3.7796802520751953,9497.914680175107,9498.45519959814,2551.7943166710147,3641.6887710060328
val,1554,60,23.4415225982666,-71.55708312988281,41.17396926879883,-71.51141357421875,41.37958908081055,0.006676094140857458,430.367431153882,489.96903964169456,176.40178185849348,572.263995665862
val,1555,71,80.70862579345703,-122.09184265136719,34.74077606201172,-121.2601318359375,34.49937057495117,23.95742177963257,1496.1368937735413,1514.3974749660085,21735.03472630712,122.90263221635382
val,1556,60,55.217529296875,-91.75347900390625,29.379100799560547,-92.28227996826172,29.455820083618164,4.326805949211121,3160.88315988393,3149.4304239132452,6724.490836726996,4563.581430678822
val,1557,71,63.82307052612305,-77.05095672607422,27.227880477905273,-76.70198059082031,26.74570083618164,62.98059797286987,957.1519327053988,991.4848581737701,52610.10181661923,221.81438964676383
val,1558,60,23.72857093811035,-71.55709075927734,41.173980712890625,-71.51136016845703,41.379581451416016,0.00460308906622231,766.5581187981743,825.0061763477346,534.295213174468,941.8424411839762
val,1559,80,114.21379089355469,-96.21501922607422,27.784940719604492,-95.4534683227539,27.121829986572266,13.036128997802734,5365.76952644494,5383.120574399531,16217.804185598921,4554.688017010948
val,1560,60,23.39183807373047,-71.55692291259766,41.17390060424805,-71.51139831542969,41.379581451416016,0.006255462183617055,374.329359757666,443.93241510192917,38.25483793174427,504.4733674034754
val,1561,60,23.51933479309082,-71.51138305664062,41.37955856323242,-71.55706787109375,41.17407989501953,0.0077862245962023735,427.14592318037484,540.1558198229659,180.94258193789847,263.164007408087
val,1562,60,73.2309799194336,-86.4522933959961,43.94955825805664,-87.34832000732422,44.08293914794922,49.58098602294922,576.9447081260581,623.3488721672369,43277.28132285638,170.17664746806716
val,1563,80,178.56747436523438,-95.99774169921875,28.035444259643555,-95.76460266113281,26.46647071838379,24.32886505126953,4772.435494337451,4780.998508939396,37251.6411134398,6762.809292449969
val,1564,66,40.61355972290039,-94.7071762084961,29.069229125976562,-94.77873229980469,29.314449310302734,0.2672499045729637,4660.425754704565,4824.868730013566,711.7787563983553,6454.394689766106
val,1565,70,647.4822387695312,-84.3433609008789,46.503238677978516,-87.45783233642578,42.47513961791992,12.201322764158249,33996.00160418997,33490.5109869698,25835.42256911562,72153.00785202289
val,1566,60,58.56168746948242,-64.93840789794922,18.33881950378418,-64.73335266113281,17.850770950317383,13.224426746368408,2865.59960685486,2934.6268036990527,9947.650436548876,178.83677753019208
val,1567,70,23.212316513061523,-75.89170837402344,36.814208984375,-75.63916778564453,36.786869049072266,9.940752506256104,1491.8008757184862,1485.4512611205455,8251.37455738167,491.25131925402366
val,1568,84,41.653564453125,-93.60452270507812,29.05830955505371,-93.61929321289062,29.391490936279297,19.31184482574463,5321.231397830587,5346.007213173339,17892.679596722093,3954.053142001368
val,1569,60,37.853084564208984,-65.61936950683594,18.229129791259766,-65.30307006835938,18.30129051208496,0.0,1539.6928916394268,1505.570992860851,401.073035931631,2653.436061389044
val,1570,70,81.63540649414062,-68.35709381103516,18.760604858398438,-68.44435119628906,18.09844970703125,14.706196308135986,3328.302857722009,3333.4986014534343,8250.089826963598,7420.268226286346
val,1571,60,37.4353141784668,-65.30307006835938,18.30126953125,-65.61984252929688,18.22797966003418,0.002441907417960465,1903.8939448355645,1915.0205844736852,530.8736588608017,2863.870900159041
val,1572,70,68.79849243164062,-115.31303405761719,25.18865966796875,-114.75240325927734,24.83592987060547,19.72375750541687,527.7682702643565,569.5545070543512,17868.61082419586,306.16961607546386
val,1573,80,47.6325798034668,-87.36614227294922,25.197629928588867,-87.61427307128906,25.562620162963867,32.68389701843262,1135.0273546299663,1155.2306165079224,32661.476887191035,107.27876003383575
val,1574,70,261.7673645019531,-80.5482177734375,41.969600677490234,-83.08953094482422,42.301639556884766,0.01237626513466239,10639.111290551338,9875.38680933793,740.340245799024,26916.661873148656
val,1575,60,52.5401725769043,-89.50057220458984,28.96990966796875,-90.02884674072266,29.039920806884766,1.5631253719329834,1073.9778684159248,1092.0001171104252,1077.3194397486457,604.2227839843879
val,1576,60,37.30221176147461,-65.3030776977539,18.30133056640625,-65.61984252929688,18.228269577026367,0.01840678323060274,1734.147032950038,1747.3452214380854,680.158176047143,2631.767319247311
val,1577,70,455.4112243652344,-86.7320327758789,43.67095184326172,-84.34166717529297,46.50334930419922,3.682016611099243,36546.22371965657,37107.817165355504,2864.492287232337,42426.410984124974
val,1578,60,97.17947387695312,-87.6509017944336,44.090980529785156,-86.45350646972656,43.95066833496094,70.0526351928711,1173.6524038060047,1214.7153829888784,59070.387826408136,858.0846082272686
val,1579,80,154.83505249023438,-70.1563949584961,43.64530944824219,-68.53402709960938,43.01396179199219,65.11262321472168,8278.701516670371,8292.240569646154,69949.48063833763,3914.569854719713
val,1580,60,23.400888442993164,-71.55708312988281,41.1739616394043,-71.51136779785156,41.379581451416016,0.004335230449214578,410.58995942130815,460.9845680325954,165.8652271964939,518.67907374628
val,1581,70,75.78422546386719,-73.81656646728516,36.932308197021484,-72.97038269042969,37.016868591308594,29.438936233520508,1932.2402413203283,1936.5256551602781,29190.168514477613,270.49294080294993
val,1582,70,304.5082092285156,-118.23560333251953,33.76784896850586,-121.1229476928711,34.49380111694336,2.0879034996032715,8367.225082634473,8252.67898245745,2577.7239419648276,11658.341916605821
val,1583,80,145.14981079101562,-94.66927337646484,29.083250045776367,-93.63922119140625,29.40559959411621,1.8910871148109436,10944.416200418598,10939.140057612207,10257.599945797057,19911.00732546109
val,1584,70,35.330806732177734,-64.94628143310547,18.335229873657227,-64.65959930419922,18.325559616088867,1.141201227903366,2138.0591805004906,1897.959049479217,418.87736841240354,4199.078693341467
val,1585,71,289.04840087890625,-74.31050872802734,34.57939147949219,-75.53742218017578,36.65385055541992,21.03993320465088,18828.965310917716,18852.765864733265,17894.739343314235,14450.225044077846
val,1586,60,29.106700897216797,-85.74713134765625,30.14838981628418,-85.92842102050781,30.016380310058594,1.2984133213758469,2386.6332935493865,2459.955749893889,2509.857558886977,1939.7890645064595
val,1587,60,23.41780662536621,-71.51139068603516,41.379539489746094,-71.55695343017578,41.17390060424805,0.004914725432172418,298.1512313875822,401.7034830443219,90.21839823473772,313.56746691330414
val,1588,60,97.82015991210938,-86.45233154296875,43.94947814941406,-87.6510009765625,44.090919494628906,59.25526428222656,1785.0119156545502,1805.0330023486624,45554.20475843203,1236.8956410411774
val,1589,70,175.45065307617188,-80.11784362792969,26.072839736938477,-78.70027923583984,26.098159790039062,5.247108921408653,12599.110973015762,12584.71212582952,9180.387736665785,13369.390650732235
val,1590,60,59.127403259277344,-86.45201873779297,43.94921875,-87.17996978759766,44.03792953491211,41.367095947265625,345.0393811159711,391.2351230540325,28332.239661175983,147.7601538822373
val,1591,80,285.035400390625,-80.04431915283203,42.797340393066406,-82.83094787597656,41.92546081542969,1.829831775277853,12776.903808786681,12765.96981332801,910.9441172492538,25201.446912884265
val,1592,80,147.18455505371094,-71.88722229003906,40.39125061035156,-71.33688354492188,41.3178596496582,21.549322962760925,22169.49648900705,22173.596906742696,36104.02573757212,22659.313096426857
val,1593,60,45.3478889465332,-84.42640686035156,46.0023193359375,-84.86007690429688,45.8543701171875,9.466269077733159,6051.734746460822,5970.331445882845,10539.300852503295,6345.131819481521
val,1594,60,42.75117492675781,-89.97191619873047,29.2545108795166,-89.8232192993164,28.952880859375,0.009295030497014523,3569.537112916941,3632.1464440344553,1182.5363499287823,3529.7167933361306
val,1595,60,23.36617660522461,-71.55696868896484,41.17388916015625,-71.51139068603516,41.37958908081055,0.0042124607134610415,338.8267292084375,409.0229376336231,210.38037921585365,339.4148386238718
val,1596,60,37.88782501220703,-65.61936950683594,18.22909927368164,-65.30306243896484,18.30129051208496,0.0010250817867927253,1967.004936237559,1924.0797763028845,390.17565144552435,3167.114380614338
val,1597,70,165.34840393066406,-120.56260681152344,29.44920539855957,-119.21453857421875,28.543230056762695,19.650446891784668,1473.341803045072,1495.9446523753104,19281.46211739687,110.528685089964
val,1598,70,389.6283264160156,-80.07453155517578,26.123069763183594,-82.41957092285156,23.89508056640625,4.708529949188232,13954.687923805734,13953.377402551669,3972.637162185073,42855.61301611011
val,1599,60,23.360313415527344,-71.55708312988281,41.17396926879883,-71.51136016845703,41.379581451416016,0.004171903943642974,318.55582153742523,384.95790604011995,119.84492292385976,352.1104626267312
val,1600,71,264.1791687011719,-80.05037689208984,26.76885986328125,-80.59471130371094,24.657400131225586,5.894134551286697,7644.027138075032,7662.30709764834,5722.517345125738,26488.87359943177
val,1601,80,22.840354919433594,-94.53031921386719,29.30915069580078,-94.74530029296875,29.3504695892334,0.457021988928318,1066.1165890446848,1100.6079557646467,640.5205951036817,966.4976686129748
val,1602,60,23.444454193115234,-71.51139831542969,41.37958908081055,-71.55696105957031,41.17388153076172,0.005283758044242859,356.5755050146836,446.9426873344895,158.3582535788615,432.2738027572478
val,1603,80,96.7455825805664,-123.54052734375,37.65132522583008,-124.13948059082031,38.38172149658203,57.43885803222656,1580.5758422294991,1600.8082146697377,66543.18115501966,470.8085819969652
val,1604,60,33.907264709472656,-94.49935150146484,29.25295066833496,-94.8026123046875,29.31222915649414,1.0147177278995514,2597.891948105865,2863.040371238479,850.6314514910596,2483.7507115417
val,1605,79,99.95674896240234,-80.11543273925781,26.06801986694336,-79.663818359375,25.38991928100586,2.539098083972931,4105.441524681703,4120.147000370217,4011.1836338013045,10547.813475385401
val,1606,70,44.041324615478516,-92.30486297607422,29.55314064025879,-92.35777282714844,29.16529083251953,0.08999750390648842,1719.914247331445,1833.6424430691334,90.20923810169154,1206.7491058391809
val,1607,70,36.26810073852539,-75.28978729248047,36.91463851928711,-75.6553726196289,36.80039978027344,4.6380864679813385,2105.1527684892576,2110.39011744986,7354.325616306528,636.1735921011065
val,1608,80,23.799772262573242,-94.13581085205078,28.614559173583984,-94.20216369628906,28.785850524902344,7.126322507858276,2075.9341291974997,2105.6754547712685,7213.501475410718,1922.7338427317452
val,1609,69,43.08713912963867,-79.65049743652344,25.5527400970459,-79.5348892211914,25.189069747924805,25.606494903564453,1820.9791897558498,1828.094152107523,25335.531564774705,1707.993238240942
val,1610,60,23.489145278930664,-71.55693054199219,41.1738395690918,-71.5113296508789,41.37957000732422,0.0031345696188509464,463.07125893069264,520.8975214436214,362.3781231048252,587.5507267115097
val,1611,60,23.368593215942383,-71.55709075927734,41.1739616394043,-71.51133728027344,41.379581451416016,0.003310979111120105,351.9588360221054,411.8498325994774,123.1421176419104,495.3035486319491
val,1612,60,23.361032485961914,-71.55708312988281,41.17396926879883,-71.5113525390625,41.37957000732422,0.003564507467672229,413.92615932643685,462.2799851057601,132.7992386705666,505.39358782452206
val,1613,70,237.97523498535156,-66.15872955322266,17.936159133911133,-67.85205841064453,16.54751968383789,8.455882746726274,9684.605457929403,9670.144333642733,8377.61439527557,1911.9481772014724
val,1614,60,97.40619659423828,-87.6507797241211,44.091121673583984,-86.45211791992188,43.94976043701172,70.10011672973633,1232.5186634703634,1261.808924326677,58814.75484021811,1133.0694299182044
val,1615,60,71.15628814697266,-86.45201110839844,43.949371337890625,-87.32723236083984,44.06169891357422,49.96102428436279,514.9112182923086,550.9988051543693,44253.73569382877,166.5821477138195
val,1616,60,31.955883026123047,-85.74710845947266,30.148395538330078,-86.00885772705078,30.08740997314453,2.2865215092897415,2543.9981887762715,2626.790774916837,2202.896826053122,2782.983738165808
val,1617,69,66.04131317138672,-92.30490112304688,29.553150177001953,-92.25422668457031,28.990440368652344,1.484742522239685,3467.5720868537437,3539.657835757293,1281.9583584762695,4860.678082253548
val,1618,70,255.31161499023438,-79.4519271850586,26.40863037109375,-80.24513244628906,24.375320434570312,12.68281602859497,6906.749384041497,6914.122914896558,8731.094276260845,21255.503697730106
val,1619,80,42.549015045166016,-94.55143737792969,28.988920211791992,-94.26148223876953,28.715280532836914,10.56307864189148,726.1999560810881,747.0833525624214,7155.149153836368,1470.2984364793815
val,1620,89,94.21724700927734,-94.72047424316406,29.061429977416992,-94.41677856445312,28.419519424438477,9.827982425689697,9701.728957681657,9693.518182400507,17966.19324738317,12504.907663740738
val,1621,89,101.48162078857422,-92.05116271972656,22.64414405822754,-93.03861999511719,22.599140167236328,62.593082427978516,4113.09781094689,4111.030363355683,61458.78809373348,75.20833525740063
val,1622,80,197.7813720703125,-94.36559295654297,28.615299224853516,-95.16620635986328,28.881099700927734,7.071777820587158,30836.771177812538,30844.65392126063,24269.0035998892,31577.158709342264
val,1623,80,160.4917449951172,-96.03883361816406,27.622894287109375,-95.72920989990234,27.270389556884766,12.878113746643066,18803.810681566116,18809.040274319665,21338.600498308806,20056.733671545484
val,1624,71,160.91058349609375,-95.28536224365234,28.967559814453125,-94.7558364868164,28.781780242919922,3.3865325450897217,19070.102291222927,19110.935440553832,19801.45069699249,20176.274544458884
val,1625,60,37.589141845703125,-65.61927032470703,18.229259490966797,-65.30307006835938,18.30130958557129,0.0011960439151152968,1623.4851991462524,1587.543893635179,293.82824602639994,2821.6749632398846
val,1626,89,103.03578186035156,-73.84178924560547,38.465431213378906,-74.82615661621094,38.669471740722656,17.880743145942688,7193.229433057462,7201.372866696861,13913.390463887217,11790.729415213387
val,1627,70,33.219478607177734,-88.96466827392578,29.058040618896484,-89.25163269042969,28.934364318847656,11.77217435836792,2203.759643187737,2209.970259381249,6714.820257517833,2757.436954194688
val,1628,70,319.2750244140625,-79.98712158203125,24.341325759887695,-79.27246856689453,27.08987045288086,23.951973915100098,6876.810749084701,6867.744139527473,20584.03020654102,10592.37136706346
val,1629,60,23.30769157409668,-71.51139068603516,41.37957000732422,-71.555908203125,41.174171447753906,0.006353776901960373,308.3688881219577,402.09801722535883,266.9434363677697,240.71372528795587
val,1630,71,63.73351287841797,-122.56954193115234,34.58899688720703,-121.876953125,34.532840728759766,14.357363224029541,549.3022434169958,573.6885748019324,13907.171085632857,58.51004642979507
val,1631,70,75.17513275146484,-93.3244400024414,29.79460906982422,-93.5069808959961,29.152719497680664,3.1935735940933228,1957.5563379421508,2073.2758840895003,2127.29152728968,1838.5793993669663
val,1632,84,64.4735107421875,-65.16033172607422,19.6945858001709,-64.5570068359375,19.579410552978516,17.945881843566895,2466.757461363941,2492.7909469116626,11482.17972359136,75.95196791237832
val,1633,80,75.95108032226562,-93.18096160888672,28.403474807739258,-92.64005279541016,27.930360794067383,7.603571653366089,3063.0089158030833,3074.4964499489934,7775.532616296192,2924.712201050978
val,1634,60,23.37058448791504,-71.51139068603516,41.37957000732422,-71.55693817138672,41.17393112182617,0.005410034267697483,315.7770863447521,431.390852563284,106.00770860502628,211.27701496589268
val,1635,80,200.15997314453125,-66.06439208984375,45.18059539794922,-67.69824981689453,43.96086883544922,34.10345816612244,16240.057561013507,16233.77611622992,32921.267944962405,17565.43552936736
val,1636,80,66.99082946777344,-94.15451049804688,28.693849563598633,-94.6364974975586,28.490230560302734,5.350349307060242,3884.047989737112,3884.178137406405,12871.833551141332,3710.882703336682
val,1637,60,23.35932731628418,-71.55709075927734,41.17399978637695,-71.51139068603516,41.379608154296875,0.00639382004737854,264.73450817800904,346.81896603618725,114.56979265344916,353.904751161401
val,1638,60,23.38628578186035,-71.51138305664062,41.37961959838867,-71.55581665039062,41.174278259277344,0.00860343943350017,319.93475513324734,419.54508406967,179.24651697813036,277.21715312554306
val,1639,80,324.0865783691406,-118.22470092773438,33.77033996582031,-121.25493621826172,34.660919189453125,4.374066472053528,5605.091012910828,5486.239720467551,2204.3780405083976,12845.722378746561
val,1640,66,54.23085403442383,-94.594970703125,28.96799087524414,-94.77874755859375,29.3145694732666,0.7942663923604414,4656.239809969997,4793.909345366091,729.4633923710732,6312.532500659677
val,1641,80,135.4210205078125,-94.42781066894531,27.762550354003906,-93.31880187988281,27.081600189208984,36.5093994140625,3087.6779710549063,3101.0671509170543,33222.73119939752,2645.685153877024
val,1642,70,54.03379440307617,-79.283203125,25.832679748535156,-79.81987762451172,25.788440704345703,3.8025262355804443,419.63453194118205,476.3473878641311,3501.3764626874868,198.4862155948933
val,1643,60,37.575618743896484,-65.61939239501953,18.229150772094727,-65.3031005859375,18.30137062072754,0.0013387521030381322,1416.2038570379896,1394.375241261638,542.3894329107659,2534.1929825099883
val,1644,80,54.00568389892578,-64.7458724975586,17.69584083557129,-64.275146484375,17.69569969177246,6.00540354847908,1399.3838942389752,1423.5258872218983,5420.801528096915,3193.199125527435
val,1645,80,22.455102920532227,-64.37745666503906,18.283905029296875,-64.16692352294922,18.255640029907227,16.94709348678589,2436.8519608814363,2428.7433414709194,19324.04395354366,42.82693374963426
val,1646,70,108.05437469482422,-79.28944396972656,25.92719078063965,-80.07028198242188,26.108299255371094,3.3089218139648438,9970.985079216829,9980.245040684988,10349.560683890837,9560.81704757966
val,1647,60,23.403982162475586,-71.51139831542969,41.37957000732422,-71.55697631835938,41.17393112182617,0.00733840954490006,335.8771232870207,423.4370368685439,57.95193902977673,374.17702144724205
val,1648,79,200.60044860839844,-80.75119018554688,24.63759994506836,-82.66773986816406,24.337810516357422,24.23237705230713,4990.58872373646,4983.845208033658,23406.935559679878,8098.334572715281
val,1649,82,107.7570571899414,-95.308349609375,28.94434928894043,-94.42996215820312,28.51474952697754,9.007922440767288,8321.099484988867,8345.720649640753,59275.304526546664,10548.019774825425
val,1650,60,35.324127197265625,-94.59874725341797,29.15884017944336,-94.80267333984375,29.312259674072266,1.4153477251529694,4786.209112023033,5014.76385818058,907.7519201019297,5426.224364687917
val,1651,79,94.0517807006836,-78.90376281738281,32.61753463745117,-77.96288299560547,32.90367126464844,17.696229934692383,2402.3785199414633,2389.0423989216056,24309.441106671526,2321.125516273879
val,1652,60,53.03617477416992,-80.128173828125,29.22545051574707,-80.33236694335938,29.667579650878906,4.8412163853645325,1082.2780814292244,1101.6438491569977,4161.470888959522,262.34997439114903
val,1653,60,23.431541442871094,-71.51136016845703,41.37957000732422,-71.55696105957031,41.17388916015625,0.0039238056051544845,320.3475993036405,428.0471731864567,173.81492250564744,210.11735237329393
val,1654,70,179.0078887939453,-94.76335906982422,27.83523941040039,-94.78289794921875,29.319610595703125,20.84069514274597,5252.3361333026,5279.516017917716,21503.501781611165,7786.828751940722
val,1655,74,130.92813110351562,-80.15080261230469,25.766000747680664,-79.60768127441406,24.9625301361084,8.41454891115427,10230.136843117443,10244.807240423843,9007.952178483542,19493.290160833716
val,1656,70,301.1285400390625,-78.5829086303711,31.582019805908203,-81.17955017089844,30.951549530029297,67.67194366455078,22954.92929600941,22945.235305715258,66323.81756733678,22723.331048056476
val,1657,60,23.920637130737305,-71.51138305664062,41.379600524902344,-71.55693054199219,41.17388916015625,0.006464374717324972,356.16163073153257,470.6959639268593,319.1261218269909,486.4464431298001
val,1658,60,97.29938507080078,-87.65087127685547,44.091129302978516,-86.4524917602539,43.949440002441406,70.0816421508789,1419.3195132229378,1456.5343645719881,59793.52064283606,405.71287193535363
val,1659,60,55.76625442504883,-64.92851257324219,18.324819564819336,-64.73673248291016,17.858129501342773,12.054604768753052,2619.098376571795,2645.753160805014,9861.435466721101,37.979698209727935
val,1660,66,84.5439224243164,-94.14803314208984,28.873619079589844,-94.77874755859375,29.31446075439453,6.584952626377344,3379.397117987768,3483.649302600349,6163.220843585216,4474.159530575468
val,1661,89,30.2500057220459,-94.40714263916016,28.01288414001465,-94.42140197753906,27.741260528564453,29.250521659851074,1664.401114986623,1637.1362857515971,18003.152580110673,191.742736023675
val,1662,70,23.200489044189453,-75.88347625732422,36.81365966796875,-75.64656829833984,36.80788040161133,10.647852897644043,1180.2899596869802,1251.425927862018,8843.867209852142,2302.6519169823077
val,1663,80,117.18364715576172,-93.67949676513672,29.368005752563477,-94.2386703491211,28.622209548950195,6.164719820022583,7341.212535876922,7346.179681076575,11449.817340374533,15796.187928607416
val,1664,60,435.2011413574219,-118.29112243652344,31.581260681152344,-121.10677337646484,28.891490936279297,153.9536361694336,10231.67008870087,10215.705280755472,102878.79257422677,17331.240936804417
val,1665,70,22.610919952392578,-75.6453628540039,36.80712127685547,-75.88849639892578,36.815189361572266,5.312190890312195,1104.5584302311786,1154.4040352737866,4571.292499225948,1682.6481647149687
val,1666,80,150.13638305664062,-82.12398529052734,23.754865646362305,-80.73108673095703,24.109800338745117,12.638599395751953,2858.9987999228424,2878.634126456726,10150.20352588707,8075.450136330208
val,1667,60,23.66493797302246,-71.51136016845703,41.37958908081055,-71.55693054199219,41.17387008666992,0.004365867003798485,529.3231311916181,626.6175229614308,442.1234614794615,339.7867870309765
val,1668,60,52.576900482177734,-94.39311218261719,29.134479522705078,-93.94457244873047,28.87228012084961,8.838985681533813,1038.2290030090587,1058.1098828352845,4821.013581104979,325.45686684593323
val,1669,80,90.82879638671875,-92.8614273071289,28.210189819335938,-93.6144027709961,28.682050704956055,10.5443434715271,1704.2829083534689,1721.7282604463203,10457.13318813163,445.73878661499145
val,1670,70,55.72243881225586,-111.59278869628906,23.068635940551758,-112.0312728881836,23.3664493560791,6.31709098815918,1318.9099250221352,1328.7775650105382,6246.724941936577,185.67737482172635
val,1671,77,129.58151245117188,-119.698486328125,34.19334030151367,-120.89994049072266,34.680938720703125,16.100619077682495,6233.974041287384,6247.66266856302,7670.646249607574,8746.401786662724
val,1672,71,252.49560546875,-80.5997085571289,24.652170181274414,-80.00447082519531,26.685850143432617,19.900729179382324,7737.150754645789,7745.959662592288,11263.920853320282,24539.468181659468
val,1673,70,57.77549362182617,-88.95588684082031,29.063459396362305,-89.43022155761719,28.901960372924805,7.90918356180191,4070.9487544748004,4077.6070517023813,9572.511138966169,5286.612583149312
val,1674,84,93.47044372558594,-93.2760009765625,28.683319091796875,-93.62187194824219,29.39413070678711,31.644540309906006,7067.349929543111,7079.306199846264,39581.839154376255,7762.050971442537
val,1675,80,109.71937561035156,-79.74385070800781,24.75507926940918,-79.583740234375,25.71994972229004,8.75297498703003,1176.067692074605,1191.5812810956959,9868.134908774528,3137.950821042047
val,1676,80,353.0859680175781,-65.80693817138672,20.302330017089844,-68.22773742675781,18.2155704498291,41.97440814971924,14506.398413540164,14513.414026400007,27028.04794195188,19314.028120050985
val,1677,60,68.2070541381836,-94.79132080078125,29.310409545898438,-94.56210327148438,28.843669891357422,1.9589715600013733,5071.894550004916,5149.247430863921,2185.4862602812873,7922.676962498628
val,1678,70,162.04505920410156,-115.54444122314453,25.85077476501465,-114.35466003417969,24.867490768432617,24.820719718933105,2485.808845330347,2494.6197984835667,15475.995996074942,156.718120800201
val,1679,60,23.514118194580078,-71.51139068603516,41.37955856323242,-71.55693054199219,41.17388916015625,0.0057056068908423185,431.5633875143339,522.9340599736103,320.09103621581016,326.62293343873006
val,1680,60,38.050132751464844,-65.61934661865234,18.2291202545166,-65.30306243896484,18.30130958557129,0.0017438941285945475,1771.8579424753727,1737.900303645791,233.02940581300578,2954.9745119838776
val,1681,60,23.3813419342041,-71.51139068603516,41.379581451416016,-71.55696105957031,41.17390060424805,0.005953447660431266,316.8444935091711,420.33166319005403,170.4668598415496,212.63569614121076
val,1682,70,54.13508605957031,-80.40815734863281,30.460039138793945,-80.22940063476562,29.998430252075195,16.98993730545044,2158.112989836037,2184.39066197824,15603.67272031877,111.91024025575868
val,1683,70,544.4668579101562,-117.07452392578125,25.469385147094727,-112.51837158203125,23.049169540405273,51.985708236694336,26724.313688786755,26720.683509312137,42004.13679586124,26130.696226052536
val,1684,80,135.87452697753906,-79.81578826904297,23.211345672607422,-78.59577178955078,22.732070922851562,41.17884063720703,2978.487483263574,2981.2193843778314,31969.121353685376,573.4604536626368
val,1685,80,75.34983825683594,-94.407958984375,28.592439651489258,-94.57317352294922,29.200519561767578,4.796865880489349,3165.69776140015,3187.2756129970944,5413.820891113157,4585.137439992017
val,1686,80,95.57323455810547,-80.6113510131836,28.41455078125,-79.75578308105469,28.018529891967773,2.8814206141978502,2718.916810095329,2774.81315205397,3198.4598107381053,1019.396140059709
val,1687,80,94.17339324951172,-94.57025146484375,29.257339477539062,-94.06208801269531,28.755090713500977,8.423029661178589,9980.10215239323,9971.841722841848,10318.567938411914,10174.895855963448
val,1688,60,23.455875396728516,-71.51136779785156,41.37958908081055,-71.55706024169922,41.173988342285156,0.0067198562901467085,439.79056599199805,520.5595550942718,37.41366950429409,498.67015203919254
val,1689,70,58.07121658325195,-92.21240234375,29.102399826049805,-92.30477142333984,29.553930282592773,5.227601874619722,6149.700628404251,6220.823606962851,5233.982295114992,6668.116575702701
val,1690,60,38.10599136352539,-65.6193618774414,18.229129791259766,-65.30306243896484,18.30129051208496,0.0007212174241431057,2098.6336749887714,2066.077210409028,414.7436930715377,3292.434604356451
val,1691,60,37.38784408569336,-65.61934661865234,18.229150772094727,-65.30304718017578,18.301319122314453,0.001290680025704205,1277.3567785316654,1265.5120645129264,634.5028302879933,2365.2313006170784
val,1692,70,80.64759063720703,-89.45452880859375,28.83342933654785,-90.26387786865234,28.896970748901367,7.3372276574373245,4678.283537094141,4672.157474171102,4559.485187719279,2848.0934868181575
val,1693,70,743.0721435546875,-84.3541488647461,46.50284957885742,-87.14766693115234,41.63972091674805,0.008653798373416066,33541.176919311896,33228.24219563959,6836.679482513419,86081.72370631677
val,1694,70,35.47011947631836,-92.47383880615234,27.82373046875,-92.72479248046875,28.046600341796875,8.562995433807373,1051.1409658562163,1080.9113487013203,8428.684156024858,1457.369677783369
val,1695,80,1336.83935546875,-115.2009048461914,26.63619041442871,-116.31495666503906,28.013729095458984,34.99305820465088,332483.2638904078,332484.4497941543,355808.3446381408,330229.63192356715
val,1696,66,28.838138580322266,-94.59615325927734,29.199739456176758,-94.77874755859375,29.31447982788086,0.5266122743487358,3542.539659675723,3749.1824315045446,320.6443389393845,4279.435853268223
val,1697,70,177.04542541503906,-79.42158508300781,31.229520797729492,-79.29341888427734,29.64134979248047,57.092390060424805,2163.7548980475085,2170.0402992519466,54125.33298609442,134.44530210961918
val,1698,80,274.5610656738281,-67.88971710205078,18.49676513671875,-66.75567626953125,16.414670944213867,27.08973503112793,6624.235772866208,6617.302580345002,35477.559384379965,14757.308888907766
val,1699,70,110.43397521972656,-73.3320083618164,36.192665100097656,-74.40746307373047,36.6584587097168,62.11005973815918,3621.3870559408424,3630.342469042617,33261.50487522928,3548.716369528148
val,1700,60,38.88059616088867,-65.61936950683594,18.229129791259766,-65.30307006835938,18.30130958557129,0.00036068365443497896,1521.7639430009551,1474.4337685595278,613.2342154764386,2480.3834370983004
val,1701,80,107.37626647949219,-118.16275787353516,33.72822189331055,-119.13005065917969,34.0130500793457,5.246210336685181,3272.7076326332085,3257.97716923187,2859.0824357715546,9030.810760241046
val,1702,71,246.0166778564453,-122.48601531982422,35.96092987060547,-124.0466537475586,37.76884078979492,68.89280700683594,6785.627214370883,6786.033595304978,54786.15038121664,5037.147567309894
val,1703,71,82.68433380126953,-80.13672637939453,31.982059478759766,-80.02189636230469,31.750530242919922,11.786499500274658,9656.052772558425,9659.392726329894,12508.319910620428,9534.501339553315
val,1704,80,97.55562591552734,-114.32476806640625,26.22141456604004,-113.7470474243164,25.514909744262695,22.251407623291016,1853.8955796592686,1874.7221181664288,18736.768631054132,299.1086311294308
val,1705,70,38.37249755859375,-80.44404602050781,29.298585891723633,-80.44145202636719,29.64365005493164,19.753304481506348,1285.8194886776707,1360.962056869419,19099.21712118851,99.30048011067801
val,1706,80,58.88227462768555,-94.65245056152344,28.643049240112305,-94.57141876220703,29.118000030517578,4.4758827686309814,3021.5449604901837,3012.9211672333972,4325.8145330536,1610.735681403611
val,1707,60,23.418277740478516,-71.51136016845703,41.37958908081055,-71.5569076538086,41.173919677734375,0.004468461847864091,359.6647765453426,445.7336371300973,177.01830392117733,360.19684680424035
val,1708,80,145.11611938476562,-94.33846282958984,28.584590911865234,-93.68824005126953,29.353309631347656,4.420710563659668,13448.46479408255,13431.524283967177,10632.468447081153,18622.06496227781
val,1709,60,24.305299758911133,-118.22342681884766,33.731040954589844,-118.05103302001953,33.60594940185547,2.0172464698553085,3551.954358118036,3566.599621223549,2963.010901487431,2783.6185880691214
val,1710,60,43.467308044433594,-85.74707794189453,30.148439407348633,-86.0447998046875,29.918209075927734,6.066490635275841,2842.4100732407182,2895.1908263162427,6345.3940305744945,3265.866653340907
val,1711,60,37.7049446105957,-65.61940002441406,18.229089736938477,-65.30307006835938,18.30129051208496,0.0015554925776086748,1622.982880929096,1584.1460389292379,290.75281044153587,2810.337757957404
val,1712,71,371.81048583984375,-118.27561950683594,33.75429916381836,-116.94776916503906,30.61263084411621,11.996358633041382,2428.404879301395,2470.398878056999,9574.126057877314,1375.4666958789612
val,1713,60,23.541934967041016,-71.55693817138672,41.17388916015625,-71.51136016845703,41.379581451416016,0.005111701088026166,429.24671677495434,487.56527909647116,152.14500386089745,495.42439305958396
val,1714,71,310.64398193359375,-75.5843734741211,36.71350860595703,-74.87767791748047,34.43136978149414,28.412225246429443,24694.802133866826,24704.46289328916,43675.71952388233,29644.751491677744
val,1715,70,133.90504455566406,-80.1507568359375,25.76593017578125,-78.93879699707031,26.207490921020508,3.908520072698593,3943.1982736602936,3959.4228014517616,4514.775288435335,3636.4566225537847
val,1716,80,68.42241668701172,-94.18952178955078,28.73373031616211,-94.68991088867188,28.553569793701172,4.814964950084686,3995.0877109583753,4020.0150570227324,21999.461186289547,3378.914234819073
val,1717,70,83.91769409179688,-124.35735321044922,38.19699478149414,-124.04367065429688,37.4846305847168,16.16883420944214,1222.1403807652944,1252.634672069282,11590.893211795314,475.7357621720482
val,1718,60,23.459243774414062,-71.51136779785156,41.37957000732422,-71.55709838867188,41.173988342285156,0.004807480494491756,432.7945583428243,519.7571896441649,48.267798662812275,509.3352862934155
val,1719,79,138.7460479736328,-87.33302307128906,25.954750061035156,-88.05072784423828,27.023839950561523,49.29019069671631,5873.062377746258,5865.250844725875,30812.788580052387,275.41596107841235
val,1720,60,23.43674087524414,-71.51139068603516,41.37958908081055,-71.55687713623047,41.17399978637695,0.00972497696056962,355.4662830932945,475.81105959982165,220.78944110121256,251.2231332701431
val,1721,79,86.67631530761719,-95.33114624023438,28.94175910949707,-94.93572235107422,28.298870086669922,12.262293666601181,4589.638618505036,4704.2666039609885,9883.414235773966,4231.626637250028
val,1722,69,167.55609130859375,-65.97859954833984,18.951385498046875,-67.28748321533203,19.81447982788086,34.07755947113037,1168.6667378584793,1198.8933158505229,34052.0241240511,220.43941384061705
val,1723,80,90.23126983642578,-66.66791534423828,44.385780334472656,-66.8013916015625,43.69377899169922,18.60830068588257,8265.74619322586,8280.66350806322,10396.536786799486,11438.43085930725
val,1724,60,23.376222610473633,-71.55696868896484,41.17388153076172,-71.51139068603516,41.379581451416016,0.003973500337451696,309.5826784381928,376.9092053828592,184.93103041882202,361.0020907035705
val,1725,60,66.09149169921875,-90.18128967285156,29.050809860229492,-89.51480865478516,28.97126007080078,1.0061964988708496,1763.6717696470719,1784.4807867895724,1267.759272049032,1139.7380656923333
val,1726,70,85.39800262451172,-79.45655822753906,25.628925323486328,-79.37165069580078,26.39126968383789,13.082619845867157,1011.0331761546622,1047.0861938845455,12945.513865910634,765.9509043205907
val,1727,60,52.733131408691406,-85.22840881347656,45.643699645996094,-84.74720001220703,45.81425857543945,19.801205158233643,6059.660813179336,6022.151352334422,18948.769661397757,7004.052380015962
val,1728,80,47.53346252441406,-94.21267700195312,28.662050247192383,-94.51554870605469,28.68025016784668,3.4366647005081177,3583.972766192608,3598.542089007066,23875.10333935313,3991.23118372487
val,1729,70,624.898193359375,-84.35040283203125,46.50307846069336,-91.98040771484375,46.748870849609375,0.4600577838718891,12062.9451232478,12097.575549034851,1469.0963090076928,51850.117086325175
val,1730,82,160.2858428955078,-94.43547821044922,29.11567497253418,-94.40872192382812,27.96221923828125,18.262288570404053,16057.641575460175,16056.27702203354,16444.28676607067,14144.19193414535
val,1731,80,64.00499725341797,-79.60811614990234,24.80756950378418,-79.51097106933594,25.376190185546875,7.4305402636528015,2227.9071731882896,2228.942575500083,7443.237426868186,227.52014647328284
val,1732,71,59.5551643371582,-80.05198669433594,26.76789093017578,-79.46218872070312,26.741310119628906,0.24213377572596073,1233.5872453256015,1297.900419904805,943.1743795596301,1006.4134260519127
val,1733,70,151.70382690429688,-80.0084228515625,25.68255043029785,-80.71987915039062,24.590579986572266,8.707434892654419,2970.965505537676,2982.758936386465,8858.813248703049,14979.91961400552
val,1734,70,77.17283630371094,-90.1998291015625,28.968420028686523,-89.56169891357422,28.832130432128906,7.20063853263855,7960.503964155922,7944.01850740602,12076.911055828969,9429.237061652804
val,1735,60,37.82733917236328,-65.6193618774414,18.2291202545166,-65.30306243896484,18.30130958557129,0.0011488812742754817,1793.2333667710282,1756.4527388411052,106.58288721884706,2982.0576549789207
val,1736,79,1205.41845703125,-118.78663635253906,33.8482551574707,-124.74600219726562,42.59156036376953,100.25530624389648,34269.130289747576,32702.40139605049,99491.58849565822,129163.98506615806
val,1737,66,30.798583984375,-94.77874755859375,29.3145694732666,-94.66133117675781,29.166269302368164,1.2373985350131989,4478.871199557075,4626.234362838177,1847.2246298971177,5275.3212506593145
val,1738,60,23.36870002746582,-71.55709075927734,41.17396926879883,-71.51142120361328,41.379608154296875,0.005659404909238219,384.1449630251065,436.3824895400803,82.64949130415557,446.84661634954904
val,1739,60,23.528087615966797,-71.55706024169922,41.1739616394043,-71.51136016845703,41.379600524902344,0.005871023051440716,292.46534995923076,368.8969052473995,142.21665536069153,348.91780175210147
val,1740,60,23.478654861450195,-71.51139068603516,41.379581451416016,-71.55692291259766,41.17388916015625,0.006384661654010415,451.48127491141275,564.7383595952573,405.3567770259052,318.4859927600902
val,1741,66,42.88887405395508,-94.72650146484375,29.047529220581055,-94.77874755859375,29.314550399780273,0.7523259297013283,4792.442441295423,4935.549363384154,486.9969528481057,6567.386046603474
val,1742,70,353.10809326171875,-118.2209701538086,33.75077819824219,-121.67626953125,34.393028259277344,9.202745914459229,16645.817150826475,16757.76950003631,3136.747071960338,15691.531892503619
val,1743,70,63.059242248535156,-80.11546325683594,26.065710067749023,-79.51571655273438,26.09650993347168,1.1085862517356873,1072.2309218449022,1116.9965502908224,2266.8324149213763,1844.1301033072386
val,1744,71,261.1871032714844,-79.65868377685547,32.65074157714844,-79.26551818847656,30.39920997619629,37.23745918273926,4764.815413892596,4769.179726223097,30416.092239998638,9684.786311615433
val,1745,71,160.502685546875,-122.49529266357422,36.86880874633789,-122.39617919921875,36.695438385009766,28.28768825531006,20724.113867272514,20732.527058602314,41285.43494911461,20977.857645730124
val,1746,60,130.78271484375,-94.79476928710938,29.309560775756836,-93.71058654785156,28.71150016784668,5.702871084213257,5521.626154787389,5564.1436922237535,4394.698062460991,4532.440370346252
val,1747,74,94.03292083740234,-73.11412811279297,40.38258361816406,-72.00540161132812,40.3922004699707,14.777550220489502,3141.8904743124544,3133.928873317996,13403.850666172382,940.8011446157705
val,1748,69,40.329322814941406,-118.60148620605469,33.00946044921875,-118.93720245361328,33.00040817260742,16.821236610412598,3628.4771774395103,3630.5549674764356,14859.93814911806,3300.5815179580522
val,1749,60,37.38850784301758,-65.61929321289062,18.229299545288086,-65.30309295654297,18.301319122314453,0.0012909792130813003,1341.3370994630206,1318.886052517263,395.17036614175,2479.364084808771
val,1750,60,38.09370803833008,-65.30306243896484,18.301359176635742,-65.61971282958984,18.22981071472168,0.0050569260492920876,2150.08153875822,2119.5193967219197,135.6184502932422,3105.7222894570773
val,1751,60,23.367141723632812,-71.55696868896484,41.17388916015625,-71.51146697998047,41.37955093383789,0.007970484672114253,374.0641276496416,442.31279584908174,77.1313215234737,514.0838068759558
val,1752,80,145.16168212890625,-95.82416534423828,28.33037567138672,-94.64108276367188,28.366579055786133,15.04231595993042,19872.606516952466,19863.95154760443,13014.62171534814,20822.82150087705
val,1753,89,189.02981567382812,-75.93212127685547,36.91201400756836,-74.12416076660156,36.17045974731445,7.381690263748169,5168.857584037299,5183.426435321995,9558.572182452708,6936.205123136808
val,1754,60,44.666019439697266,-89.97270202636719,29.25428009033203,-90.02671813964844,28.933029174804688,0.5623036473989487,4601.932033192048,4667.840509692612,5637.530948390647,4289.324401212106
val,1755,80,50.29065704345703,-62.956329345703125,43.43790817260742,-63.57666015625,43.39931869506836,31.33033275604248,1793.0743729550036,1836.3784033068362,26192.08705424907,97.94021146749648
val,1756,80,188.5094451904297,-79.6120834350586,24.883085250854492,-79.15373992919922,26.37557029724121,12.674924850463867,17588.85634557826,17583.053719021464,13249.21686780227,18779.264541192228
val,1757,80,21.292978286743164,-79.28357696533203,26.986539840698242,-79.23209381103516,26.800750732421875,8.23449856042862,1089.752451181905,1119.4609107430592,7480.277540721817,65.3508015146334
val,1758,80,532.7802124023438,-122.98967742919922,36.78163528442383,-121.3041000366211,32.231239318847656,94.33298110961914,17581.83320078221,17592.142041478193,73734.02050713864,8725.293259570071
val,1759,80,85.733642578125,-94.41429138183594,28.641645431518555,-94.54685974121094,29.33003044128418,3.295508623123169,4753.561683918802,4765.319112311373,2634.3884486956154,5614.459925280979
val,1760,82,107.72636413574219,-120.1926498413086,32.755130767822266,-119.23570251464844,32.23501968383789,14.973125696182251,3182.2649018586517,3193.3495765610164,10115.579979399265,3247.6995860244915
val,1761,60,23.461040496826172,-71.55693817138672,41.17388916015625,-71.51136016845703,41.37957000732422,0.00538288801908493,431.78023967393966,494.5338996325438,363.7872035725633,567.405405777121
val,1762,80,70.67609405517578,-94.72927856445312,29.349409103393555,-94.45832061767578,29.04684066772461,3.0232314467430115,8914.707413055727,8910.692591570978,7526.9526474978975,9494.78345919868
val,1763,60,23.259517669677734,-71.51138305664062,41.379581451416016,-71.55567932128906,41.17481994628906,0.01137022697366774,231.8295258950512,342.70785678695347,296.0996222892927,299.2578481599419
val,1764,80,160.64486694335938,-95.3569564819336,27.692319869995117,-96.83441925048828,27.816320419311523,10.522825121879578,11772.756507220209,11778.987919014118,9257.799937081725,13967.794575142962
val,1765,60,152.77162170410156,-117.22759246826172,32.66196823120117,-116.83792114257812,31.329870223999023,9.583127617835999,2887.76088873165,2900.6978616053952,8054.934061549007,1677.1782429407385
val,1766,80,53.06647872924805,-116.66323852539062,28.83917999267578,-116.99291229248047,29.21940040588379,20.856046199798584,1662.0009431675458,1659.937393404893,20941.970226555575,100.33863407697675
val,1767,60,37.993587493896484,-65.30309295654297,18.30130958557129,-65.61911010742188,18.228519439697266,0.03403066471219063,2005.4576144768398,1997.4567327325162,279.7991530994595,2943.943721170558
val,1768,70,245.961669921875,-80.11518096923828,26.07131004333496,-80.77320098876953,24.2786808013916,9.025634527206421,9139.368570657325,9164.991302145076,6608.451076134553,29660.628640969342
val,1769,80,97.4906005859375,-94.7168197631836,29.052980422973633,-94.41488647460938,28.253929138183594,2.747414082288742,3060.2447984664977,3062.4957910670246,6207.187395104528,5024.730690970742
val,1770,66,42.785057067871094,-94.53093719482422,29.114320755004883,-94.77876281738281,29.314619064331055,0.3554451107047498,3661.1359570063823,3769.785986937924,832.430117084198,4663.609678633936
val,1771,60,37.82817840576172,-65.61927032470703,18.229249954223633,-65.30307006835938,18.301319122314453,0.0010348073556087911,1896.8876694769444,1854.7848083556958,342.73000931638353,3094.883249339263
val,1772,70,343.5231628417969,-83.00865936279297,41.89508819580078,-79.24790954589844,42.89255142211914,6.061826139688492,5823.922881008837,5847.949073437256,5931.172869001969,22852.036801282942
val,1773,70,79.0851821899414,-116.26190185546875,28.49118423461914,-116.75907897949219,29.05282974243164,32.65740489959717,1994.454397569625,2006.5242577206207,31270.554088745932,306.9101157778157
val,1774,80,251.1271209716797,-118.13321685791016,33.7061882019043,-119.52877807617188,32.52574920654297,8.45338249206543,23100.717161129665,23115.75592025777,27434.88528025159,41112.47049266314
val,1775,60,23.438413619995117,-71.55695343017578,41.17388153076172,-71.51139831542969,41.379520416259766,0.005052702152170241,455.5742181652318,504.3130912123608,259.1667943051257,472.0909466430808
val,1776,60,58.38947677612305,-89.5009536743164,28.970619201660156,-90.09269714355469,29.046979904174805,1.084372267127037,1449.4547813160552,1474.2146235194232,1041.7697875123708,307.60737601622003
val,1777,81,90.653564453125,-95.31844329833984,28.938880920410156,-94.6700210571289,29.081729888916016,12.230625748634338,12381.1209116969,12433.394000387858,19276.160665864212,14459.008018599363
val,1778,70,203.24269104003906,-74.91828155517578,37.029666900634766,-73.59671020507812,36.95640182495117,18.760211944580078,23401.535499965044,23398.459511257704,24627.150696919925,23202.603800932848
val,1779,70,269.2715148925781,-80.47821807861328,24.778125762939453,-82.99665832519531,24.245800018310547,21.076924800872803,4395.531156046752,4400.636674183736,21112.50899380849,16172.13649627886
val,1780,60,38.214908599853516,-65.30306243896484,18.301300048828125,-65.61981964111328,18.228010177612305,0.0040818804409354925,2129.8107472102092,2139.733102283263,350.4797168173374,3033.0836632570677
val,1781,74,278.4207763671875,-81.05460357666016,30.384735107421875,-78.98567962646484,31.90060043334961,46.589144706726074,15742.9822542537,15734.261552167649,38774.191606563734,26426.186413347234
val,1782,82,104.18333435058594,-93.79654693603516,29.59197998046875,-94.53038787841797,29.298240661621094,5.254441022872925,7322.163981003357,7329.684504105177,2689.5537815745597,11875.506700547738
val,1783,80,27.621200561523438,-94.78832244873047,29.3128604888916,-94.56864929199219,29.33039093017578,1.4911973774433136,2393.5604047651514,2658.469834502318,1215.767104299339,2255.8592494568347
val,1784,71,229.79660034179688,-94.75576782226562,28.780860900878906,-96.32328033447266,27.740760803222656,9.952325344085693,16175.24301074138,16169.468354398734,16447.66051945676,16649.39833487773
val,1785,60,31.000951766967773,-88.03186798095703,30.307559967041016,-88.12236785888672,30.534019470214844,0.9138565361499786,3152.006651297838,3409.154167967157,979.9412819324233,4101.015401618348
val,1786,60,23.397497177124023,-71.51138305664062,41.379581451416016,-71.5557632446289,41.174461364746094,0.006705579347908497,301.2440026122399,396.32883638624173,185.91176115306902,305.89657788261684
val,1787,70,715.0055541992188,-84.35101318359375,46.50305938720703,-87.44239807128906,41.66688919067383,0.11420684680342674,38355.50521863974,38000.27658008863,1864.2503212661888,68395.99738447848
val,1788,70,66.88581085205078,-81.72701263427734,43.74578857421875,-81.8272933959961,44.254459381103516,26.822753805667162,12297.769487797084,11789.072160177415,19060.076011713812,8580.792716806958
val,1789,60,26.761096954345703,-118.26502990722656,33.7310791015625,-118.02642822265625,33.60757827758789,0.7365988492965698,744.2297380259022,780.4980855444761,843.1410959979995,421.3462710725386
val,1790,60,128.4086151123047,-82.83673095703125,27.606630325317383,-83.38269805908203,26.620960235595703,4.957398444414139,4722.040747353853,4739.08385028915,6783.397247390756,7164.342819001457
val,1791,70,240.79441833496094,-66.67365264892578,43.20577621459961,-66.0383529663086,45.133819580078125,32.05049133300781,11460.118296695302,11454.560013522056,29773.518808442786,15086.640246288696
val,1792,80,153.99256896972656,-80.12220764160156,26.093490600585938,-79.5687484741211,24.993989944458008,4.750268369913101,5391.1098446693495,5437.07541415482,5114.136402568571,18980.037143167137
val,1793,80,73.5968246459961,-94.59266662597656,29.099380493164062,-94.42376708984375,28.51902961730957,3.409419894218445,4696.549374406876,4710.361675973115,17638.539537441928,7035.523117935959
val,1794,66,28.210708618164062,-94.51278686523438,29.320980072021484,-94.77873229980469,29.314550399780273,0.10579453781247139,1775.8204031807195,1948.00091207173,144.60546072921917,1560.4703354229944
val,1795,60,23.393606185913086,-71.51136016845703,41.37955856323242,-71.55693054199219,41.17382049560547,0.003787445602938533,352.5618243807995,457.86852891843597,232.03446626746404,236.95332756676052
val,1796,66,30.41505241394043,-94.50868225097656,29.260940551757812,-94.77874755859375,29.314559936523438,0.14280790463089943,2656.686765830515,2815.5150975972224,184.72558963286258,2670.6789503492705
val,1797,60,334.33880615234375,-79.80437469482422,25.653249740600586,-80.61031341552734,28.40873908996582,11.449215412139893,7505.43743576722,7525.746682554189,11429.512431159954,27613.315677955005
val,1798,70,115.8840103149414,-95.27297973632812,28.872339248657227,-94.80406188964844,29.31205940246582,9.612320899963379,8003.291725813949,8121.61375837611,21250.017113976224,11909.201018896
val,1799,66,50.940494537353516,-94.77877044677734,29.314510345458984,-94.69834899902344,28.975170135498047,0.9299690034240484,4816.919577102947,4915.818966029772,1079.918627774988,6720.042750089533
val,1800,60,97.2989730834961,-86.45213317871094,43.94947814941406,-87.65054321289062,44.091270446777344,59.23516654968262,1471.3648827625182,1500.473053396638,45202.40815858297,813.7474272707279
val,1801,60,23.411334991455078,-71.55693817138672,41.17390060424805,-71.51139831542969,41.37961959838867,0.005761011387221515,340.7777455419647,407.085614046376,219.6320578650572,341.6241281926525
val,1802,80,131.24343872070312,-94.7702407836914,29.342729568481445,-94.42529296875,28.330490112304688,1.093892753124237,7005.9396394235855,7001.60705580433,821.776005785481,13743.113828133835
val,1803,80,69.9844741821289,-94.65303802490234,29.2235107421875,-94.42040252685547,28.717519760131836,1.5810036659240723,4784.07740622758,4784.662552451227,996.423473284649,8671.388591273331
val,1804,80,105.83763885498047,-96.87843322753906,27.855850219726562,-95.97563171386719,27.604249954223633,6.860581159591675,12156.67770677025,12151.759670479016,4772.035120888158,12551.630231153611
val,1805,60,225.11595153808594,-117.23541259765625,32.69449996948242,-118.62571716308594,33.049320220947266,3.461558546870947,29157.770800355847,29194.270017558432,26265.671081905333,28747.673446529843
val,1806,60,23.362390518188477,-71.51138305664062,41.37957000732422,-71.55680847167969,41.17407989501953,0.009643623838201165,306.936009859387,412.4695433826817,295.71531035487726,186.68797383229685
val,1807,80,223.5133056640625,-78.77748107910156,26.504009246826172,-79.55404663085938,24.889570236206055,6.660078763961792,14498.653941178247,14484.699571325753,6037.475583756239,24951.884785988797
val,1808,60,376.8318176269531,-74.76750183105469,35.609249114990234,-76.41649627685547,38.523170471191406,28.380017280578613,14679.125899432098,14664.061842933437,21029.1707872983,15667.724042173488
val,1809,60,127.29341125488281,-79.23037719726562,25.410205841064453,-80.16654205322266,25.775630950927734,19.147634148597717,14808.844915858377,14843.817363714335,19029.68904429168,10154.102518336864
val,1810,60,23.786113739013672,-71.55706787109375,41.17396926879883,-71.5113525390625,41.379581451416016,0.0046686280984431505,920.9782605865921,963.3239017135618,677.504377835684,1060.1140118833268
val,1811,70,121.69906616210938,-118.20745849609375,33.743141174316406,-117.73918151855469,32.75733184814453,3.0096765756607056,5328.150001847068,5342.5263051821,2625.107457841299,5359.191479183407
val,1812,70,271.1107177734375,-118.57402801513672,27.95186424255371,-120.78397369384766,29.428930282592773,42.87687301635742,1663.9399259719244,1671.8260607115312,41131.99558865626,500.2357883329529
val,1813,70,113.3625717163086,-75.1144027709961,36.791526794433594,-75.54505920410156,36.78575897216797,14.373690605163574,22372.48566539666,22411.705607860677,14865.350968782934,23981.16833325537
val,1814,60,23.40224266052246,-71.51143646240234,41.37955093383789,-71.55695343017578,41.17390060424805,0.006987347034737468,314.66919752661806,429.03567169066275,260.8358544291708,238.1668681548539
val,1815,60,37.69873046875,-65.3031005859375,18.30133056640625,-65.61940002441406,18.22916030883789,0.0015833552170079201,1997.7501623606831,1972.7861457415602,191.13824142990543,2977.7512124683626
val,1816,60,23.418254852294922,-71.55713653564453,41.173988342285156,-71.51142883300781,41.37958908081055,0.00638302625156939,340.35301816001515,419.59840142922457,417.6463356711719,291.192958446732
val,1817,70,31.999507904052734,-89.81143188476562,28.743860244750977,-89.50347900390625,28.660280227661133,3.4111385345458984,2059.5952139834844,2054.690341727858,3721.2958955144677,1141.1745802549462
val,1818,70,160.02432250976562,-121.34597778320312,29.897375106811523,-122.59559631347656,30.847469329833984,31.953485012054443,2991.2340686725925,2997.6414148501167,24309.853144322475,2254.2477516503727
val,1819,70,68.70782470703125,-118.2568588256836,33.729610443115234,-118.81893157958984,33.8679313659668,5.787479400634766,5049.028797149092,4986.084901249443,6859.125723038756,8077.083692078503
val,1820,60,97.53878021240234,-87.65099334716797,44.09114074707031,-86.45205688476562,43.949249267578125,70.0968017578125,1399.2999682254754,1440.0878404713665,59393.46933339974,680.8580738611766
val,1821,80,61.19361877441406,-94.69049835205078,29.085979461669922,-94.5246810913086,29.323570251464844,1.5382662415504456,9276.793350465929,9280.455258592145,10992.307019686677,11160.099795313034
val,1822,70,50.02562713623047,-89.42430877685547,28.777935028076172,-89.17466735839844,28.38751983642578,6.590890645980835,1379.8923174114582,1399.811784334487,6455.3956743257995,1065.7271720308634
val,1823,60,133.19451904296875,-118.9757308959961,32.864585876464844,-118.2635269165039,33.73440170288086,12.507289171218872,11536.46523740528,11499.438428863365,18644.24379251665,8293.258420883789
val,1824,80,108.6365966796875,-61.98030090332031,18.09827995300293,-62.846248626708984,17.635059356689453,67.48138427734375,3909.9964980685418,3921.4465526887093,54023.07763377954,5882.2805241828655
val,1825,60,23.457412719726562,-71.51139831542969,41.379581451416016,-71.55695343017578,41.17388916015625,0.0058134812861680984,330.42400000035576,421.04552418033563,69.55967059937711,352.7937657310607
val,1826,82,241.36106872558594,-64.84927368164062,17.486175537109375,-64.74729919433594,17.696910858154297,13.960259556770325,9718.778887083146,9722.640928443014,19241.780119808303,10576.139810936556
val,1827,70,138.1068878173828,-121.9612045288086,30.505329132080078,-120.85244750976562,29.716379165649414,26.89340305328369,1037.754665402106,1050.8820760368885,25429.485402475108,249.19566014178795
val,1828,70,63.17778015136719,-64.64170837402344,18.190549850463867,-64.04534149169922,18.152040481567383,4.380881309509277,2840.51713814998,2855.97999150988,4039.354925699726,219.72024605933112
val,1829,80,84.74324035644531,-95.33390045166016,28.93667984008789,-94.64798736572266,28.666749954223633,0.7618378251791,6493.0047383816345,6561.575183914348,1194.0417709167423,8312.653995332395
val,1830,74,124.46681213378906,-120.10989379882812,34.26590347290039,-121.3426284790039,34.65082931518555,10.721120595932007,4397.930935317681,4418.472043376345,8760.922959947222,5058.846237725538
val,1831,82,45.35300064086914,-68.05709075927734,17.496644973754883,-67.79434204101562,17.17527961730957,3.54734343290329,2366.8288990518095,2382.9075639373223,2556.14069966912,362.99593402940184
val,1832,80,41.83882141113281,-82.9031753540039,41.89979934692383,-83.12139892578125,42.136878967285156,18.962846897542477,5583.885879793055,5368.840246006499,11015.84560684409,7000.138763445564
val,1833,60,80.55420684814453,-119.078369140625,32.429649353027344,-118.38774871826172,32.81692123413086,1.8852433860301971,2087.445145563911,2097.6060294761182,3361.192832075372,1546.888713236487
val,1834,70,89.19986724853516,-94.20037078857422,28.610719680786133,-94.41609191894531,27.87285041809082,25.917314529418945,7823.429995234416,7841.483793156558,12948.114336769386,6830.296369074089
val,1835,79,87.22467803955078,-69.30502319335938,41.82051467895508,-68.90550231933594,41.095680236816406,31.298973083496094,2991.094217190537,2994.510212566997,31313.236885189825,120.63048457691941
val,1836,60,141.0455322265625,-79.98558044433594,25.837074279785156,-79.8290023803711,27.006099700927734,24.091877460479736,8267.887048183638,8235.239699204836,24431.624932270406,5406.533612373032
val,1837,71,112.18063354492188,-82.0080795288086,23.885974884033203,-81.0527572631836,24.392719268798828,8.456940412521362,4237.12688804994,4220.96967652254,5456.144033823088,165.27903654002023
val,1838,60,37.592350006103516,-65.30299377441406,18.301259994506836,-65.6193618774414,18.22917938232422,0.0030854811193421483,1831.2689423879913,1811.9421382957871,335.01567935886914,2756.2881111834727
val,1839,70,110.30901336669922,-76.14511108398438,36.982425689697266,-75.01878356933594,36.878089904785156,7.757885932922363,5846.877420456039,5790.940744149238,8983.134523693629,4229.174829910111
val,1840,60,23.42232322692871,-71.55709075927734,41.173988342285156,-71.51136016845703,41.37955856323242,0.004326291265897453,403.7237109679072,465.3511327433504,143.66253172721622,536.6112794144573
val,1841,60,23.42980194091797,-71.55696105957031,41.17388153076172,-71.51142120361328,41.37958908081055,0.00482386234216392,436.79647646564376,493.14731694813884,97.1889257681152,570.6773656624206
val,1842,60,37.90408706665039,-65.30306243896484,18.301279067993164,-65.61924743652344,18.229270935058594,0.0013859147438779473,2131.7742722668945,2107.28156500778,268.5102094064162,3128.0273006933603
val,1843,60,23.681079864501953,-71.51141357421875,41.37958908081055,-71.55709075927734,41.173980712890625,0.007726741721853614,746.8508597552832,816.1691346887501,464.48245485238556,819.5397694555534
val,1844,60,97.46784973144531,-86.45179748535156,43.949440002441406,-87.65094757080078,44.09149932861328,59.254343032836914,2084.287287918593,2109.9982866008186,44624.01308745931,1434.961622227394
val,1845,70,54.90182876586914,-94.79425811767578,29.315149307250977,-94.59905242919922,28.965839385986328,1.6431695478968322,4960.20353894777,5090.277837745477,1266.2767383086205,5979.592100487247
val,1846,79,31.902694702148438,-94.41321563720703,29.110044479370117,-94.56157684326172,29.34963035583496,9.327673196792603,774.2910657981023,795.2636709868341,8214.257046040128,1447.7588562810206
val,1847,80,207.43966674804688,-66.96733856201172,44.14476013183594,-68.02034759521484,42.44443130493164,15.427216053009033,3054.0942424316454,3047.1470474056246,15500.538560501136,296.6456641508877
val,1848,66,27.75337791442871,-94.61007690429688,29.20001983642578,-94.77874755859375,29.314559936523438,0.4980314001441002,3492.9844274823017,3711.2852802576085,574.9803251257621,4272.364132130978
val,1849,60,50.642616271972656,-89.50012969970703,28.97149085998535,-90.0145263671875,29.030349731445312,1.2148966789245605,1375.9833077529695,1401.6128043201145,1277.0853009854163,330.4028067339766
val,1850,60,23.40704345703125,-71.55693054199219,41.17388916015625,-71.51141357421875,41.37957000732422,0.006452286848798394,336.6915208353518,397.3432018900419,172.13752519447607,388.97564879268424
val,1851,60,24.527149200439453,-87.93907928466797,30.176969528198242,-88.1634292602539,30.18851089477539,0.014061067253351212,1579.2647105727515,1588.6334597072391,613.0466522403848,1784.1822974227998
val,1852,60,23.377653121948242,-71.55693817138672,41.17390060424805,-71.51136779785156,41.379600524902344,0.0042776684276759624,288.9647751267894,368.8130600863985,164.12652636510973,376.60640725905904
val,1853,60,37.828304290771484,-65.30309295654297,18.30133056640625,-65.61939239501953,18.229150772094727,0.0013484081719070673,2148.503353445154,2122.385069334404,227.33822391083228,3128.1042376361706
val,1854,70,43.60395812988281,-96.05673217773438,19.629169464111328,-96.17530822753906,20.005069732666016,39.386518478393555,1282.4017587840308,1298.02871262671,44573.17815507102,64.72469046653015
val,1855,70,84.5051498413086,-93.8462905883789,28.721410751342773,-93.6297836303711,29.421600341796875,17.68364429473877,2333.5220918029036,2322.2141619678227,15870.058859880073,4628.591249506158
val,1856,60,23.677631378173828,-71.51136016845703,41.37961959838867,-71.55693054199219,41.17390060424805,0.0070699239149689674,403.7703762921704,514.8938930867114,367.881641621948,409.331907031107
val,1857,71,81.5801010131836,-121.6758804321289,34.683475494384766,-121.39212036132812,33.988319396972656,28.342411041259766,502.4591216153267,536.6660870523867,16641.09530489751,136.9512810557283
val,1858,71,209.1328125,-118.2545166015625,33.73265838623047,-120.2484130859375,34.30169677734375,3.9355061054229736,6506.285059885508,6490.025263071213,2203.849397366974,6799.530444117496
val,1859,60,44.32096481323242,-94.79132080078125,29.3104305267334,-94.69661712646484,29.050739288330078,0.7546355277299881,5615.140653275,5735.483951065401,1227.3054371752396,7576.639792543598
val,1860,70,52.82881164550781,-81.72566986083984,43.74565124511719,-82.13031768798828,44.08787155151367,11.584641023073345,6653.342279277222,6660.071732421711,9871.377148046986,3119.278822017055
val,1861,80,142.4575958251953,-93.67029571533203,29.314800262451172,-94.69258117675781,29.069419860839844,8.986089885234833,16959.4715128722,16986.405356229556,16956.089919547238,23991.770840952668
val,1862,70,215.11888122558594,-66.2314224243164,17.835264205932617,-68.25569915771484,17.959239959716797,26.843152046203613,11357.044377725511,11370.5815936452,13787.96207754499,3536.109881225825
val,1863,70,122.95894622802734,-80.09771728515625,25.77066993713379,-79.64514923095703,24.754409790039062,2.6029299199581146,7012.903365685323,7018.656917509095,2797.5396322083534,1451.245253222976
val,1864,70,82.78108215332031,-94.5555419921875,29.326120376586914,-94.74064636230469,28.71843910217285,8.148455381393433,5290.552482022572,5305.065986241801,8843.862804649127,7867.825220465484
val,1865,60,61.000675201416016,-64.88015747070312,18.190319061279297,-64.31497192382812,18.101900100708008,9.552877247333527,2032.8903312334542,2049.4251976323276,9288.664448655218,1215.3436003250965
val,1866,60,60.033573150634766,-94.30309295654297,29.08417510986328,-93.79351043701172,28.78005027770996,3.193716526031494,1132.7741865867722,1149.5132015098388,3172.890456659423,253.63123098426067
val,1867,70,102.7607421875,-85.39431762695312,27.9967098236084,-85.08155822753906,27.115230560302734,43.86713123321533,3505.5533800585454,3515.271627231017,39429.315573939464,170.25734236076022
val,1868,80,266.49267578125,-118.19593048095703,33.7276496887207,-117.59427642822266,31.46632957458496,3.186018943786621,10049.238258367352,10051.845027571893,19661.456543293276,11134.875404382119
val,1869,70,99.30608367919922,-79.57233428955078,25.543909072875977,-79.80577087402344,24.69053077697754,7.90626323223114,3384.9076204420453,3381.1978726945063,7420.26479833239,4596.507575398715
val,1870,60,37.55738830566406,-65.61934661865234,18.22920036315918,-65.3031005859375,18.301380157470703,0.002701573946978897,1684.3568261483606,1645.8810921570594,134.589827725265,2880.121604924842
val,1871,60,23.46830177307129,-71.51136016845703,41.37957000732422,-71.55693054199219,41.173858642578125,0.0036683137877844274,329.08405261456,442.47373497874423,220.2036625776047,265.2054347529018
val,1872,70,308.0516662597656,-115.91706085205078,24.704349517822266,-118.25228118896484,26.504329681396484,70.3142204284668,2885.520922338359,2918.0874580630625,70813.67175778061,424.28081805275394
val,1873,80,57.38524627685547,-118.142578125,33.68775177001953,-118.47992706298828,33.886878967285156,1.2286799103021622,7561.019037328511,7044.067794578905,1037.3982693620658,10580.739329636814
val,1874,60,38.14570617675781,-65.30307006835938,18.30126953125,-65.6193618774414,18.229129791259766,0.0009302962571382523,2234.339338443455,2205.915801481565,564.7604805679334,3285.7514151412433
val,1875,60,23.238927841186523,-71.51146697998047,41.37953186035156,-71.5560302734375,41.174530029296875,0.012100922409445047,278.44519657157264,382.1622757382255,94.48725138070773,266.1286676810839
val,1876,66,24.761316299438477,-94.77874755859375,29.31454086303711,-94.54666900634766,29.3245792388916,0.2545439526438713,2611.3775739500347,2782.7541048470894,661.4030634313865,1747.5671703443913
val,1877,70,67.62081146240234,-79.70921325683594,25.784929275512695,-79.08714294433594,25.860370635986328,21.788284301757812,1504.598692812675,1543.8239762600715,23139.879380878232,1637.9924596522403
val,1878,60,21.082441329956055,-71.55696105957031,41.17388916015625,-71.5147933959961,41.359779357910156,0.17235457990318537,337.8959489128376,376.21382344529786,171.87801124023994,442.06069440730624
val,1879,60,37.98107147216797,-65.30307006835938,18.30129051208496,-65.61927032470703,18.229270935058594,0.0007212171331048012,1981.3749316663552,1949.2367583964226,178.79562263185306,2886.516343907793
val,1880,60,97.3587646484375,-87.6510009765625,44.091190338134766,-86.45201873779297,43.9493408203125,70.10233688354492,1107.213233200793,1141.863168970714,59061.38083603799,797.91662980334
val,1881,80,66.89556121826172,-95.33380889892578,28.936790466308594,-94.86981964111328,28.520139694213867,1.2736965315416455,2600.342288499488,2691.8865121610434,1417.3312025130392,1343.371269536104
val,1882,66,24.163936614990234,-94.77879333496094,29.314729690551758,-94.5539321899414,29.33696937561035,0.2091821930371225,2519.054842268173,2711.809917835646,211.8902884578352,1606.211082290205
val,1883,60,42.72364044189453,-64.14569854736328,18.27614974975586,-64.44718933105469,18.449169158935547,19.0221004486084,3556.7220170494415,3628.20144284457,16066.097880028685,3822.297991899915
val,1884,80,347.3440856933594,-91.59060668945312,27.920114517211914,-94.52571105957031,29.29656982421875,10.70064640045166,13220.497604912918,13230.894527552351,8096.398797839653,23632.224638029656
val,1885,66,34.8731575012207,-94.77876281738281,29.31464958190918,-94.47390747070312,29.282169342041016,0.17452486231923103,2176.0072628338135,2309.4745996502784,1159.1915516667132,2462.4860850538603
val,1886,70,267.28814697265625,-82.73143005371094,41.459381103515625,-79.8396987915039,42.51816177368164,5.621224232017994,9523.161390165866,9545.122360389962,5670.634504911108,2279.1089541195965
val,1887,60,23.339414596557617,-71.51335144042969,41.3791618347168,-71.55709075927734,41.174041748046875,0.023028473369777203,383.0333755323883,466.0493411875685,125.0253629221667,312.1981087383661
val,1888,70,48.65602493286133,-83.87979888916016,45.98588180541992,-83.58194732666016,45.61585998535156,7.639153003692627,1452.1896705190734,1471.98572331983,6927.361718782606,1383.448443670541
val,1889,80,113.43275451660156,-84.08761596679688,46.175811767578125,-83.19258880615234,45.41456985473633,6.174557566642761,6036.210716732173,6064.198501062973,5645.477520436503,2424.3360271507822
val,1890,70,160.7110137939453,-83.4217529296875,45.297489166259766,-84.34584045410156,46.50325012207031,0.16432253434322774,4836.2639396807745,4743.286901947212,516.3991087625218,3149.05193860356
val,1891,60,66.61499786376953,-74.10989379882812,39.76150894165039,-73.96833038330078,40.328758239746094,21.32694911956787,1226.6336651237139,1292.788902693919,20798.289233236974,1763.4509179134418
val,1892,60,23.397844314575195,-71.55709075927734,41.17396926879883,-71.51142120361328,41.3796501159668,0.004625830100849271,348.8035473788245,411.84907276467953,43.22942069237332,443.9874601823759
val,1893,70,256.2796630859375,-116.63877868652344,31.814409255981445,-116.17517852783203,29.931089401245117,14.710789382457733,34040.07300698974,33010.10903734856,13071.046092266584,33242.37778558975
val,1894,60,61.71074676513672,-73.96781158447266,40.32197189331055,-74.06259155273438,39.776100158691406,20.25514316558838,1813.796770165594,1833.4902516327375,10452.90450238312,905.1198581221365
val,1895,70,39.058135986328125,-73.69310760498047,36.37276840209961,-73.6710205078125,36.72018051147461,35.38006782531738,578.0013720120282,594.1423818827117,29614.529805602964,570.4551936646434
val,1896,89,89.50432586669922,-95.33393859863281,28.936729431152344,-94.59599304199219,28.948219299316406,9.228778421878815,7789.7662599521755,7882.100888049217,8118.338292235926,8932.533131417069
val,1897,60,38.26140594482422,-65.30307006835938,18.301300048828125,-65.61936950683594,18.229129791259766,0.00047467713011428714,2461.4468517441414,2431.217101811835,583.9546527785296,3494.2059912004856
val,1898,71,363.3380432128906,-118.23008728027344,33.75495147705078,-121.6121597290039,34.852508544921875,7.864153780043125,7421.693599349113,7372.594057150257,2418.1033475942418,15725.517861149221
val,1899,60,34.59099197387695,-70.27678680419922,41.65037155151367,-70.14967346191406,41.369850158691406,0.23890532605582848,1297.352000535331,1423.4398895854001,205.39971417060227,1545.7836968352158
val,1900,60,38.122276306152344,-64.88909149169922,18.228670120239258,-64.75756072998047,17.909610748291016,10.411730766296387,2645.0727757622435,2649.6442725945003,10795.423026959628,14.18598455732236
val,1901,60,28.10845184326172,-85.74710845947266,30.14842987060547,-85.91361999511719,29.987619400024414,1.9565878957509995,2226.9360970372363,2311.796872323159,1802.5821612240402,2029.7598822135656
val,1902,66,36.32033157348633,-94.77877807617188,29.31471061706543,-94.62027740478516,29.113449096679688,0.9621954336762428,4235.9295614385155,4366.18695071653,992.5536120174144,5305.065325080186
val,1903,80,344.4639892578125,-93.34100341796875,29.77165985107422,-91.75057983398438,27.24464988708496,20.40352487564087,8912.497738506265,8932.444890810582,18024.259917745818,29883.480028550053
val,1904,82,154.60597229003906,-95.31723022460938,28.943309783935547,-94.57058715820312,29.112449645996094,10.354503333568573,26856.792137933448,26880.962563895722,24776.24509988759,34470.203489546126
val,1905,70,179.69537353515625,-78.86805725097656,32.72861862182617,-76.98719787597656,33.0700798034668,56.69754981994629,8171.437149612725,8170.205371829573,60274.94535264283,352.44186443424377
val,1906,70,131.6260986328125,-82.22075653076172,23.821800231933594,-81.08696746826172,24.395029067993164,17.859476566314697,2362.760964314177,2368.6064119798652,20197.66354648774,361.3282462175914
val,1907,89,153.8722686767578,-94.2030258178711,28.57367515563965,-94.73294067382812,28.527830123901367,15.777947425842285,11854.574216839726,11857.875795619062,21544.73695140565,11278.448927329344
val,1908,60,23.36979866027832,-71.51136016845703,41.37957000732422,-71.55693054199219,41.17388153076172,0.00429127732058987,288.16294019034245,401.39798657386007,123.9456450743975,228.5682324131842
val,1909,60,37.800472259521484,-65.30303192138672,18.30133056640625,-65.61933898925781,18.22917938232422,0.001943949842825532,2024.8257477915993,2008.5768038773072,118.88142357931888,2998.890326589847
val,1910,70,198.21719360351562,-76.40363311767578,38.93788146972656,-76.09251403808594,37.2563591003418,2.3642738461494446,3768.829162169242,3773.9394556540215,1209.3380695432866,4277.8551163899
val,1911,70,464.5682067871094,-118.1950912475586,33.74354934692383,-122.7129135131836,33.844608306884766,22.79450559616089,37401.87255295717,37364.496597322155,14283.047138578453,35319.958109269835
val,1912,82,80.2203140258789,-119.3788070678711,32.1419563293457,-118.92070770263672,32.034751892089844,15.331611156463623,13012.407950667108,13032.894739011826,49875.27419297347,13050.081025391833
val,1913,80,108.77043914794922,-94.16551971435547,28.692779541015625,-93.59986114501953,29.3889102935791,5.530342102050781,5680.85935898497,5698.883032878509,6298.504580597441,10242.300304023804
val,1914,89,121.6156005859375,-94.75679016113281,29.35235023498535,-93.73564147949219,28.745250701904297,1.5175441056489944,2215.4905496753477,2235.0870269138586,1566.4743846471747,1062.338143701131
val,1915,70,124.21509552001953,-79.5833511352539,24.736589431762695,-80.06758880615234,25.761760711669922,3.6113181114196777,4663.46052478525,4677.446431304912,16062.429970944979,804.3157075979958
val,1916,69,62.58852005004883,-79.58506774902344,25.505884170532227,-79.50221252441406,25.18531036376953,27.213950157165527,10729.216717365081,10734.964701825687,17528.813123941298,10404.414278009537
val,1917,60,23.736541748046875,-71.55693054199219,41.17388916015625,-71.51122283935547,41.379730224609375,0.007099467795342207,550.2343061150525,601.9535813865023,280.0565484462996,468.24818473360136
val,1918,70,129.07435607910156,-75.19766235351562,38.97026062011719,-74.4288101196289,38.01142120361328,7.308732748031616,3990.6276672492413,3978.192359075867,6412.085699281357,1563.333134180525
val,1919,60,97.36344146728516,-87.65109252929688,44.09086990356445,-86.4520034790039,43.949310302734375,70.08509063720703,2126.984347051447,2152.1688411355244,60640.88998832898,1021.3331697997386
val,1920,79,131.74359130859375,-119.20426177978516,34.14783477783203,-118.48216247558594,33.20294952392578,7.803091621259227,5564.517309258083,5585.186337667515,8226.4371449846,6036.730647541129
val,1921,60,23.423166275024414,-71.55695343017578,41.173919677734375,-71.51139068603516,41.37958908081055,0.006012416444718838,420.2502775312023,480.84300935216953,112.31110960976837,517.9554044301623
val,1922,60,39.95371627807617,-119.83540344238281,34.3765983581543,-119.552490234375,34.33652114868164,3.9737746715545654,4957.641779874402,4973.576531067927,4678.287203320435,4902.93955893033
val,1923,80,72.43773651123047,-69.46588897705078,40.556610107421875,-70.32302856445312,40.55493927001953,8.64297866821289,1515.957528816181,1545.179404279827,8654.843943576438,317.4962497808031
val,1924,70,30.73444366455078,-70.4188003540039,42.354488372802734,-70.77635955810547,42.42013168334961,16.850109100341797,2259.8470725982215,2266.2291110893916,17019.314604423034,1079.075741056406
val,1925,70,151.994873046875,-83.96565246582031,46.044898986816406,-82.96060943603516,44.90483856201172,7.513628363609314,4590.667628329338,4583.135045500186,6247.31861126547,3459.9261811831093
val,1926,80,126.84626007080078,-96.36392974853516,27.772140502929688,-95.44197082519531,27.057519912719727,5.9241660833358765,5604.958993748593,5598.919719283373,11497.938186908019,5025.198494260411
val,1927,70,148.26344299316406,-95.75299072265625,28.618520736694336,-94.80409240722656,29.31216049194336,17.0535345277749,6632.599638924931,6703.80519624672,13217.652426492054,14156.26217646571
val,1928,60,35.574642181396484,-89.97252655029297,29.254610061645508,-89.85845947265625,29.00227928161621,0.01576037285849452,3119.6151404293496,3185.750273457251,291.7359228847911,3377.3189954616196
val,1929,70,69.65985870361328,-92.3048095703125,29.55344009399414,-91.78054809570312,29.38266944885254,0.01096366485580802,5976.258592236196,5982.920012903962,3279.4516388417373,10519.43790117154
val,1930,70,494.2518615722656,-84.85730743408203,46.69419860839844,-90.80713653564453,46.77130889892578,39.96730613708496,11386.314765107432,11393.769889504949,33479.950187513285,43279.796810738284
val,1931,60,23.38831901550293,-71.55696105957031,41.17390060424805,-71.51142883300781,41.37958908081055,0.0061071638483554125,387.71599960935276,445.3907283997861,165.32412292247582,421.47473951733866
val,1932,80,418.22900390625,-80.12187957763672,26.09111976623535,-80.27548217773438,29.540090560913086,35.09305191040039,16481.9503494886,16486.07650463809,22756.33563685308,34752.98513287051
val,1933,70,203.93190002441406,-66.00846099853516,18.50429916381836,-64.75467681884766,17.696060180664062,22.463018089532852,14809.700919437608,14752.326918031404,23357.10823459907,19345.023399460842
val,1934,60,23.57261085510254,-71.55693054199219,41.17390060424805,-71.51133728027344,41.37955856323242,0.0048825801350176334,483.2265977376423,548.0807773453347,434.6314311348579,600.601966573535
val,1935,71,58.838985443115234,-76.18785095214844,36.9936408996582,-75.62711334228516,36.73994064331055,11.668003559112549,4395.982480485108,4078.37534324374,11206.882307986592,1670.1550634878488
val,1936,60,23.32847023010254,-71.51139068603516,41.37955856323242,-71.5559310913086,41.174171447753906,0.006176399765536189,396.81002045703525,494.86066371613737,422.0531800309415,210.19038566144636
val,1937,66,24.24677085876465,-94.77876281738281,29.314619064331055,-94.55653381347656,29.31100082397461,0.3022919672075659,2887.4427933005345,3066.8784145041254,3024.0846045855087,2261.34007802663
val,1938,70,147.09255981445312,-88.02999114990234,30.66904067993164,-88.74407196044922,29.62183952331543,13.079014301300049,2981.857077476161,3017.4806313752088,5202.051248736353,13923.477653203112
val,1939,70,32.55647277832031,-94.4908218383789,29.284059524536133,-94.77932739257812,29.314510345458984,0.5871705911122262,2213.3570162812034,2389.9858880758843,538.886533410468,1945.926236801605
val,1940,60,25.008281707763672,-86.45191192626953,43.94947814941406,-86.75837707519531,43.99066925048828,24.46810007095337,1896.7748487367187,1934.974485943021,18548.66742448776,121.39892862732015
val,1941,70,149.89666748046875,-82.53688049316406,43.86587142944336,-82.9947509765625,45.16944885253906,15.305914878845215,7019.4616876718055,7028.499882955821,14712.011624406025,682.7280538081792
val,1942,80,312.7474670410156,-66.58616638183594,17.84469985961914,-64.70905303955078,17.632930755615234,17.802090644836426,42198.60934739493,42213.825985926545,48566.026532280746,42452.093465421814
val,1943,60,23.819944381713867,-71.55696868896484,41.17390060424805,-71.51138305664062,41.379581451416016,0.004877662984654307,715.9619820512299,763.8470986331081,413.91462222315903,831.6849855644
val,1944,80,25.388912200927734,-92.29341125488281,27.526264190673828,-92.4449691772461,27.71088981628418,11.56908893585205,1358.2072643139213,1390.5779157571744,11647.697996918045,74.53252545245213
val,1945,60,23.28565216064453,-70.61018371582031,42.21392822265625,-70.81891632080078,42.35240173339844,22.558151245117188,386.3885864132292,420.9079025698937,22330.30112370631,259.8053988894437
val,1946,70,91.24303436279297,-81.92852783203125,24.281049728393555,-81.05928039550781,24.49506950378418,20.96972417831421,2481.7141904749205,2495.8295481803566,21430.615329461743,352.56287084893364
val,1947,79,139.2067413330078,-119.20555114746094,34.14788055419922,-118.22120666503906,33.73377990722656,0.3474721475504339,11948.284767905921,11701.603078284315,568.554366300509,16592.33170917734
val,1948,60,37.92206954956055,-65.6194076538086,18.229190826416016,-65.30313110351562,18.30147933959961,0.002073399373330176,1898.4054768458836,1852.075433555242,141.08892617626188,3098.3375998846905
val,1949,70,181.17115783691406,-88.03247833251953,30.657360076904297,-87.29834747314453,29.25609016418457,3.7991494722664356,5773.919805420119,5782.610670324775,3760.409059578349,12917.641992889208
val,1950,60,23.506311416625977,-71.55697631835938,41.17388916015625,-71.51139068603516,41.379600524902344,0.0038291686214506626,427.2672217699527,482.9700798364156,83.66368737486384,545.4867433418901
val,1951,70,98.95577239990234,-64.94747161865234,18.33453941345215,-64.76200103759766,17.65056037902832,0.28220078349113464,10289.220338012768,10354.135182678043,4551.79854461115,13103.650871305803
val,1952,79,141.56614685058594,-71.42195892333984,41.16496658325195,-71.86711883544922,39.97084045410156,17.736465454101562,7246.1219636617025,7247.18097974871,16233.640562871522,7611.741875025812
val,1953,71,517.84033203125,-80.11573028564453,26.0669002532959,-81.00176239013672,30.177759170532227,19.61506973206997,18356.67370492904,18364.444927066535,27116.767218120203,35115.26290548421
val,1954,70,197.3968963623047,-65.83999633789062,18.496829986572266,-64.05182647705078,18.143329620361328,15.228918075561523,4353.457003841183,4352.22353061433,11972.641306110007,4317.388963251535
val,1955,66,25.97530174255371,-94.54566192626953,29.288249969482422,-94.77876281738281,29.314619064331055,0.30553922057151794,1981.4460680324876,2256.291468438809,422.72663011715986,2133.543018897992
val,1956,70,24.82484245300293,-75.63909912109375,36.7867317199707,-75.89148712158203,36.81418991088867,4.263823390007019,1440.0764451163643,1450.2770390371552,4119.234203382908,949.6407540891845
val,1957,80,80.77408599853516,-94.30097198486328,28.601049423217773,-94.58537292480469,29.108800888061523,5.100224733352661,7090.209709555835,7102.341836618102,7500.731398556576,6698.476145350794
val,1958,60,37.70638656616211,-65.61934661865234,18.229150772094727,-65.30307006835938,18.301319122314453,0.0013954911846667528,1888.9563752570805,1853.2020103300729,243.5551613882574,3090.4673893094046
val,1959,80,65.08824920654297,-82.93035888671875,41.889251708984375,-82.18128204345703,41.87623596191406,34.8024206161499,4741.887033822119,4762.580674002655,19896.36282352857,3047.764402691711
val,1960,80,114.47557067871094,-67.46324157714844,44.106040954589844,-66.25961303710938,44.557891845703125,35.12303066253662,6308.215523470322,6314.162261966674,36073.7036269927,9266.434210581017
val,1961,70,65.98091125488281,-93.69120788574219,29.335880279541016,-93.33146667480469,29.783889770507812,1.6883434653282166,1582.1825029465754,1618.3236568347013,2507.6008430144116,3407.2761066926046
val,1962,70,179.6092987060547,-86.90316009521484,29.202444076538086,-88.34781646728516,29.97570037841797,41.48426055908203,10727.653831847188,10722.820013764045,30207.41741633863,10799.74426107168
val,1963,60,251.3881072998047,-66.08802032470703,45.15058898925781,-66.17633056640625,43.23583984375,7.2097779512405396,16615.268711206707,16637.970818548703,4103.008845018011,29768.74268133614
val,1964,79,51.03233337402344,-78.7082748413086,43.652530670166016,-79.31089782714844,43.60055923461914,32.33646583557129,1759.4198189763138,1752.1938707262755,31409.515281443328,1111.9416953238422
val,1965,60,23.480133056640625,-71.51136016845703,41.379581451416016,-71.55693817138672,41.17388916015625,0.004679671139456332,294.4851371408104,412.12746245594207,116.40046680685617,281.5105676577558
val,1966,70,64.41889190673828,-71.42770385742188,41.32503128051758,-71.65249633789062,40.78799057006836,8.011714458465576,3721.1846028875416,3702.3858569028744,4637.517924461863,4035.677650494069
val,1967,84,68.75845336914062,-94.68653869628906,29.06599998474121,-95.14472198486328,28.845449447631836,3.2167781591415405,5524.560875433732,5512.699347821031,8374.914470559603,9388.633452266777
val,1968,80,522.2193603515625,-94.45999908447266,29.049409866333008,-94.18132781982422,24.37203025817871,20.030313968658447,14654.69367740627,14659.545033126751,12191.422346089903,2491.4503127554217
val,1969,60,91.54753112792969,-94.79129791259766,29.310400009155273,-94.23274230957031,28.73950958251953,2.229139506816864,5416.396831904006,5460.697957699871,1867.0564428913917,6047.609159712902
val,1970,79,38.35895538330078,-111.80137634277344,23.377689361572266,-112.04702758789062,23.63581085205078,26.709731101989746,2309.3321484081416,2323.9776132341585,25354.352289697585,1015.2672006601829
val,1971,70,239.74087524414062,-122.66841888427734,34.465370178222656,-120.09355926513672,34.222381591796875,20.801284790039062,7996.787943440971,7997.604846353087,11161.924739485436,7122.362703211685
val,1972,60,37.891357421875,-65.61936950683594,18.2291202545166,-65.30304718017578,18.30129051208496,0.0007210675394162536,1876.5457210576276,1839.0623856423736,156.39695241094,3075.9399535478633
val,1973,71,45.945125579833984,-81.71550750732422,24.071674346923828,-81.31812286376953,24.26930046081543,25.6019926071167,2559.669797066372,2561.759948126546,13768.078210451446,91.77607801594755
val,1974,70,99.71306610107422,-80.00651550292969,26.11035919189453,-79.01325225830078,26.169530868530273,7.669622421264648,1938.2304167157367,1943.3570585780017,5903.544115054264,1536.8125007353838
val,1975,66,25.871761322021484,-94.53856658935547,29.304889678955078,-94.77880859375,29.31471061706543,0.2638314254581928,1901.3790907315824,2184.1711059879453,346.351582593745,1935.024764968947
val,1976,70,102.49247741699219,-83.2230224609375,45.914188385009766,-84.41303253173828,45.86240005493164,10.765191905200481,7797.56124250336,7807.64761057774,10919.030968557152,7645.376502016174
val,1977,60,37.439971923828125,-65.30307006835938,18.30129051208496,-65.61984252929688,18.22800064086914,0.002609993622172624,1940.9538091572656,1949.0266542044842,534.0845235130128,2918.315943709536
val,1978,80,50.021240234375,-95.20484924316406,27.837690353393555,-95.37032318115234,27.412500381469727,20.098111152648926,1547.264420840274,1558.0395158462297,20719.957286741683,187.14238015812722
val,1979,80,85.94355010986328,-96.47270965576172,27.86117935180664,-96.04403686523438,27.68797492980957,7.6074371337890625,12425.724836072923,12425.796450535596,15779.732356794102,14035.954306672302
val,1980,80,129.52423095703125,-95.80062866210938,27.34245491027832,-94.49613189697266,27.23386001586914,34.11276912689209,2157.3709735371244,2183.4235198496062,30252.676767259505,517.8604795105551
val,1981,70,539.3818359375,-76.39586639404297,38.94453048706055,-73.08808898925781,36.09782028198242,21.11908859014511,18474.85731275404,18542.48088827857,19849.934645441586,59566.065307578254
val,1982,89,279.60382080078125,-82.63890838623047,41.867271423339844,-79.51914978027344,42.68486022949219,27.87060308456421,6279.163076273527,6297.561981991577,14158.046594229436,12063.332473010261
val,1983,80,183.11019897460938,-94.76261138916016,29.34221076965332,-94.41779327392578,27.86029052734375,1.8072995245456696,7227.443887817274,7211.732217867362,1215.261771909859,15053.456945823853
val,1984,70,244.4591064453125,-89.22233581542969,48.41539001464844,-86.44123077392578,47.36949157714844,3.766130208969116,6930.3583468106435,6927.764687197929,2283.3534104293417,2996.610182117999
val,1985,80,205.8273468017578,-73.69649505615234,40.453094482421875,-74.0624771118164,38.653751373291016,8.58480453491211,10424.85401190324,10413.46238027824,25090.093182424673,3500.7862298948435
val,1986,70,91.53041076660156,-79.47187805175781,25.953659057617188,-79.42488098144531,26.772249221801758,7.862257480621338,1318.5601837890301,1322.1920493669998,6957.042471554983,1865.0543379016517
val,1987,60,97.38751983642578,-86.45227813720703,43.94950866699219,-87.65086364746094,44.090511322021484,59.25992965698242,2168.6526460408754,2184.221603140215,44582.99183249828,1522.2784239754574
val,1988,70,599.3280029296875,-84.35028839111328,46.503108978271484,-91.6714096069336,47.015079498291016,0.008811569772660732,12456.37368687071,12491.258423060259,2219.005327210605,43695.847103744956
val,1989,80,215.8998260498047,-80.14209747314453,25.76457977294922,-80.3082275390625,24.392139434814453,27.757923126220703,19996.5845837287,20014.795079003365,36176.05364096532,38739.30408777446
val,1990,60,24.749319076538086,-65.30307006835938,18.301300048828125,-65.5189208984375,18.21879005432129,0.2872446230612695,1261.438058984311,1323.7443000746412,475.82913067774837,721.2504062896426
val,1991,70,444.4698791503906,-76.0484619140625,32.75154495239258,-74.53414154052734,36.48733139038086,72.23258113861084,11633.834157688796,11621.425745780029,55401.60952641634,18891.897328584022
val,1992,70,99.62242126464844,-119.31085968017578,33.2918815612793,-120.07791137695312,33.511131286621094,43.05117130279541,10739.1079479714,10733.09885934562,54363.03162277562,11887.907190955353
val,1993,70,274.65802001953125,-118.21855163574219,33.76921081542969,-120.1578598022461,32.483741760253906,5.282746911048889,11869.49819859241,11994.316689412199,8074.100654448916,26597.543519944156
val,1994,70,443.37042236328125,-92.13542175292969,46.752010345458984,-86.5723876953125,47.27009963989258,4.958846871275455,6764.6416897155905,6789.653035318814,6631.85892024622,30597.160756928617
val,1995,66,35.674076080322266,-94.47525787353516,29.252500534057617,-94.77873229980469,29.31454086303711,0.3559584580361843,3395.834633916589,3527.982264380314,1435.003494516002,3211.641788109179
val,1996,60,23.659521102905273,-71.55693054199219,41.1738395690918,-71.51141357421875,41.379581451416016,0.004912799457088113,705.846013702549,761.6187512158064,329.88413097814254,841.6536303962198
val,1997,66,104.36557006835938,-94.77876281738281,29.31460952758789,-94.12922668457031,28.65074920654297,1.1703071594238281,5842.264127261363,5880.995837992839,849.7944221282648,5075.374462205636
val,1998,60,51.813236236572266,-88.49578094482422,30.083850860595703,-87.9595718383789,30.0960693359375,0.7596092708408833,2009.5284106030817,2008.8696954717734,1078.293128862312,567.4002186919454
val,1999,80,26.99979019165039,-79.43006134033203,26.02110481262207,-79.39546966552734,26.261390686035156,8.900579452514648,2038.3698098891655,2051.2594303019614,7498.980701707828,421.6155469529521
test,0,84,67.97759246826172,-94.63208770751953,29.260160446166992,-94.81941223144531,28.89982032775879,17.35433864593506,9201.328918719095,9216.000940894133,9282.753988211003,12338.305975008076
test,1,69,36.344383239746094,-64.24583435058594,18.23261070251465,-64.45057678222656,18.45216941833496,17.51117515563965,3495.2452451836643,3511.0036182520475,14316.076319193457,3862.413530938251
test,2,80,119.90971374511719,-93.70326232910156,29.512935638427734,-93.20297241210938,28.582719802856445,6.180835962295532,5310.151368477269,5317.053744301711,3261.484725107518,6854.386435705385
test,3,84,30.916358947753906,-79.32343292236328,26.188249588012695,-79.44756317138672,25.964750289916992,29.714221954345703,3189.344956028331,3182.715984371963,30926.469963470503,3403.653752609519
test,4,70,107.14488220214844,-80.12890625,25.179555892944336,-80.0743408203125,26.125530242919922,14.526283740997314,2116.7513826762565,2132.6109117911687,41559.25341846122,5097.484175068683
test,5,70,54.81507873535156,-80.1200180053711,26.09037971496582,-80.0407485961914,25.639089584350586,4.552551746368408,1861.3874620050938,1909.8687845627126,4934.159660863159,3846.254208816416
test,6,70,54.80718231201172,-80.03473663330078,25.624950408935547,-80.07543182373047,26.111740112304688,7.265711888670921,757.830035486833,807.5760793685794,7054.41350144433,1748.5145433396658
test,7,60,127.66361236572266,-94.47029876708984,29.17460060119629,-93.39552307128906,28.520519256591797,6.881648778915405,1882.546625095427,1882.602022470666,5122.9282979780455,1060.2814735823354
test,8,79,85.1724624633789,-80.17971801757812,42.6797981262207,-79.24626922607422,42.89786148071289,7.3923207223415375,2134.71518935233,2150.787522771306,2950.5797657991925,5097.955719141581
test,9,79,82.55191040039062,-79.24581146240234,42.900001525878906,-79.67816925048828,42.585750579833984,11.919471502304077,11076.963830191042,11067.442084361284,6539.370481334936,9741.296978486485
test,10,70,25.21234130859375,-89.5162582397461,28.782079696655273,-89.77491760253906,28.785499572753906,7.600772857666016,800.6792123729994,849.2145811072589,9161.653493140391,26.573856923045128
test,11,70,102.24702453613281,-83.40696716308594,45.0672607421875,-83.33174133300781,44.23706817626953,23.178341388702393,8835.910613459224,8843.01976656322,13260.445222255872,10881.206811335736
test,12,79,260.06158447265625,-86.79903411865234,43.95093536376953,-87.29644012451172,41.67372131347656,10.137707710266113,7315.424580951657,7320.357205666261,12952.61216699375,8444.688865601796
test,13,79,325.3211975097656,-87.3251724243164,41.61505126953125,-86.96392059326172,44.32889175415039,23.475325107574463,17107.767122699217,17118.286994195827,41884.9047302988,28240.26107840227
test,14,70,744.1961669921875,-84.35118103027344,46.50310134887695,-87.31594848632812,41.63656997680664,0.7101456988602877,32267.325720829867,32198.297832585988,23102.964519188085,86003.85742443704
test,15,67,37.3745002746582,-89.1356201171875,29.554439544677734,-89.3476791381836,29.472930908203125,11.689745426177979,3191.1813880636864,3201.336454187894,8400.767150016352,3671.3656535007985
test,16,67,29.582855224609375,-89.11656188964844,29.577810287475586,-89.30606079101562,29.385169982910156,6.642921686172485,2848.417294504255,2790.0908369920908,8256.056437973115,1362.3108697879377
test,17,67,30.061616897583008,-89.30567169189453,29.38326072692871,-89.11479949951172,29.58000946044922,15.937198162078857,2861.3853264497093,2856.589576336139,11921.056570039795,1493.013373513528
test,18,68,73.19349670410156,-97.06210327148438,27.848020553588867,-96.33038330078125,27.774580001831055,3.264836922287941,2654.1475725490986,2718.0620175950567,3402.4688495510336,1306.31588254729
test,19,60,28.4687442779541,-119.69219970703125,34.40480041503906,-119.92288208007812,34.42559051513672,0.030052676622290164,2882.891696372227,2695.241352329332,396.5750725332269,3627.0655274861115
test,20,60,57.35152816772461,-119.92221069335938,34.42551040649414,-119.69232940673828,34.40483856201172,0.09984820615500212,4373.0090779939555,4046.4103021214914,5004.513312292048,4676.544043543755
test,21,60,28.315418243408203,-119.69232177734375,34.40483093261719,-119.92230987548828,34.42557144165039,0.01007896417286247,2706.8844871854853,2510.759418279127,646.2180472117225,3462.379090472075
test,22,60,147.22854614257812,-88.76428985595703,29.273340225219727,-90.05516815185547,28.95595932006836,7.490220904350281,8178.163518014202,8160.347057827595,2860.6342694649684,16642.900293800205
test,23,68,96.8808364868164,-93.33159637451172,29.783349990844727,-93.61541748046875,28.959579467773438,0.8978909980505705,3819.050751238892,3865.3569971995285,3115.7970292791397,1167.1084147371657
test,24,68,95.77495574951172,-93.59088134765625,28.960430145263672,-93.3322982788086,29.78325080871582,3.44873583316803,2201.7031923817244,2262.241595440694,2663.633075759201,967.3280618264846
test,25,68,127.01954650878906,-93.33157348632812,29.783369064331055,-93.69830322265625,28.693899154663086,3.948829770088196,3862.226787723392,3902.775515138755,10259.71277064005,726.474350971871
test,26,79,44.01335144042969,-89.51081848144531,28.827180862426758,-89.85076141357422,28.567670822143555,23.742137908935547,2092.6477145874996,2101.6979261425417,23446.312561083232,307.3660014747146
test,27,70,102.2750473022461,-75.30330657958984,39.23204040527344,-74.52288055419922,38.73765182495117,19.38847017288208,8179.4669822275555,8147.390159449682,11012.702495744965,12206.457343021888
test,28,80,109.288330078125,-118.07618713378906,33.6238899230957,-117.97091674804688,32.869964599609375,7.174254894256592,7206.220151498849,7220.05328609367,5780.581245603388,7345.36800692328
test,29,88,63.64774703979492,-90.02117919921875,28.86488914489746,-89.93238830566406,28.411029815673828,1.7701515555381775,5767.530558045402,5777.4536385487545,1618.877173731457,7185.708826210027
test,30,80,250.28712463378906,-66.69164276123047,19.531505584716797,-64.42572784423828,19.1468505859375,38.975202560424805,14122.713450893518,14116.526010498072,31315.523048277137,15863.48994363207
test,31,84,143.40904235839844,-95.70414733886719,28.400005340576172,-96.06587982177734,27.519649505615234,30.257631301879883,14410.781872122605,14423.929716268347,26734.700746992417,12623.173146120233
test,32,79,37.02691650390625,-72.9902572631836,40.390098571777344,-72.60191345214844,40.384498596191406,31.727967262268066,2487.035891253079,2499.5396836133496,17941.28635431234,1758.0352062874792
test,33,70,63.36283874511719,-80.03706359863281,25.54790496826172,-80.07543182373047,26.111740112304688,3.0631548017263412,553.5905763845163,597.2863822574315,2959.851518224295,1897.1898662634117
test,34,70,386.6889953613281,-80.12001037597656,26.090389251708984,-82.37113952636719,23.860279083251953,1.6737962365150452,18640.585694312555,18643.545021806793,3977.564240544107,39876.59693232209
test,35,70,197.7188262939453,-67.63260650634766,17.843610763549805,-66.75467681884766,16.362199783325195,23.1669864654541,5325.8668678757695,5330.952264040631,15522.960957576825,13519.555196634145
test,36,84,35.40142059326172,-81.18814086914062,24.346895217895508,-80.86579895019531,24.470050811767578,28.406739234924316,1388.206447998901,1396.6573235304413,27998.073740671804,103.26324958310313
test,37,79,93.4892807006836,-80.17549133300781,42.68144989013672,-79.2482681274414,42.88236999511719,7.468746066093445,6696.422410048591,6711.990275133234,5389.811392524374,9451.070619592192
test,38,70,44.08474349975586,-88.80244445800781,28.95490074157715,-88.39378356933594,29.126710891723633,16.221977710723877,2563.892360620146,2574.767557871433,16095.189406457755,65.50470270118502
test,39,80,128.3076934814453,-72.64334106445312,41.172119140625,-71.42278289794922,41.03025817871094,9.97917377948761,9952.548821132448,9957.49476959039,9875.80901464605,14620.224734859179
test,40,70,136.7428741455078,-121.53961944580078,34.66068649291992,-120.810302734375,33.603641510009766,29.24458885192871,4726.175965715449,4741.971633789413,27351.83861909179,4855.857168184027
test,41,70,149.1158447265625,-89.59966278076172,47.44782638549805,-87.64777374267578,47.558170318603516,21.082674980163574,2210.422907463537,2207.4862927501263,14575.436987352707,4208.76201251588
test,42,79,141.3646697998047,-87.44867706298828,47.49351501464844,-85.71151733398438,47.018028259277344,2.0071904361248016,3602.741228577321,3619.357575689047,1550.9142645821153,292.3406311828529
test,43,70,347.9395446777344,-91.67395782470703,47.015380859375,-87.32657623291016,47.958309173583984,15.028852932155132,7034.71460036111,7039.0256129967365,19660.736518123344,9671.331014391957
test,44,67,29.582855224609375,-89.11656188964844,29.577810287475586,-89.30606079101562,29.385169982910156,6.642921686172485,2848.417294504255,2790.0908369920908,8256.056437973115,1362.3108697879377
test,45,67,30.061616897583008,-89.30567169189453,29.38326072692871,-89.11479949951172,29.58000946044922,15.937198162078857,2861.3853264497093,2856.589576336139,11921.056570039795,1493.013373513528
test,46,67,30.11176872253418,-89.16252899169922,29.577869415283203,-89.3402099609375,29.475330352783203,9.890261173248291,4571.745810088285,4563.083997270418,11540.250153907014,3938.8726184872708
test,47,67,27.353351593017578,-89.34770965576172,29.473289489746094,-89.11499786376953,29.58039093017578,15.352239608764648,1325.3415403696333,1349.5744560829673,14480.121734022789,897.7354654579157
test,48,68,57.76753616333008,-97.06242370605469,27.848709106445312,-96.51429748535156,27.675180435180664,0.7436323091387749,2439.495194284918,2539.2303454439943,4753.636127872344,340.4348521354777
test,49,89,232.9326934814453,-80.12191772460938,26.092849731445312,-80.74542999267578,24.48431968688965,4.762170657515526,6466.143896472625,6491.024818261944,7380.186587156597,32933.686851838414
test,50,68,127.01954650878906,-93.33157348632812,29.783369064331055,-93.69830322265625,28.693899154663086,3.948829770088196,3862.226787723392,3902.775515138755,10259.71277064005,726.474350971871
test,51,71,128.26348876953125,-120.66403198242188,34.35844421386719,-119.31777954101562,34.05833053588867,11.647049903869629,3249.2736630874742,3263.865004434427,11501.009123507014,305.8743391616804
test,52,80,233.28126525878906,-118.07618713378906,33.6238899230957,-117.8909683227539,32.803070068359375,5.394583895802498,27697.459187472643,27693.79842243537,29899.902377341576,28904.06435896186
test,53,80,52.9701042175293,-89.19403839111328,28.439729690551758,-88.91561126708984,28.03285026550293,25.278738021850586,1074.5895412289497,1073.2491437801484,24873.201771689564,488.03563329976396
test,54,84,25.083288192749023,-95.12059020996094,28.857059478759766,-95.30731964111328,28.93855094909668,1.368132444564253,2810.8995843427792,2847.281399844426,2738.676265237105,2537.7090243559032
test,55,84,90.56564331054688,-95.30729675292969,28.93840980529785,-94.68182373046875,28.345359802246094,0.4121609693393111,2623.567595715846,2655.754862094416,615.9509374125836,513.8902137195761
test,56,80,141.3599395751953,-94.74346160888672,29.349279403686523,-94.39315032958984,29.287439346313477,4.86538827419281,15121.172581511622,15120.773680437971,14707.363043341076,15538.717159141868
test,57,80,252.37237548828125,-64.9609375,18.3260498046875,-66.63690185546875,19.674509048461914,21.709993474185467,5551.606908348086,5575.964251316149,22133.44741201506,8145.906955616823
test,58,80,48.52195739746094,-80.12185668945312,26.092849731445312,-79.80503845214844,26.369579315185547,12.06056588375941,5117.589379358071,5181.146350765632,12853.124914717988,4481.142756063465
test,59,70,203.81613159179688,-77.85607147216797,33.257293701171875,-79.58712005615234,32.17551040649414,25.61970567703247,4974.688493818975,4985.9549378731535,21861.714870965337,4638.956485627627
test,60,80,101.67753601074219,-93.69010162353516,29.50152587890625,-94.08773040771484,28.711929321289062,6.425128221511841,2659.813877470524,2660.7218274354773,6887.598758549993,7684.2215944844165
test,61,70,39.721580505371094,-122.0143051147461,29.70238494873047,-122.37895965576172,29.5377197265625,35.85478448867798,2205.375797996835,2211.4018863621554,32109.560119722297,47.342905575718774
test,62,70,62.167945861816406,-64.94606018066406,18.33514976501465,-64.72136688232422,17.820079803466797,1.128604982048273,3432.298735992943,3513.2718104331407,1150.497462631943,203.1232315038695
test,63,70,115.45404052734375,-74.35893249511719,38.084293365478516,-75.09931945800781,38.92723083496094,27.497347831726074,6475.766057251041,6485.6471592501175,15201.320362076864,1556.6683031944453
test,64,70,155.02557373046875,-75.10706329345703,38.9380989074707,-73.88021087646484,39.411869049072266,39.41508913040161,18819.574782873602,18534.4385298817,22955.112961256542,24892.909804418097
test,65,89,112.15326690673828,-67.9181137084961,18.52213478088379,-68.51551818847656,17.747669219970703,13.439184665679932,4389.062199295373,4417.768677936689,12835.846453957469,5022.78546453981
test,66,89,63.25337219238281,-68.5283432006836,17.7431697845459,-68.14762878417969,18.143510818481445,10.183565139770508,3029.598840168633,3035.38992697742,5459.532050404621,4714.16915624224
test,67,70,67.97105407714844,-95.06120300292969,28.923009872436523,-95.34050750732422,28.94002914428711,5.928856372833252,6009.848540153895,5984.934570400901,7088.5429145358485,6876.3753386746475
test,68,70,359.3363342285156,-67.89801788330078,19.70367431640625,-64.53605651855469,19.298229217529297,21.081050872802734,7517.105636454157,7535.951322371008,21271.507679426733,9725.362942436113
test,69,70,59.224918365478516,-81.40656280517578,23.739084243774414,-80.9006118774414,24.001630783081055,28.493640899658203,1343.8602229648052,1363.8136836717526,28245.335560739775,310.34439391732036
test,70,84,66.5210189819336,-82.00272369384766,24.310749053955078,-82.65888214111328,24.295230865478516,3.1006234884262085,1105.7278598867917,1111.7388426993923,3111.985436975554,51.562525374037534
test,71,80,189.98524475097656,-73.95919036865234,38.1503791809082,-75.41969299316406,39.334739685058594,36.559224128723145,4380.748094937017,4385.050793154627,21272.80464252555,11418.439564353846
test,72,81,83.47480010986328,-82.22135162353516,24.314355850219727,-83.0428695678711,24.26862907409668,15.906191349029541,1648.8323289681457,1635.7332518140972,10450.18361736754,434.16955876472446
test,73,70,63.08892822265625,-82.0003433227539,43.53545379638672,-82.34678649902344,43.083961486816406,17.214480757713318,5173.927019428915,5181.756738303049,20048.881056852504,2601.385518375104
test,74,67,36.790245056152344,-89.16229248046875,29.577360153198242,-89.3094711303711,29.417150497436523,6.452793836593628,4815.320360658636,4822.75477133334,7222.731218486771,5225.477262547825
test,75,67,28.32912826538086,-89.1351089477539,29.554649353027344,-89.30754852294922,29.42414093017578,8.642243385314941,3556.7625492499237,3564.6856879055117,10386.053838930817,2744.028803694143
test,76,67,25.221162796020508,-89.3077621459961,29.42357063293457,-89.11759185791016,29.578189849853516,14.222163677215576,1953.7692727903368,1963.4296597758594,11441.15781411773,92.2711828856302
test,77,60,71.74523162841797,-119.90586853027344,34.38975143432617,-119.20271301269531,34.148738861083984,0.01886944053694606,1474.7053104239685,1507.0435129737064,4054.7915449853795,1666.4126980209617
test,78,60,40.799678802490234,-119.20271301269531,34.14873123168945,-119.61251831054688,34.275699615478516,1.471472293138504,1540.25002909772,1589.0255704105589,887.0928439887915,474.444756864058
test,79,70,60.91035079956055,-92.30481719970703,29.55331039428711,-92.26476287841797,29.02971076965332,0.4917880673892796,3462.557881595232,3567.8409314607475,1101.6445356139081,4267.645060171889
test,80,79,36.49864196777344,-89.3510971069336,28.673309326171875,-89.26686096191406,28.35511016845703,13.18535041809082,390.6444738566578,466.9029800310552,13986.6410434969,901.8548307120514
test,81,79,59.3978385925293,-89.50592803955078,28.81123924255371,-90.10691833496094,28.822635650634766,15.884248733520508,2432.7469439014926,2400.591521226082,10107.084125213421,2049.8049975936096
test,82,70,48.77480697631836,-88.49453735351562,27.249895095825195,-88.26505279541016,26.86185073852539,6.16071617603302,1629.6074148367363,1643.6545002678163,4439.369995935434,88.57840238147443
test,83,80,25.3302059173584,-93.7010269165039,29.400699615478516,-93.7450180053711,29.584980010986328,4.773337125778198,2400.664581810139,2433.3825021788543,1874.8713499284486,2924.8709604684723
test,84,70,111.3089599609375,-119.20556640625,34.1486701965332,-120.3476791381836,34.321170806884766,1.427974373102188,1964.1124791026557,1980.8990197692463,3305.449070203606,4685.917034996144
test,85,71,475.345458984375,-118.27288055419922,33.76240921020508,-122.23258209228516,35.61503982543945,5.664507292211056,11424.200410425612,11392.035949434898,5485.975093489843,32054.99086512439
test,86,70,99.57978057861328,-82.95821380615234,27.63549041748047,-83.3590316772461,26.837860107421875,12.40759801864624,3154.4098684824376,3163.539307646464,11906.055845620742,2622.8900077392686
test,87,80,298.4533386230469,-118.21820068359375,33.75625991821289,-119.85045623779297,32.24108123779297,6.188517093658447,28750.39814921519,28783.57317441194,7777.373702623585,48288.57606342784
test,88,84,54.79430389404297,-79.60340118408203,28.462989807128906,-79.56594848632812,28.954660415649414,18.592934131622314,673.0874032955405,699.9079302558794,18439.728895153195,24.83960308354784
test,89,80,93.79742431640625,-79.554931640625,25.220474243164062,-79.37667083740234,26.039840698242188,8.34744930267334,5317.722000458782,5339.051717449629,6326.54602327361,3271.2546892651653
test,90,80,96.33550262451172,-95.3338394165039,28.93667984008789,-94.7374496459961,28.661169052124023,2.091979444026947,8022.348349375081,8106.742644279308,7292.886810945585,9853.366351485714
test,91,70,37.041465759277344,-88.02546691894531,30.34547996520996,-88.0324935913086,30.654199600219727,1.24632066488266,3381.210790928403,3401.612396384037,1338.0603145550983,1525.9282637196536
test,92,70,131.15672302246094,-88.03250885009766,30.6541805267334,-87.6156234741211,29.6082706451416,1.643260419368744,5604.383310220006,5615.295631999125,781.5374843851059,9939.840476616926
test,93,80,150.2001953125,-80.01881408691406,29.041120529174805,-79.41744232177734,27.79916000366211,30.698792457580566,7022.762575814208,7051.779782888852,21345.11477530782,1326.4261744479406
test,94,80,177.2501220703125,-73.96241760253906,38.11053466796875,-75.31089782714844,39.24042892456055,29.145564079284668,4359.663109188772,4370.064808101954,15068.203472983236,10494.592126117286
test,95,80,170.8890838623047,-75.32209777832031,39.24964141845703,-74.07923126220703,38.1416015625,11.834132194519043,5345.5570966535715,5342.842510659652,6138.794694183803,12246.284656415484
test,96,79,170.33116149902344,-73.08489990234375,39.27058410644531,-73.99532318115234,40.52022171020508,23.94193458557129,6563.503619297029,6556.422297430627,18538.932738304524,7305.45457063189
test,97,79,209.150146484375,-74.00911712646484,40.523380279541016,-74.20188903808594,38.7635498046875,16.556660175323486,4046.210358663661,4072.0362178132577,13255.322820806132,14290.218161247023
test,98,60,291.30560302734375,-80.01407623291016,25.518505096435547,-82.08865356445312,23.911230087280273,22.001760959625244,17729.42669861301,17757.30981184706,15170.556021335986,19327.356172077798
test,99,70,21.391803741455078,-76.34886932373047,38.37202072143555,-76.25704956054688,38.20233154296875,4.223128080368042,2653.89300471694,2637.2566665426043,3884.5622441358387,601.0073149984507
test,100,70,244.34420776367188,-76.25395202636719,38.19915008544922,-75.0094985961914,36.794681549072266,29.08707046508789,10735.78949198237,10632.117204121489,14546.480009691018,35679.055844173854
test,101,70,30.6615047454834,-67.24551391601562,43.60932540893555,-67.27976989746094,43.883880615234375,14.686908602714539,1657.958511081093,1659.375249437685,19469.900366957496,142.65011975068813
test,102,70,198.00479125976562,-80.11997985839844,26.08922004699707,-79.67735290527344,24.523069381713867,5.459651170298457,11691.916305028952,11697.99774091109,28292.783516875235,20051.598918837448
test,103,70,110.98047637939453,-119.1435317993164,33.98111343383789,-118.16658020019531,33.46583938598633,10.099149405956268,7042.670761382322,7027.6897503284,12988.72428622501,2866.210259613864
test,104,80,33.30180358886719,-75.2059097290039,38.97972869873047,-74.99772644042969,38.741058349609375,3.628060460090637,1387.8604098912997,1409.2513473031527,2329.9364315201374,442.21513788739196
test,105,79,267.96563720703125,-80.548828125,41.96773910522461,-83.45964813232422,41.69783020019531,0.704601839184761,8437.152333622635,8377.9830380462,5970.723410279274,6721.658514721648
test,106,60,53.593528747558594,-117.2354507446289,32.6939811706543,-117.13526153564453,32.220481872558594,2.8043615291826427,1491.0436901386815,1562.1963621180416,2218.4311672548124,338.3158279768064
test,107,67,28.32912826538086,-89.1351089477539,29.554649353027344,-89.30754852294922,29.42414093017578,8.642243385314941,3556.7625492499237,3564.6856879055117,10386.053838930817,2744.028803694143
test,108,67,25.221162796020508,-89.3077621459961,29.42357063293457,-89.11759185791016,29.578189849853516,14.222163677215576,1953.7692727903368,1963.4296597758594,11441.15781411773,92.2711828856302
test,109,67,31.648420333862305,-89.1150894165039,29.580110549926758,-89.3401107788086,29.475200653076172,11.910396099090576,3076.1102242641887,3087.6141765833263,12532.945936317577,2841.786671087916
test,110,70,66.22245788574219,-92.20880126953125,29.091449737548828,-92.06327819824219,28.51844024658203,17.15467119216919,1588.7338841387693,1610.7376141957936,15163.63750253745,685.5439303086714
test,111,60,20.17078399658203,-76.4176025390625,38.644168853759766,-76.3976821899414,38.824668884277344,12.606994867324829,932.8848529742761,964.9732837894904,13199.334457469242,109.65888694330121
test,112,60,73.77156829833984,-119.9222183227539,34.42552185058594,-119.69232940673828,34.404850006103516,0.10004970338195562,5001.744090857908,4782.7937473363045,6027.94378180908,5265.076543627611
test,113,60,28.093595504760742,-119.69233703613281,34.40481185913086,-119.9222183227539,34.425540924072266,0.005429529119282961,2720.5497774239616,2521.917961331817,623.6497155711354,3473.0423916820537
test,114,89,211.33505249023438,-80.01947784423828,25.064599990844727,-79.94383239746094,26.2291202545166,28.77496910095215,17993.855645151307,17990.889557982413,20912.38450034002,24443.352227324205
test,115,89,62.88810348510742,-79.94383239746094,26.2291202545166,-80.12191772460938,26.092859268188477,29.8577299118042,6421.077564176365,6384.4239993182255,32811.62817770634,6813.792402045946
test,116,89,212.44818115234375,-80.12194061279297,26.092859268188477,-80.57293701171875,24.5283203125,4.75382623821497,6427.677478104754,6448.672639185256,7137.962806107759,28440.816713861183
test,117,79,62.06990051269531,-89.50592803955078,28.81123924255371,-90.12728118896484,28.832069396972656,15.68655014038086,2054.5586090861575,2092.2342322872705,10426.889572682394,2505.2608301251107
test,118,79,40.44829177856445,-89.39041900634766,28.79327964782715,-89.2199478149414,28.463050842285156,5.3060221672058105,402.88651242340666,450.1176866513532,5405.577280609549,320.7794338324459
test,119,70,99.57978057861328,-82.95821380615234,27.63549041748047,-83.3590316772461,26.837860107421875,12.40759801864624,3154.4098684824376,3163.539307646464,11906.055845620742,2622.8900077392686
test,120,80,118.19116973876953,-117.46417999267578,31.118255615234375,-117.29483032226562,30.065980911254883,22.1885085105896,4857.616491770276,4871.629930997991,39655.7213210494,492.54294089424025
test,121,84,77.63833618164062,-95.30732727050781,28.938430786132812,-94.77509307861328,28.428319931030273,0.5174248144030571,3120.413930812417,3162.144944562988,879.2902904935977,445.8488994809909
test,122,84,104.93657684326172,-94.75955200195312,28.419279098510742,-94.6763916015625,29.081819534301758,15.484058558940887,20128.28939809315,20142.40781438003,25331.99043607551,16147.288784434018
test,123,71,53.67660140991211,-89.38420104980469,28.737224578857422,-89.09095764160156,28.3293399810791,6.989557981491089,968.5034920608457,967.674982302115,6331.135191482266,359.5904738294292
test,124,82,115.37157440185547,-75.12863159179688,36.350303649902344,-74.8490982055664,35.382259368896484,35.44705295562744,8820.985661651015,8830.602652946049,24136.977052309532,7256.255211757013
test,125,79,39.7580451965332,-76.10433959960938,37.62461853027344,-76.11052703857422,37.29961013793945,7.911127805709839,3924.4237864682245,3955.589498810104,21190.679914237284,3114.419120050095
test,126,70,197.9369354248047,-75.11498260498047,36.08596420288086,-74.86247253417969,34.333770751953125,9.45038652420044,3300.4319528566693,3298.1426485912857,8317.852659525834,5518.421881439897
test,127,84,36.6227912902832,-94.57318878173828,29.306379318237305,-94.4242935180664,29.045480728149414,16.330835103988647,4640.515117610574,4649.2326719096445,10467.901232172542,2093.057143001528
test,128,80,45.54043197631836,-78.79017639160156,26.515289306640625,-79.17870330810547,26.301860809326172,4.4268152713775635,590.2080810224109,627.1515646938535,4625.89174841702,339.5640982535362
test,129,70,107.73816680908203,-75.65528869628906,34.45630645751953,-74.85296630859375,35.166038513183594,7.368534803390503,2668.5063244253993,2659.3086256932684,5046.62191056317,443.5699941052977
test,130,82,132.73355102539062,-95.30844116210938,28.944570541381836,-94.55660247802734,29.291019439697266,1.5044500175863504,13663.92218868857,13672.522942710968,767.7228105164546,22222.741295796248
test,131,80,73.27427673339844,-95.2816162109375,28.921810150146484,-94.77925872802734,28.433069229125977,1.9851605296134949,2808.417206851906,2817.330270484204,1652.9565350311711,407.1088092464188
test,132,81,166.0076141357422,-81.15660095214844,24.49110984802246,-82.77104949951172,24.29388999938965,6.728965759277344,2566.055488622493,2587.6861868589403,6805.6135119928795,4434.52239504713
test,133,80,63.3746337890625,-118.14289855957031,33.6956787109375,-118.45214080810547,33.911678314208984,0.462018184363842,9244.157534892367,8566.88829916138,31912.66132962119,12502.785168551793
test,134,70,105.57655334472656,-89.81743621826172,28.049684524536133,-89.51126861572266,28.77239990234375,17.48374342918396,11055.822871115704,11061.337688212834,13786.780477642824,10096.15050776401
test,135,80,282.11376953125,-96.41002655029297,27.689279556274414,-94.1150894165039,26.450979232788086,24.405234813690186,16069.841228339506,16077.174923180437,31249.231946996537,12382.195026442116
test,136,70,46.05748748779297,-92.21344757080078,29.154979705810547,-92.30462646484375,29.553739547729492,4.985304557718337,2051.7854488806292,2144.533737349636,7263.733179537594,565.4035757796468
test,137,68,69.66822814941406,-97.06268310546875,27.848690032958984,-96.42381286621094,28.08131980895996,5.472646431997418,2894.917010228536,2974.930205370134,4113.342432588743,1986.6715627982635
test,138,60,70.929443359375,-119.90599060058594,34.38999938964844,-119.2034912109375,34.147708892822266,0.00553497951477766,1936.257771561192,1968.1143006149612,15868.256679455204,647.4728708842016
test,139,79,40.44829177856445,-89.39041900634766,28.79327964782715,-89.2199478149414,28.463050842285156,5.3060221672058105,402.88651242340666,450.1176866513532,5405.577280609549,320.7794338324459
test,140,70,139.4066925048828,-74.81780242919922,35.95724868774414,-75.8000717163086,36.845088958740234,18.00000524520874,2300.675881252834,2306.678897888287,17361.28631942938,4663.091934601527
test,141,70,208.5907745361328,-75.81072235107422,36.83150863647461,-74.17305755615234,37.95252990722656,38.539591789245605,13508.188243799648,13515.093336822016,37720.13790579787,22044.452140433386
test,142,80,99.72471618652344,-120.21566772460938,32.12030029296875,-120.13899230957031,31.94046974182129,17.80068016052246,19332.669405825905,19333.91922676389,14013.25444859933,19734.11877137739
test,143,80,279.0002136230469,-120.25971221923828,31.20747947692871,-119.75189971923828,32.31904983520508,43.17073631286621,22755.25772433577,22763.00084647039,41534.737366738926,22549.711083756945
test,144,80,29.351318359375,-120.14531707763672,31.77676010131836,-120.20321655273438,31.5177001953125,18.623273849487305,1582.1484061804658,1596.0850721345853,60650.179568861364,265.07162985017106
test,145,70,26.795175552368164,-88.9259262084961,28.0108699798584,-89.0501708984375,28.225330352783203,10.905381202697754,662.1166392667619,687.840365307611,10882.17435619787,185.5796704959065
test,146,74,160.0818328857422,-76.29708862304688,33.99494552612305,-75.03164672851562,34.97254180908203,21.68196392059326,5104.800748813605,5122.468560091249,15703.895848235938,4902.018718136646
test,147,82,269.62255859375,-80.3125228881836,31.708364486694336,-79.4216537475586,29.484399795532227,27.385993003845215,10775.29828028384,10780.200207753769,18066.873157143953,14099.577809899532
test,148,79,62.54445266723633,-80.14746856689453,31.564504623413086,-79.7780532836914,31.129430770874023,11.305685997009277,2680.785927677145,2716.613260822829,11193.754347330996,4063.162250448281
test,149,70,64.02639770507812,-64.94670104980469,18.334800720214844,-64.71897888183594,17.819599151611328,1.0555691048502922,4372.389955613132,4444.848014377307,1500.004056215769,1222.562944745136
test,150,70,48.906455993652344,-64.712890625,17.803010940551758,-64.88800811767578,18.209720611572266,11.9660005569458,6304.549989796863,6332.852466935241,20491.52440878502,48.795035219127534
test,151,80,137.92469787597656,-94.57402801513672,29.21847915649414,-94.45475006103516,28.056819915771484,4.166805982589722,3756.657227449341,3731.240797518839,2658.3004555838816,8943.211726140302
test,152,84,36.6227912902832,-94.57318878173828,29.306379318237305,-94.4242935180664,29.045480728149414,16.330835103988647,4640.515117610574,4649.2326719096445,10467.901232172542,2093.057143001528
test,153,80,185.98619079589844,-92.86900329589844,28.201364517211914,-91.17517852783203,27.950809478759766,50.08977222442627,10707.93050324884,10715.976595878266,32153.983853868565,17171.64890254219
test,154,79,176.56182861328125,-88.03253936767578,30.665159225463867,-87.4454116821289,29.278730392456055,2.7839092314243317,5806.275965211863,5828.736208238921,2652.1054633705608,9516.072917468216
test,155,70,112.2288589477539,-81.2529525756836,31.051734924316406,-80.17427062988281,30.673980712890625,7.2945427894592285,2119.62709104652,2131.608412752931,4596.912957351023,1347.053039129408
test,156,70,167.69879150390625,-79.45492553710938,24.88006019592285,-80.1199722290039,26.0892391204834,4.067252159118652,7436.281260111743,7475.7196754550905,4138.46350087261,15517.486631222297
test,157,70,164.5784149169922,-80.11885070800781,26.0928897857666,-79.47344207763672,24.8458194732666,2.13610976934433,4400.047839791973,4435.628684561113,5269.9156693447685,14035.26734950517
test,158,82,118.894287109375,-94.74855041503906,29.34956932067871,-94.41642761230469,28.42892074584961,4.848110198974609,6158.543648761239,6149.071376064782,3041.453502381029,12319.372650712114
test,159,70,28.054370880126953,-90.09986877441406,28.83370018005371,-90.21942138671875,29.05014991760254,4.49239444732666,2101.4178296961145,2113.9651595015084,2439.3937224437445,2105.590511115527
test,160,70,28.928245544433594,-90.23014068603516,29.063079833984375,-90.10912322998047,28.836740493774414,1.2432891130447388,1486.15291798916,1501.4314504112092,1204.5135966722032,1661.3562661767023
test,161,80,249.58949279785156,-118.47991180419922,33.88972854614258,-117.48661804199219,31.9639892578125,6.727763056755066,11345.31905038421,11338.887677608935,9202.313720081103,11481.094181135344
test,162,80,280.2019348144531,-96.39185333251953,27.6904296875,-94.1150894165039,26.450979232788086,24.099854469299316,16505.53051232549,16492.189313211442,31735.658406335086,12756.127431695273
test,163,70,31.913320541381836,-87.4712142944336,29.30633544921875,-87.57794952392578,29.565160751342773,28.75666046142578,2171.868895400694,2182.4860760819274,28501.682423107653,2115.40334779948
test,164,67,26.07039451599121,-89.09873962402344,29.579669952392578,-89.33975982666016,29.475250244140625,12.674784660339355,1108.8099502328291,1133.7486713555224,10897.168708820282,72.11812666432789
test,165,67,28.202688217163086,-89.34757995605469,29.47323989868164,-89.13495635986328,29.554670333862305,14.470754623413086,1979.2602298361605,1997.2886634653491,14252.522775186742,2537.0702420966823
test,166,70,123.66313934326172,-92.06929779052734,28.47760009765625,-92.30477142333984,29.553760528564453,7.829098956659436,1339.7174470410628,1398.5929105906407,8087.589923989956,1461.7084483673066
test,167,68,67.64942932128906,-97.06153106689453,27.847429275512695,-96.42868041992188,27.786149978637695,1.296900525689125,1717.420120056481,1766.4474113357555,1733.2239210281073,2770.858951943624
test,168,60,28.44365882873535,-119.69232177734375,34.40481948852539,-119.92205810546875,34.42531967163086,0.014340576715767384,2770.341351759476,2546.2916193909955,347.623901071871,3547.24891345392
test,169,60,51.26678466796875,-89.72908020019531,28.939359664916992,-90.2234878540039,29.079639434814453,3.4749701023101807,671.9113785633384,683.7356977709279,3833.9278366479025,822.4285988145075
test,170,60,192.23326110839844,-93.63426208496094,28.086355209350586,-93.33146667480469,29.783489227294922,8.691715903580189,2301.1049663537733,2337.599441890427,7371.210398542835,1649.6826860521926
test,171,80,230.58224487304688,-95.3314208984375,28.934900283813477,-94.1241683959961,27.27522087097168,1.9371220809407532,5666.2972424184,5703.478421518427,1935.95369452605,10234.36487419958
test,172,80,25.701566696166992,-95.13764190673828,28.87105941772461,-95.33129119873047,28.934829711914062,0.5306065082550049,1619.838340087896,1958.3633543047988,647.413847695987,1648.430487019276
test,173,70,175.92172241210938,-117.91970825195312,31.364299774169922,-117.76553344726562,32.837425231933594,36.53554821014404,11557.597315278257,11540.81953705512,27989.113751914043,15342.956135628106
test,174,74,292.0922546386719,-118.27549743652344,33.754329681396484,-119.45417022705078,32.14500045776367,4.481077432632446,30028.45799223311,30083.174100517834,26729.613513174354,49188.00115789278
test,175,80,109.45770263671875,-119.9681167602539,31.931055068969727,-120.31678771972656,32.26327133178711,26.561745643615723,19667.566052863145,19659.937121363742,30452.269858793286,19388.03990289078
test,176,80,42.733516693115234,-94.7266616821289,28.689599990844727,-94.45458984375,28.389680862426758,3.123263359069824,1751.0275489001176,1764.3862569930834,2102.1398168313885,141.02954214984314
test,177,80,108.38075256347656,-80.61141967773438,28.414499282836914,-79.71475219726562,27.864309310913086,3.0335359480232,2543.475910350996,2579.2448221531095,1753.4925731195724,2443.0955632355067
test,178,89,94.80489349365234,-79.2643051147461,26.271915435791016,-79.50202941894531,25.514440536499023,10.139317512512207,7403.034542998107,7418.025056005652,7524.257514206939,7435.092268473145
test,179,82,100.91246795654297,-88.51038360595703,30.333009719848633,-88.0042495727539,29.644079208374023,0.9065502882003784,5888.149416290431,5929.772322336703,753.3297519073502,7501.565866376261
test,180,70,116.1808090209961,-65.69097900390625,13.148764610290527,-64.7381820678711,12.671270370483398,45.82146453857422,6894.345662764361,6886.635338347761,43227.44250524522,298.20315107894845
test,181,80,37.69488525390625,-94.69239044189453,29.06096076965332,-94.35011291503906,28.914039611816406,5.016370594501495,893.5088248431764,929.3924609156774,4378.8576798617705,950.7536292254719
test,182,70,85.07599639892578,-64.94605255126953,18.33513069152832,-64.67965698242188,17.887380599975586,3.4891482703387737,14320.649795895804,14358.507833082509,15579.57332845078,12406.358524800587
test,183,70,124.18289947509766,-64.94603729248047,18.335159301757812,-65.95455932617188,17.8729190826416,4.6567656844854355,2945.96747887406,3045.9497073773273,5485.124271696539,7231.790889836114
test,184,80,74.59506225585938,-80.2923583984375,24.354005813598633,-79.66436004638672,24.700149536132812,5.8717368841171265,1142.006447189201,1141.2599197007914,4019.129925989915,801.64412139261
test,185,79,238.8203582763672,-81.46392822265625,30.678569793701172,-79.06552124023438,31.168519973754883,28.15562152862549,11096.998250227629,11165.812441879389,28644.406514746006,2561.512380844196
test,186,70,216.2647705078125,-80.12006378173828,26.090269088745117,-80.93521881103516,24.575870513916016,2.8961891308426857,2875.375868188112,2930.2943233458222,4010.602140742824,27972.986551111746
test,187,70,218.99595642089844,-80.95172882080078,24.570770263671875,-80.1199722290039,26.09048080444336,3.224843005184084,4426.336833841152,4449.118377449376,6337.0012955181555,28543.803731734668
test,188,80,207.14584350585938,-88.51103973388672,30.32962989807129,-87.41542053222656,28.827959060668945,6.845675512449816,5428.597558098633,5441.8966425388035,6931.944419890904,6956.491114111603
test,189,84,119.5523910522461,-82.57850646972656,24.29081916809082,-81.41188049316406,24.384029388427734,16.329514503479004,3219.184300041928,3234.4774162803014,13292.007834263391,3233.864562032963
test,190,60,31.7945613861084,-66.72698211669922,44.77201843261719,-66.81002807617188,45.04684066772461,0.0631738156080246,2193.5204311207494,2217.7483026359023,440.9865707880738,550.5684932747978
test,191,60,27.179737091064453,-66.8100814819336,45.04685974121094,-66.73368835449219,44.81174850463867,0.18323294771835208,1310.1717782119242,1364.780819355068,475.64204543401115,460.08608827844955
test,192,81,460.0443115234375,-80.12191772460938,26.092939376831055,-83.2717514038086,24.31471061706543,18.43339817225933,5022.994480996761,5035.93148109159,30256.623011655058,68002.92491739782
test,193,70,68.31575012207031,-88.09481048583984,30.068920135498047,-88.0322265625,30.660629272460938,0.08501210063695908,1823.8936684935577,1891.6407117811307,91.27245179446584,2787.269872473476
test,194,70,34.246585845947266,-88.03263092041016,30.654190063476562,-88.02552795410156,30.347759246826172,0.22583185136318207,1429.0190718862634,1464.3392510924498,213.74505218219534,602.7005679740453
test,195,80,479.07427978515625,-96.23663330078125,27.749195098876953,-93.93917846679688,25.613529205322266,39.136473178863525,59658.676601024075,59646.64337816809,31537.782975258637,67983.97293040628
test,196,67,37.51593017578125,-89.11760711669922,29.578210830688477,-89.08721160888672,29.247909545898438,15.653916835784912,1297.0232322457784,1297.0522918930074,14702.980773610603,860.2156120621324
test,197,67,51.783119201660156,-89.08718872070312,29.247909545898438,-89.11762237548828,29.578210830688477,14.670795917510986,8764.492560662395,8774.987725641706,9659.16928357492,7322.425590609393
test,198,67,26.07039451599121,-89.09873962402344,29.579669952392578,-89.33975982666016,29.475250244140625,12.674784660339355,1108.8099502328291,1133.7486713555224,10897.168708820282,72.11812666432789
test,199,67,28.202688217163086,-89.34757995605469,29.47323989868164,-89.13495635986328,29.554670333862305,14.470754623413086,1979.2602298361605,1997.2886634653491,14252.522775186742,2537.0702420966823
test,200,68,68.97579193115234,-97.0614013671875,27.847309112548828,-96.44873809814453,28.114229202270508,3.5597841888666153,3046.3628161258976,3103.717339317813,2377.9504827611654,2008.602080939715
test,201,60,82.26758575439453,-119.8254165649414,34.41022872924805,-119.20291900634766,34.148719787597656,1.7920531332492828,6227.180947900001,6214.6133181910845,7087.074979604234,7488.111235684293
test,202,60,77.35548400878906,-119.202880859375,34.148719787597656,-119.90593719482422,34.39006042480469,0.00613469269592315,5214.807348891023,5221.152022551707,1493.7599734467747,3351.947131301917
test,203,60,73.69786834716797,-119.92192840576172,34.42530822753906,-119.69235229492188,34.404850006103516,0.09721085708588362,4970.910288782402,4756.020654301018,5247.455498252608,5230.294173815605
test,204,60,67.47028350830078,-119.82833862304688,34.41429901123047,-119.20291137695312,34.14873123168945,1.9505441337823868,1870.0992036796604,1894.6004296936333,1527.4498363286014,2444.06293585792
test,205,60,83.128173828125,-119.2029037475586,34.148719787597656,-119.90599822998047,34.390010833740234,0.01102206576615572,5407.921142044355,5433.667075175255,3904.837375999861,4830.985391553676
test,206,89,308.3769226074219,-79.81610870361328,26.235559463500977,-80.12193298339844,26.09115982055664,35.299007415771484,17726.11691588874,17677.087006670456,33794.86739648276,18332.189989499326
test,207,89,209.3322296142578,-80.1219711303711,26.09115982055664,-80.56511688232422,24.529539108276367,5.042138237738982,6389.165834720403,6427.044802815706,7611.377817127931,27391.482017274622
test,208,70,37.509159088134766,-90.28874206542969,29.03101921081543,-90.62539672851562,28.867660522460938,1.9083597660064697,1338.176352509806,1354.500664876053,2642.9268332323372,376.5320107136575
test,209,60,95.9664306640625,-84.99075317382812,29.733169555664062,-84.37628173828125,29.087120056152344,47.054901123046875,4396.043980359449,4420.037540659292,39149.608303879526,2075.2065315215914
test,210,71,365.51171875,-123.64710998535156,48.270259857177734,-124.00563049316406,48.313480377197266,3.75943386554718,26482.374764009164,26467.623718462433,27478.314933356414,26184.983434436304
test,211,70,286.74151611328125,-117.91970825195312,31.364299774169922,-118.2235336303711,33.731658935546875,16.45292639732361,21572.819820297773,21584.530670920758,10461.369397985307,24669.80206196218
test,212,70,209.54769897460938,-118.2235336303711,33.731658935546875,-117.19882202148438,32.16828155517578,12.068158745765686,11752.366098361172,11767.677620073531,12395.193056424876,14739.988592246355
test,213,80,102.2724380493164,-73.65276336669922,40.48936080932617,-73.05793762207031,39.7591552734375,12.7466459274292,6942.420909246443,7017.298732564764,7213.804729032232,6247.932284462033
test,214,80,223.94602966308594,-95.59404754638672,27.69506072998047,-96.86250305175781,27.805639266967773,14.209990859031677,27618.72654436872,27625.936633491758,37661.373162981705,29536.17027798425
test,215,80,201.3322296142578,-119.1225357055664,32.10150909423828,-118.88419342041016,31.591989517211914,20.014176607131958,32720.54460565206,32728.531862210955,46520.2960237846,33216.73676744213
test,216,70,192.89523315429688,-88.05155944824219,30.08272933959961,-87.79853057861328,28.578290939331055,32.35793495178223,10825.14842818145,10842.593780077936,13097.008509140107,24142.79155835208
test,217,70,566.876708984375,-79.88011169433594,32.762630462646484,-74.96121215820312,35.210289001464844,11.253193520009518,16152.634079695667,16135.953623565641,10092.598020989797,48723.37234032473
test,218,80,235.3519287109375,-117.09564971923828,32.34381866455078,-118.16053009033203,33.73432159423828,1.8762630820274353,13508.354891237523,13530.84357363536,11372.143691054625,28848.07480139014
test,219,70,223.89300537109375,-64.83245086669922,12.721844673156738,-66.72991180419922,13.519240379333496,91.16580963134766,16058.492183674352,16054.573380930342,91127.18784036042,470.6719321149272
test,220,70,329.22821044921875,-121.324462890625,34.66157913208008,-118.27316284179688,33.744049072265625,9.080629348754883,10740.465087272329,10752.314239343086,3299.106729237892,14686.36638029804
test,221,80,127.27323913574219,-93.63585662841797,29.418800354003906,-93.08695220947266,28.457870483398438,1.6819413900375366,6332.72841215564,6324.4514092872705,1317.2780212993125,8697.069654641862
test,222,80,134.6162872314453,-79.55113983154297,25.306495666503906,-79.37496948242188,26.502809524536133,10.59545636177063,2954.3387347476732,2915.455218786691,9493.057513841744,1408.5805052597213
test,223,80,55.10711669921875,-74.48922729492188,38.92443084716797,-75.0447769165039,38.78858184814453,12.920926094055176,3703.0826762894776,3713.616002492038,9851.435534028718,4301.051502401225
test,224,80,121.46289825439453,-75.05680084228516,38.80009078979492,-73.79894256591797,38.48519515991211,24.462226390838623,16757.180521145867,16744.18514465444,11380.024246211626,7171.20864712639
test,225,60,34.7701530456543,-94.67803192138672,29.123159408569336,-94.77912139892578,29.314210891723633,0.8957705339416862,4498.866754186211,4701.848711343968,720.5048006339871,6090.319849899726
test,226,70,194.93357849121094,-80.73590087890625,24.659809112548828,-80.1199722290039,26.09048080444336,5.256589651107788,5612.496181064943,5676.898003337003,3005.430452459328,23728.435432081285
test,227,70,502.8626403808594,-80.1200180053711,26.090469360351562,-83.36090087890625,23.32033920288086,6.506736392620951,21843.035511494574,21853.919958315848,6023.969834678629,43240.41055154678
test,228,60,196.98561096191406,-94.61414337158203,29.284610748291016,-92.97128295898438,28.257469177246094,10.513326287269592,1951.3778392831512,1964.4148710451566,10433.421644341895,694.658633989395
test,229,70,257.3675537109375,-76.70297241210938,34.715091705322266,-74.62645721435547,35.329078674316406,11.917015664279461,11735.937477451342,11753.28529140026,6841.116458690244,35420.1325587504
test,230,67,25.582576751708984,-89.1146011352539,29.579940795898438,-89.30963897705078,29.426830291748047,9.01751184463501,1381.8261547972484,1410.4495639853449,9706.504994724095,161.7666371801676
test,231,67,36.49131393432617,-89.31024169921875,29.425519943237305,-89.11466979980469,29.579999923706055,14.288092374801636,5480.004835672795,5493.518453649626,12561.617338128954,4187.155723884656
test,232,68,41.18852996826172,-97.0621109008789,27.84803009033203,-96.68457794189453,27.709590911865234,6.423024654388428,944.9856164187712,1041.6461919613812,6880.41837980144,851.8637573614945
test,233,60,28.110570907592773,-119.69255065917969,34.40462112426758,-119.9221420288086,34.42570114135742,0.018470296869054437,2727.3122753292423,2534.9130012851156,564.7019424078009,3443.70064481653
test,234,60,77.55281066894531,-119.9059829711914,34.390018463134766,-119.20747375488281,34.14780044555664,0.037136536091566086,3753.6152810670933,3767.193409268816,4040.647682021923,3357.808792123415
test,235,60,77.51213836669922,-119.20747375488281,34.147708892822266,-119.90589141845703,34.390079498291016,0.05552111566066742,5559.1128004113625,5563.992406612733,4174.973350798897,3279.399859930531
test,236,60,28.05577278137207,-119.69255065917969,34.404598236083984,-119.92227935791016,34.42570114135742,0.021614032797515392,2647.8502793018633,2436.53024717677,673.3957160107724,3411.6480897639403
test,237,89,66.68968200683594,-93.53740692138672,28.631000518798828,-92.99214172363281,28.27128028869629,7.023131847381592,1252.4028920273195,1261.2194613756299,4122.79183389029,255.11902954135067
test,238,79,145.2379608154297,-90.19972229003906,28.928529739379883,-88.86505889892578,28.68852424621582,8.869952082633972,6396.423804684007,6392.9124867100045,5594.63026328633,9096.011599391588
test,239,70,211.39859008789062,-79.45121765136719,25.829734802246094,-80.4225082397461,24.316120147705078,7.668118953704834,4430.4368805055165,4455.389494789907,7367.019254930904,21041.047908806766
test,240,80,199.28115844726562,-74.0032730102539,40.48445510864258,-72.41146850585938,39.19969177246094,10.377377271652222,4310.472367673188,4333.354910992158,6337.944084166547,3312.7340073424634
test,241,80,147.25926208496094,-96.16911315917969,27.791730880737305,-95.32080078125,26.835100173950195,19.275060653686523,7087.968878767835,7090.8417629979685,14362.87909927694,7354.327316067673
test,242,80,208.58297729492188,-119.60742950439453,32.568023681640625,-118.0886001586914,31.407480239868164,10.718679428100586,8864.05573932935,8823.674550959056,12306.938898288317,12243.928596509515
test,243,80,66.26970672607422,-118.13683319091797,33.69417190551758,-118.47785186767578,33.88874816894531,1.2966942936182022,9322.050153440414,8798.438688667162,2617.6469712198395,12516.487090641887
test,244,84,105.23717498779297,-95.30729675292969,28.938419342041016,-94.59162139892578,28.25486946105957,1.9930506497621536,3306.4559405138707,3358.3131386167092,2038.0243396829155,1090.6361883208397
test,245,82,131.90736389160156,-95.30848693847656,28.944499969482422,-94.51583099365234,29.2933292388916,0.6363523425534368,13489.799735913739,13506.811715575037,1533.974876160292,21264.9049506064
test,246,70,200.5046844482422,-76.46068572998047,33.957401275634766,-74.96121215820312,35.210289001464844,11.087864398956299,8119.802285528619,8120.67078281374,8613.202108696238,8925.985003651253
test,247,80,198.59121704101562,-117.38140869140625,32.122100830078125,-118.16053009033203,33.73432159423828,23.34091567993164,7635.755735274007,7630.0729265863565,20690.810784833993,5946.816535482984
test,248,80,29.894001007080078,-118.15950012207031,33.73591995239258,-118.17398071289062,33.48649978637695,0.4927351623773575,3010.3972356087397,3036.2768138386787,866.3877371379507,2325.474773143345
test,249,80,311.8333740234375,-118.17250061035156,33.48292922973633,-118.27467346191406,30.977270126342773,29.31906795501709,31646.189227431358,31632.291036737846,33437.21802089027,36701.967502262094
test,250,81,251.00872802734375,-120.63296508789062,34.35078430175781,-118.14691162109375,33.68717956542969,6.833845138549805,7121.687634217333,7176.334257341439,3885.008226479587,5509.643406639642
test,251,89,122.60538482666016,-94.7588882446289,29.34847068786621,-94.42269134521484,28.399080276489258,1.345941960811615,6147.515594824283,6146.782634449268,1048.5592443639212,12719.395683241302
test,252,79,320.0885314941406,-118.25562286376953,33.233158111572266,-121.5185775756836,32.38100051879883,37.42058849334717,19795.36468350803,19817.310764793092,27457.565012555042,3642.32709661096
test,253,84,65.39043426513672,-94.17037963867188,29.0106143951416,-93.62709045410156,28.66642951965332,23.233609199523926,2351.2227156728854,2364.353219618561,20438.380320439257,146.12606838513108
test,254,84,117.0804672241211,-79.58714294433594,25.380939483642578,-80.03482055664062,24.480009078979492,4.129851341247559,5233.874008159848,5244.994132489893,4047.1296304517878,10122.119222131196
test,255,70,387.0809326171875,-80.12001037597656,26.09041976928711,-82.39517974853516,23.896089553833008,0.9747837483882904,16295.17852933941,16322.834265401465,1598.881368352085,43034.47178933026
test,256,70,388.5442810058594,-82.4081802368164,23.88903045654297,-80.07388305664062,26.129480361938477,7.649415671825409,16063.19786626699,16055.055095309943,6415.146397788724,41820.315574806555
test,257,70,425.8277587890625,-76.70297241210938,34.715091705322266,-73.35006713867188,36.44097137451172,55.003200355917215,20971.401955290305,20948.538618912666,49263.102130548104,46252.49789002139
test,258,80,446.06732177734375,-94.60913848876953,29.206390380859375,-96.94463348388672,27.81230926513672,4.669898271560669,76477.82046949344,76473.4394738286,73741.7778439925,87767.96669112178
test,259,81,315.8038330078125,-80.09774780273438,25.176074981689453,-82.91340637207031,24.28553009033203,7.497726321220398,6240.598282281491,6242.892456069131,5040.846067940934,24506.401596563966
test,260,70,82.931884765625,-64.56533813476562,17.12827491760254,-63.835609436035156,16.8941707611084,40.99719715118408,9568.58990119103,9575.290065488382,33206.15004656571,2517.715974638933
test,261,68,23.79718589782715,-96.8410873413086,27.790409088134766,-97.06153869628906,27.84745979309082,1.1953427195549011,1321.0480849672535,1422.3489872718378,1303.2438870441263,1078.4244721516002
test,262,60,28.14153480529785,-119.69233703613281,34.40481185913086,-119.9222412109375,34.42578887939453,0.013283352833241224,2676.8972430329827,2487.6106782702027,404.58010678269795,3427.3283280783257
test,263,79,44.18051528930664,-88.84114074707031,28.941499710083008,-89.2485580444336,28.766939163208008,22.840216159820557,3035.8301841919692,3050.7991990551727,19757.94773351869,126.00618488220377
test,264,79,152.2021942138672,-90.19972229003906,28.928529739379883,-88.7941665649414,28.68136978149414,9.873804092407227,6006.671426839814,5996.790126259138,7355.120250180924,9053.484448265699
test,265,80,272.84320068359375,-94.65315246582031,29.185779571533203,-94.41278839111328,26.782560348510742,9.85826301574707,4360.347427410268,4334.129764603087,11466.01353353405,9153.629802113443
test,266,80,76.80307006835938,-118.48320770263672,33.900081634521484,-118.16871643066406,33.73278045654297,1.613879531621933,13857.02963040022,12487.016222223883,12521.772359590013,16164.609001327548
test,267,80,298.3304138183594,-118.16780090332031,33.734500885009766,-119.30048370361328,32.35694885253906,7.776168525218964,20973.674522360183,21008.374203296917,47603.15753071501,38543.63614314762
test,268,80,794.3455200195312,-118.26011657714844,33.765499114990234,-124.26705169677734,37.965030670166016,23.332231521606445,16370.755090138466,16322.375586874316,29001.776653215857,67537.54934633727
test,269,81,465.8770446777344,-118.22078704833984,33.7335205078125,-122.02352905273438,35.80044174194336,5.068723678588867,12241.988196557926,12203.213978502734,4326.532769868986,40819.30849835831
test,270,80,79.77898406982422,-94.55397033691406,28.548519134521484,-94.42401885986328,28.05632972717285,4.6992985010147095,9646.23116716687,9646.629488057211,30059.659260551747,10899.103654084396
test,271,80,58.7487678527832,-96.99095153808594,27.829120635986328,-96.50768280029297,27.53125,1.4795365035533905,3320.33922470235,3341.4210019194616,698.9560562240815,1938.0035358296968
test,272,89,651.7654418945312,-119.12315368652344,34.003326416015625,-123.15609741210938,37.32683181762695,33.82327210903168,50220.37359143959,50223.06374265834,78748.91672088395,52325.13205596064
test,273,89,26.334110260009766,-68.15579986572266,17.98259925842285,-68.05224609375,18.197330474853516,14.631951332092285,1707.0450959886991,1718.93580411328,10597.937747225556,386.4677015789657
test,274,79,188.4779052734375,-81.31585693359375,30.72549057006836,-79.37482452392578,30.940710067749023,34.77247428894043,2134.0711078786576,2152.515601378406,25711.253446073282,2408.6743364447725
test,275,60,186.38986206054688,-79.49445343017578,24.611419677734375,-80.1147689819336,26.08148956298828,5.287043988704681,5583.303889502498,5591.955294643331,15754.409517460526,7788.4121857409755
test,276,60,368.3118591308594,-80.1147689819336,26.081470489501953,-82.16896057128906,23.864599227905273,24.51873016357422,15191.429031350952,15207.371208555516,22273.75270063721,40936.74743082344
test,277,70,106.19708251953125,-75.58894348144531,36.65645980834961,-74.39875793457031,36.66379928588867,18.839415550231934,3567.2804505214913,3592.786714959017,9667.285708283316,181.84264924416172
test,278,70,162.852783203125,-80.45304107666016,24.81955909729004,-80.07388305664062,26.129480361938477,16.036376953125,3133.965909464137,3156.564978395538,10659.113299539036,16973.55188722925
test,279,70,206.25425720214844,-80.12001037597656,26.090450286865234,-80.8054428100586,24.585540771484375,2.3236013650894165,2825.383182306486,2835.506796487534,3730.603221579193,24992.543225062378
test,280,70,125.62267303466797,-80.82208251953125,24.588539123535156,-80.03894805908203,25.40276527404785,24.019387006759644,4051.056683857034,4052.768298999154,23318.117057378873,9691.558255598118
test,281,70,122.40093231201172,-75.22547149658203,39.004188537597656,-74.25621032714844,38.25516891479492,2.1864902824163437,2331.7048028991953,2351.837348458983,2210.121514530555,7604.178142812309
test,282,70,705.8101196289062,-80.71085357666016,31.199804306030273,-74.85759735107422,35.224639892578125,33.43235921859741,54345.84015623068,54345.61098925161,38040.79422892498,5503.757733727148
test,283,60,410.946533203125,-92.453369140625,27.747180938720703,-89.6852798461914,25.014780044555664,45.737361669540405,20867.37572318779,20868.947688474964,44784.75540300008,2549.507045695696
test,284,79,162.46214294433594,-92.2018051147461,29.135534286499023,-90.56526184082031,28.979049682617188,22.055421829223633,4450.990361727211,4478.518766446446,15084.81578892239,7401.522085314971
test,285,60,28.262859344482422,-119.69235229492188,34.40481948852539,-119.92217254638672,34.425628662109375,0.005170151009224355,2687.689507681474,2502.237726971705,646.4610447350158,3416.3708631662635
test,286,60,67.10475158691406,-119.82839965820312,34.414249420166016,-119.20276641845703,34.14873123168945,1.9509442076086998,1486.13873886876,1512.1097795359865,1461.1873017156172,2400.2746113435837
test,287,60,75.82331085205078,-119.2027587890625,34.148719787597656,-119.9228286743164,34.42552185058594,0.17014165222644806,3524.8680549086816,3553.1707476729803,17194.203374910187,1393.9651035713334
test,288,60,28.578039169311523,-119.69265747070312,34.404300689697266,-119.92211151123047,34.42557907104492,0.02956741489470005,2593.3657518191735,2401.8370418624672,730.8889614867451,3345.7130904325268
test,289,70,26.885007858276367,-90.50308227539062,29.030210494995117,-90.27194213867188,29.042449951171875,12.414511680603027,2833.916343315611,2815.4883465246285,13105.523576232386,3760.4921820612835
test,290,79,62.14647674560547,-89.3376693725586,28.602750778198242,-89.09314727783203,28.157730102539062,12.38351559638977,2100.4790728144194,2115.9923894399353,8660.555572112373,2529.2611822449726
test,291,60,45.61342239379883,-92.30750274658203,29.535329818725586,-92.69017028808594,29.3416690826416,0.45845623314380646,2259.430209898759,2259.4218044003865,3348.4973936112574,2136.8308183113445
test,292,60,47.33086395263672,-92.3048324584961,29.55316925048828,-92.69066619873047,29.334999084472656,0.22653138916939497,2661.628753739696,2711.5696615169363,247.5233468691648,2546.19288928167
test,293,60,51.230159759521484,-92.3048324584961,29.55299949645996,-92.68599700927734,29.355670928955078,0.052720701321959496,1482.3641123137131,1525.6664043751782,1283.5998267052234,4078.7677422563434
test,294,71,45.697235107421875,-80.45465850830078,31.915149688720703,-80.81436920166016,32.02716827392578,6.06699937582016,3321.040562628346,3343.4731699462563,4615.3878315667525,4887.96175703647
test,295,80,66.23684692382812,-118.211181640625,33.74848175048828,-118.7286376953125,33.825069427490234,2.7497528791427612,6215.679118928381,6158.764813066488,10195.800032249803,9628.638149411117
test,296,80,345.4907531738281,-118.16780090332031,33.734500885009766,-118.83199310302734,32.171348571777344,6.135618686676025,45750.59366395378,45735.15163984621,30879.493146545345,47112.14804219247
test,297,80,82.12018585205078,-94.62249755859375,29.216110229492188,-93.9033203125,28.84803581237793,2.284055769443512,3462.812106220219,3455.2239772286243,9100.838899480577,1979.5758889808224
test,298,80,182.7922821044922,-79.13622283935547,26.351455688476562,-79.62207794189453,24.8740291595459,6.299154028296471,8299.407530330185,8286.949086644252,3233.955543802215,12249.133420125716
test,299,70,273.1726989746094,-87.79627227783203,28.590490341186523,-89.38826751708984,26.582130432128906,51.60576915740967,12261.766171733876,12274.29274341574,50387.39021520854,494.55025572337877
test,300,70,252.4844970703125,-94.7359619140625,29.35194969177246,-92.69087219238281,28.00044059753418,9.795055389404297,5785.196436573706,5778.963162320068,9473.18456138451,4647.799275941786
test,301,89,78.77230834960938,-95.3068618774414,28.946510314941406,-94.76693725585938,28.424150466918945,2.2398985624313354,3264.5314223033333,3344.720492929366,2147.775421444756,454.5709026778274
test,302,70,135.04273986816406,-75.14460754394531,37.067081451416016,-76.16934204101562,37.19144058227539,6.21919322013855,12733.019835543928,12719.165532760797,14507.69415217539,15558.762285299143
test,303,70,159.68275451660156,-80.17183685302734,25.77140998840332,-79.46904754638672,24.765220642089844,4.105954170227051,9975.946988661153,10023.529996608773,4787.946475239157,20725.367676413953
test,304,84,454.93377685546875,-94.57894897460938,29.320810317993164,-93.76223754882812,25.3540096282959,40.04743766784668,24494.194198496378,24494.94064651926,33179.300973546095,9132.701373094656
test,305,80,91.68795776367188,-95.30882263183594,28.939950942993164,-94.68476867675781,28.342430114746094,0.5900742262601852,3320.031204954422,3380.533656015113,897.9110772330196,922.9147476150599
test,306,70,68.56057739257812,-75.95600891113281,36.929325103759766,-75.24703979492188,36.78144836425781,8.651701211929321,2221.0508220126926,2244.025424007153,5236.986279400033,5437.996897709005
test,307,70,105.9404296875,-65.85343170166016,17.022979736328125,-64.85888671875,16.970699310302734,23.378268718719482,8533.968182208991,8549.638088470687,23337.73266020507,187.69050304448177
test,308,70,98.8155746459961,-82.43363189697266,23.877140045166016,-83.24075317382812,23.385860443115234,28.807790279388428,7312.899667149874,7323.720442046048,20286.82478548773,801.0168779241826
test,309,70,165.56736755371094,-80.11998748779297,26.08922004699707,-79.47010803222656,24.843229293823242,1.929614007472992,4947.839438980072,4962.351330202275,4859.473088406841,14288.808369845161
test,310,84,202.42408752441406,-79.46852111816406,25.888755798339844,-80.8158187866211,24.6058406829834,19.950424194335938,18492.192771658963,18495.98080411413,19876.35823929409,5901.376752321716
test,311,60,28.077878952026367,-66.73609924316406,44.803890228271484,-66.81014251708984,45.04682159423828,0.044386112596839666,1623.54856827249,1671.2464877327784,178.11059079257714,434.03992990736174
test,312,79,101.42871856689453,-124.55111694335938,48.5146598815918,-123.37528991699219,48.43151092529297,9.184216558933258,8027.577335440304,6249.643822317271,7980.666065636247,11361.164300337436
test,313,81,464.3971252441406,-80.12188720703125,26.09292984008789,-83.28408813476562,24.332660675048828,19.199912503361702,6197.104320363853,6213.749525107812,29858.645394144518,69577.57636517327
test,314,80,46.979305267333984,-123.90943908691406,36.94891357421875,-123.7003402709961,36.561100006103516,23.756690502166748,899.6231076885953,920.1331107341152,16545.46830571385,90.61036158654905
test,315,67,25.19501304626465,-89.1216812133789,29.58513069152832,-89.33963775634766,29.475339889526367,11.527953147888184,864.5408225352267,886.1876628693756,10357.08604044751,571.778601467677
test,316,67,26.64152717590332,-89.33968353271484,29.475339889526367,-89.11759948730469,29.578210830688477,14.909650802612305,2453.032571349863,2465.7447462253976,14620.015753295984,774.4268380369206
test,317,67,24.836318969726562,-89.1148910522461,29.58032989501953,-89.34060668945312,29.475929260253906,11.961450576782227,925.8902818236214,961.2920017805247,10187.055956906013,133.28605211249433
test,318,67,25.966337203979492,-89.34066772460938,29.47566032409668,-89.11786651611328,29.578340530395508,14.970454692840576,2544.91180750275,2555.278552275227,14495.16677685837,866.5475531833158
test,319,60,28.21990394592285,-119.69255828857422,34.404598236083984,-119.92157745361328,34.42586898803711,0.001554130227304995,2623.517143828343,2411.9292157334426,328.2810993190034,3323.822291835187
test,320,89,211.4113006591797,-80.12193298339844,26.091150283813477,-80.55419158935547,24.533159255981445,5.623166030505672,7830.148328770277,7857.412281481988,8705.999295562655,27791.716458238407
test,321,79,61.373966217041016,-89.54103088378906,28.784099578857422,-90.01952362060547,28.440399169921875,15.705963611602783,1986.0289728859386,1999.7585738688572,13851.87962659149,1132.5866146782614
test,322,60,51.230159759521484,-92.3048324584961,29.55299949645996,-92.68599700927734,29.355670928955078,0.052720701321959496,1482.3641123137131,1525.6664043751782,1283.5998267052234,4078.7677422563434
test,323,60,50.20355224609375,-92.30467224121094,29.553329467773438,-92.71366882324219,29.352500915527344,1.3255185261368752,2545.4145914859128,2590.0160531242022,1761.3467712447905,4048.9868687035137
test,324,80,52.553810119628906,-79.45535278320312,25.3856258392334,-79.51268005371094,24.915929794311523,9.690850973129272,2448.2299638165155,2448.574629885068,6181.031046525954,116.29755662696091
test,325,71,45.697235107421875,-80.45465850830078,31.915149688720703,-80.81436920166016,32.02716827392578,6.06699937582016,3321.040562628346,3343.4731699462563,4615.3878315667525,4887.96175703647
test,326,71,248.0227508544922,-80.82859802246094,32.03514862060547,-79.93860626220703,30.06106948852539,12.674185752868652,10841.888395874988,10838.911249154156,10062.066820025175,18777.16858932753
test,327,71,472.0788269042969,-122.6216049194336,37.22592544555664,-122.35633087158203,36.473819732666016,32.34312725067139,52112.81905796386,52114.562173071194,38325.48034804383,52302.6627850752
test,328,80,341.72833251953125,-119.22502899169922,31.92070960998535,-119.07270812988281,31.563730239868164,21.813505172729492,32204.338029565017,32204.80462537391,39968.85335314261,32703.342453970898
test,329,80,180.33352661132812,-94.62249755859375,29.216110229492188,-93.07965087890625,28.340120315551758,4.878645181655884,4714.925646925381,4719.926030614944,5983.974827318328,2828.697338569467
test,330,70,274.82354736328125,-80.27996826171875,24.31929588317871,-79.38935089111328,26.4748592376709,8.30295443534851,7059.556025177399,7071.088336639797,8093.0314523959605,21781.237678772995
test,331,80,43.62057113647461,-94.70305633544922,29.0615291595459,-94.42672729492188,28.80855941772461,1.7176229357719421,3174.800530043368,3173.295567689065,1647.507323711521,4676.878235115756
test,332,80,50.117069244384766,-94.41278076171875,28.80044937133789,-94.45384216308594,29.2364501953125,2.2282643914222717,1761.9438366321756,1763.3814886691025,2903.9876264634554,1486.3204096524796
test,333,80,89.48587799072266,-94.69641876220703,29.074649810791016,-94.42851257324219,28.374359130859375,1.8955791592597961,4925.727955300996,4930.296360445193,8514.183309993456,8894.820992222505
test,334,70,82.35529327392578,-68.47087860107422,17.846660614013672,-67.99913787841797,18.41482925415039,20.186426162719727,2014.209638209495,2036.2045857679875,19119.53957108751,3730.6982591565
test,335,89,60.64695358276367,-95.18506622314453,28.82636070251465,-94.76693725585938,28.424150466918945,11.727310419082642,3165.7388599246738,3172.1709051378334,7616.886075308644,267.5613095565764
test,336,70,100.57784271240234,-75.75048828125,34.553375244140625,-74.98593139648438,35.202728271484375,8.17651742696762,2448.969039356294,2474.527709406748,12016.36353798456,1048.571719508944
test,337,89,209.00807189941406,-65.68682098388672,19.205734252929688,-66.12551879882812,18.915380477905273,39.41593360900879,41477.544156100295,41500.496692653986,65713.18938975193,41918.309880163106
test,338,84,296.7531433105469,-94.42395782470703,27.948854446411133,-93.76223754882812,25.3540096282959,59.89706230163574,8265.018113037439,8263.348575935117,44600.314072891655,3400.1014879144855
test,339,80,91.68795776367188,-95.30882263183594,28.939950942993164,-94.68476867675781,28.342430114746094,0.5900742262601852,3320.031204954422,3380.533656015113,897.9110772330196,922.9147476150599
test,340,80,306.5264892578125,-94.42521667480469,28.757184982299805,-93.23861694335938,26.3718204498291,16.78675603866577,11414.637285789666,11410.577200931111,6502.951226937162,24278.24014641493
test,341,80,97.4256362915039,-118.22997283935547,33.720481872558594,-119.01641082763672,33.958351135253906,9.808183073997498,6212.681032968537,6217.994180938536,9757.49911057639,10077.685052643217
test,342,70,201.4967803955078,-76.93489074707031,33.0894889831543,-75.36004638671875,34.33953857421875,20.737240314483643,2434.575897127909,2435.8221773461023,14197.994120772531,729.489254806458
test,343,60,248.7760772705078,-64.35140991210938,18.870790481567383,-66.32997131347656,20.100120544433594,25.133111000061035,2093.3168551078365,2126.2840079521147,20176.17984201122,3089.5870889961943
test,344,80,155.2145233154297,-95.6417465209961,27.15900993347168,-96.83435821533203,27.799259185791016,5.561617434024811,5517.786802842112,5529.996275006539,3448.8786343689862,4626.181930601404
test,345,80,162.19744873046875,-96.99089050292969,27.807680130004883,-95.58051300048828,27.06879997253418,10.243783116340637,5915.707770720278,5938.47817691486,9407.478686911405,1346.2773560018038
test,346,84,133.5241241455078,-93.49861145019531,28.623685836791992,-94.57626342773438,29.338069915771484,2.6112764179706573,2656.316209110732,2658.33363901035,2083.6411195554,2070.4603549695844
test,347,60,26.993423461914062,-66.81006622314453,45.04682159423828,-66.74250030517578,44.812400817871094,0.19804453407414258,1278.977441468209,1342.5252476930204,530.8557282650355,481.8167674268923
test,348,80,151.99627685546875,-95.317138671875,28.943340301513672,-94.41439056396484,27.89034080505371,1.2618804574012756,2858.5803213902495,2904.655197595529,1260.7261426764537,6412.836879847797
test,349,80,139.80958557128906,-95.30850219726562,28.944589614868164,-94.60128784179688,29.31348991394043,3.0456594228744507,15936.471023919357,15948.665472952775,2849.84407633695,24540.490533460354
test,350,70,47.936866760253906,-87.2646713256836,30.345029830932617,-87.0724868774414,30.231700897216797,2.3520305193960667,4080.5668202990937,4112.115659316308,3881.4409934379837,5150.888228672057
test,351,70,34.54576873779297,-87.08294677734375,30.16786003112793,-87.26123809814453,30.337169647216797,1.3569407165050507,4797.181018383276,4812.556471349877,934.4474410063596,4673.617279342826
test,352,70,187.13868713378906,-124.20861053466797,37.95859146118164,-124.99851989746094,39.51776123046875,21.820027351379395,6726.6331384832965,6739.038893159257,16183.479166274456,481.9114658906061
test,353,89,121.97529602050781,-81.51373291015625,24.281795501708984,-82.70320892333984,24.2237606048584,19.314461708068848,1505.2042427662639,1545.2326275290932,18075.876793386564,3306.166742508625
test,354,60,32.4925422668457,-91.75283813476562,29.379850387573242,-91.87268829345703,29.115619659423828,9.840839505195618,1759.9241433080067,1767.7150574156208,9425.830397303736,363.8408856400166
test,355,70,71.5690689086914,-89.97054290771484,29.25489044189453,-90.36849975585938,28.853479385375977,2.6122389575466514,6343.5768696582645,6378.936581922814,3567.16999946345,6374.254749365299
test,356,60,50.20355224609375,-92.30467224121094,29.553329467773438,-92.71366882324219,29.352500915527344,1.3255185261368752,2545.4145914859128,2590.0160531242022,1761.3467712447905,4048.9868687035137
test,357,70,236.00540161132812,-92.08114624023438,26.14946937561035,-93.64144134521484,24.564550399780273,96.20065498352051,8571.546640355069,8570.78498363571,66700.65456331967,519.6902747808945
test,358,72,260.9682922363281,-79.0123291015625,26.32662010192871,-80.6400375366211,24.535810470581055,25.792943954467773,11763.788189550016,11745.665219092281,27265.323269931123,6024.670536302351
test,359,80,40.948787689208984,-119.5611572265625,32.22237014770508,-119.36511993408203,31.91029930114746,12.82918405532837,2826.713174071614,2853.258111246522,8690.921375951839,3069.6982979069835
test,360,70,112.58094787597656,-88.50547790527344,30.346059799194336,-87.93707275390625,29.58506965637207,1.3512641191482544,6753.517614807435,6849.314649212395,1032.4286920305447,8533.348264558796
test,361,80,180.8209686279297,-79.2948226928711,26.244510650634766,-79.69563293457031,24.731000900268555,1.7878526449203491,8721.668471964646,8728.319862547978,2769.698304037137,8182.167396216645
test,362,70,82.35529327392578,-68.47087860107422,17.846660614013672,-67.99913787841797,18.41482925415039,20.186426162719727,2014.209638209495,2036.2045857679875,19119.53957108751,3730.6982591565
test,363,80,49.80773162841797,-91.04072570800781,24.257139205932617,-91.46443939208984,24.109760284423828,75.7960090637207,5444.0217195045125,5454.769599096072,71029.40970068966,5290.496633453399
test,364,70,137.66302490234375,-80.1695327758789,25.770450592041016,-79.511962890625,24.96446990966797,0.4761837050318718,9379.67474852757,9401.778930692693,2715.5710681176465,19264.79468650414
test,365,80,31.96722984313965,-89.1265869140625,26.192960739135742,-88.84190368652344,26.06159019470215,36.15909004211426,2226.662268691584,2244.7214735890625,36203.33353184148,128.6921563289516
test,366,70,143.851806640625,-88.59749603271484,25.242359161376953,-87.93496704101562,25.727479934692383,45.04775428771973,23543.04876925125,23526.686261988838,27102.918367010287,24132.044942594563
test,367,80,57.06890869140625,-68.27703857421875,17.9993953704834,-68.37972259521484,17.499290466308594,17.198637008666992,1549.1840972716157,1557.7699676456796,11719.31943061507,769.8483866041203
test,368,71,216.0994415283203,-118.23706817626953,33.75286865234375,-117.48696899414062,31.967260360717773,15.275301218032837,4584.637306749967,4652.132273001717,15365.847365891703,2834.7686678151344
test,369,69,42.427330017089844,-64.37174224853516,18.242584228515625,-64.0456771850586,18.051090240478516,10.061461687088013,1793.6386514416372,1808.5359277591833,12918.966484110353,3200.5615170891083
test,370,70,41.815887451171875,-79.62495422363281,31.436405181884766,-79.24777221679688,31.244539260864258,17.872053146362305,480.70813628380984,510.7790910596387,9197.462826948471,429.1543105061899
test,371,70,36.051422119140625,-69.4198989868164,40.57412338256836,-69.84646606445312,40.563411712646484,22.353148937225342,1442.5877187761698,1470.6114318291234,22352.309805311812,47.765026801368144
test,372,70,355.3133544921875,-76.10697937011719,37.505393981933594,-74.4981918334961,34.72882843017578,25.5139217376709,11118.95602813178,11047.230355056105,26703.92406679297,12272.001825022162
test,373,81,89.81712341308594,-90.72422790527344,27.590145111083984,-89.81362915039062,27.60240936279297,28.70684814453125,1763.212057977476,1791.5339811884226,18357.985586450937,718.9319823347945
test,374,70,44.57691192626953,-87.26367950439453,30.344480514526367,-87.07745361328125,30.192089080810547,0.7627296969294548,4981.105310510122,4997.682746029092,4660.490644145316,5811.576495145337
test,375,70,34.54576873779297,-87.08294677734375,30.16786003112793,-87.26123809814453,30.337169647216797,1.3569407165050507,4797.181018383276,4812.556471349877,934.4474410063596,4673.617279342826
test,376,60,68.764404296875,-92.30464172363281,29.55345916748047,-92.47177124023438,28.954809188842773,2.734080701135099,1960.3452477149312,2046.6850951886047,2949.5718668380605,613.1389137631842
test,377,60,54.99053955078125,-88.9646987915039,29.05759048461914,-89.22891235351562,29.410430908203125,1.0635334677062929,5198.947525822533,5132.828453716367,1930.3930258848743,7141.251948287163
test,378,70,71.5690689086914,-89.97054290771484,29.25489044189453,-90.36849975585938,28.853479385375977,2.6122389575466514,6343.5768696582645,6378.936581922814,3567.16999946345,6374.254749365299
test,379,79,46.416751861572266,-89.42794799804688,28.769969940185547,-89.2779312133789,28.377830505371094,11.246897459030151,1746.6586153899173,1760.3078353498342,10139.425653363101,1129.3659722455118
test,380,60,47.068756103515625,-92.30467224121094,29.55316925048828,-92.69049835205078,29.339170455932617,0.014411669922992587,2808.6305306008026,2872.877773971364,151.6376415744592,2871.032568780989
test,381,60,47.70903778076172,-92.30467224121094,29.55367088317871,-92.69082641601562,29.339170455932617,0.028164556249976158,2836.804808695754,2894.5295946536785,511.67061205943287,3322.896848131644
test,382,60,47.6717414855957,-92.30467224121094,29.553329467773438,-92.69082641601562,29.340999603271484,0.05221780389547348,2509.3180392886375,2560.6544916211465,659.625992621786,3251.701648184911
test,383,60,48.010372161865234,-92.30467224121094,29.553329467773438,-92.6903305053711,29.338830947875977,0.012903728405945003,2764.5667147700265,2812.191858139435,842.4214634744237,3982.289901962399
test,384,80,197.08169555664062,-66.5628662109375,16.77825927734375,-64.7123031616211,16.826019287109375,14.313315868377686,9598.738628986765,9610.952086475589,9811.789680871309,293.6386504119894
test,385,80,41.06490707397461,-96.27413940429688,27.838159561157227,-96.42070770263672,27.65468978881836,6.091672420501709,4079.452815221833,4101.95638113773,10573.582980288698,4893.139090968114
test,386,80,269.1048889160156,-74.62284851074219,38.7093391418457,-74.04931640625,40.6083984375,17.74452337436378,33675.73686955477,33227.21628368692,68249.14009706269,36424.34890803885
test,387,70,339.77960205078125,-88.03653717041016,30.694355010986328,-88.24819946289062,28.018449783325195,8.546003341674805,12070.451828433284,12072.186409875403,30650.314441307757,31066.039539604473
test,388,89,51.1634407043457,-94.25670623779297,28.60215950012207,-94.31324005126953,28.79684066772461,12.69838809967041,10260.591027773258,10263.86032194312,11827.374046044028,10176.702272191298
test,389,89,105.85303497314453,-94.31346130371094,28.796550750732422,-94.50167083740234,28.58683967590332,12.64579439163208,23183.936697863268,23188.834049124616,17246.835315167315,21959.06506640268
test,390,89,128.5200653076172,-94.5003890991211,28.582469940185547,-94.8489990234375,28.450700759887695,11.557912349700928,12882.733812507822,12893.983131688035,16088.929383393559,12445.972228837809
test,391,80,204.4441375732422,-95.8280029296875,27.801929473876953,-94.50962829589844,26.454870223999023,31.64090347290039,3352.8266234865873,3388.347666444904,58129.31515370297,6868.294296475879
test,392,70,70.23895263671875,-88.77709197998047,27.789920806884766,-88.43309020996094,27.23712921142578,16.992554187774658,1140.528696245145,1172.624616672512,12203.876699205815,196.59243758321537
test,393,79,467.64776611328125,-76.63196563720703,33.600433349609375,-74.3495101928711,37.16872024536133,32.47276306152344,13355.709018262884,13372.720199195064,29177.54547362402,34078.35694652439
test,394,70,232.9302215576172,-75.40180206298828,36.83208084106445,-72.807373046875,37.12200164794922,38.75627517700195,8588.356054767122,8589.433321382337,26206.530493284085,474.93273197104014
test,395,70,94.74052429199219,-88.0324935913086,30.65727996826172,-88.42919921875,30.09465980529785,0.8461465090513229,7711.573580163666,7744.439028414439,657.0446205145988,15166.089958408058
test,396,70,109.12162017822266,-88.42859649658203,30.093780517578125,-87.69261932373047,29.358440399169922,10.279446125030518,2409.3086363226225,2409.871602040492,10488.047468437764,1778.189523546473
test,397,89,191.6776885986328,-64.96473693847656,17.273914337158203,-64.75038146972656,17.698230743408203,13.010627254843712,18393.618201437213,18416.88397917996,24357.12051930541,18937.76288653075
test,398,89,59.472190856933594,-64.75038146972656,17.698219299316406,-64.4700927734375,17.44877052307129,1.6669636517763138,7777.212417050274,7808.717454628022,11613.579272126994,10235.167097625117
test,399,70,131.2109375,-88.50546264648438,30.346059799194336,-87.82334899902344,29.467479705810547,0.3734778515063226,6700.845329384211,6756.414227740041,1890.0743150303736,9002.23533340668
test,400,80,73.57472229003906,-96.29548645019531,27.486745834350586,-96.86042022705078,27.8310604095459,3.611637234687805,4880.609557848027,4853.074804605047,4158.055261936553,3315.8587507795423
test,401,70,297.1009826660156,-67.69904327392578,17.1125545501709,-64.90840148925781,16.978200912475586,27.379136085510254,10689.68915121809,10700.689496841764,27574.237852832644,306.13173368383684
test,402,70,255.32546997070312,-73.8157730102539,40.3836784362793,-74.21177673339844,38.114540100097656,13.020511627197266,13377.197834364673,13395.449679847921,8378.189510008273,4246.023949634026
test,403,70,319.26568603515625,-80.02223205566406,25.49587059020996,-82.42961883544922,23.882099151611328,15.063972473144531,18473.633545186203,18482.800058155623,14387.530670641949,18599.327529572136
test,404,70,390.3912658691406,-82.44700622558594,23.886760711669922,-80.07760620117188,26.111169815063477,6.8477044105529785,15802.498382293532,15776.11189762028,4569.65131870029,41978.185606944135
test,405,70,74.14800262451172,-80.12007141113281,26.09044075012207,-80.01736450195312,25.471555709838867,8.97045636177063,2263.372690986803,2313.2616564935174,9293.819329910104,4383.043252283102
test,406,70,99.18138885498047,-69.4198989868164,40.57412338256836,-70.59345245361328,40.54978942871094,4.297017216682434,1686.348120406942,1682.0294752263371,4235.951853577621,198.7101977760532
test,407,70,21.230907440185547,-87.06234741210938,30.187559127807617,-87.25636291503906,30.271329879760742,2.5579586029052734,763.5030601592825,768.1161147117957,2514.6616340213327,424.0309052280269
test,408,70,31.44737434387207,-87.10030364990234,30.204540252685547,-87.2644271850586,30.34527015686035,1.3912975126877427,4368.872355883081,4433.77417523521,1578.165771000154,4471.411395956751
test,409,70,37.6265869140625,-87.26445007324219,30.345300674438477,-87.12892150878906,30.156330108642578,1.087336308322847,2965.1234657049486,2997.3514694997925,3747.9200174402267,3480.748432929391
test,410,70,31.850601196289062,-87.12655639648438,30.157859802246094,-87.26280975341797,30.343050003051758,2.597464472055435,4367.774857003388,4402.648348678298,1888.1546642530736,4111.696508309233
test,411,70,64.39892578125,-69.15347290039062,17.358909606933594,-69.6243896484375,16.99492073059082,20.35660457611084,3520.5088853196667,3533.187265376289,20716.37123512034,332.83551823308943
test,412,80,131.42892456054688,-95.30809783935547,28.942359924316406,-94.42008209228516,28.06471061706543,1.3125029802322388,2960.078559742722,3002.4575345726403,1717.6351478004249,541.2193531454749
test,413,70,285.2772521972656,-87.22672271728516,44.19145584106445,-87.54279327392578,41.72513961791992,14.792356491088867,8905.23106931228,8927.779651088473,20437.83570741824,10753.389906099297
test,414,70,382.3370666503906,-87.90171813964844,43.016300201416016,-87.8857192993164,44.66844177246094,51.573774337768555,77641.2182230241,72745.72299386613,113459.43534534592,76857.15893952068
test,415,70,488.4322204589844,-87.89620208740234,44.656978607177734,-83.40618896484375,45.06821060180664,36.66807270050049,17018.060761265617,17030.15637532387,54772.43049269495,71674.45138165684
test,416,79,555.7799682617188,-84.35041809082031,46.50297927856445,-90.99822235107422,46.964088439941406,12.653244629967958,5528.358016769889,5498.062536868232,7505.145422451634,46788.83619710343
test,417,70,48.93324661254883,-92.08763122558594,46.735931396484375,-91.67404174804688,47.015869140625,1.245989054441452,1971.0320622135903,1993.0464031714328,423.8679669324936,2433.9633307485924
test,418,70,54.044715881347656,-91.6751480102539,47.015838623046875,-90.97846984863281,46.95317077636719,10.082914993166924,1423.7928150277064,1440.3250719838345,7426.084750550259,661.1183730939966
test,419,68,72.25978088378906,-97.06217956542969,27.848140716552734,-96.35057067871094,27.83769989013672,0.8935720771551132,2655.977158327954,2688.880441442761,736.1434204781158,803.8806706481736
test,420,60,28.445907592773438,-119.69258117675781,34.40459060668945,-119.92225646972656,34.425559997558594,0.016224227845668793,2782.018617968794,2581.70141313037,573.084415542837,3540.2147879354125
test,421,60,27.42718505859375,-119.69235229492188,34.40481948852539,-119.92118072509766,34.425621032714844,0.015034289099276066,2424.9488286738733,2215.4482402865756,4152.564330792355,3192.708034429558
test,422,89,209.5936279296875,-80.12223052978516,26.09343910217285,-80.5560302734375,24.5247802734375,5.469151854515076,6209.102636872785,6242.469616577668,7285.906595786545,27433.094464503596
test,423,70,29.146581649780273,-91.28948211669922,28.74544906616211,-91.0003662109375,28.805130004882812,10.528398036956787,1912.8713601296442,1922.14791960784,7854.494942684147,820.7692455633693
test,424,79,167.5836639404297,-89.48194885253906,28.613489151000977,-91.01831817626953,28.127660751342773,20.202707290649414,11244.868704028577,11261.623619176444,27020.810240456038,6275.885763213716
test,425,60,47.70903778076172,-92.30467224121094,29.55367088317871,-92.69082641601562,29.339170455932617,0.028164556249976158,2836.804808695754,2894.5295946536785,511.67061205943287,3322.896848131644
test,426,60,49.128971099853516,-92.3048324584961,29.553329467773438,-92.6875,29.338329315185547,0.1825303863734007,2630.72262694934,2667.9315300718285,2194.2030087314306,4206.338241443533
test,427,70,298.69207763671875,-75.17913055419922,36.95708084106445,-76.41702270507812,38.893409729003906,7.097059726715088,8167.943464921504,7995.389177469835,3393.452698673566,38306.60520491835
test,428,80,102.31147766113281,-64.7472915649414,17.692720413208008,-63.91838836669922,18.019519805908203,13.681280463933945,2648.549722526872,2662.5666981057952,13954.12150391444,5860.135195307949
test,429,70,106.13619995117188,-65.59413146972656,19.60161590576172,-64.61772918701172,19.384349822998047,16.183621406555176,3101.697180361386,3098.489693316096,13321.03181645292,3512.4025464784872
test,430,71,668.1405029296875,-118.2728500366211,33.762428283691406,-123.20233154296875,36.9261360168457,4.793649524450302,21011.451687338245,21001.290065043042,10269.272196341683,54020.66815129192
test,431,80,44.22905349731445,-96.4374008178711,27.632280349731445,-96.07145690917969,27.475500106811523,6.207104444503784,2207.419018283307,2236.6572875436077,13045.803186336048,2369.9514192942506
test,432,80,41.06490707397461,-96.27413940429688,27.838159561157227,-96.42070770263672,27.65468978881836,6.091672420501709,4079.452815221833,4101.95638113773,10573.582980288698,4893.139090968114
test,433,80,119.81917572021484,-79.50032806396484,25.8404598236084,-79.6929702758789,24.780439376831055,3.805357962846756,4418.555866834458,4428.594899086832,3245.0324425579975,636.2184413855206
test,434,89,74.3537368774414,-94.49297332763672,28.582170486450195,-94.8489990234375,28.450700759887695,11.578000545501709,7034.215462890305,7043.735554658291,11207.777351526638,6860.2839962773105
test,435,89,96.005126953125,-94.84919738769531,28.451679229736328,-94.07866668701172,28.7360897064209,23.579946517944336,8088.750290148061,8098.290720893264,19190.437256311237,9070.73202688385
test,436,71,187.3111114501953,-119.960693359375,34.19887161254883,-118.24842071533203,33.73196029663086,0.7484648525714874,9989.617399141995,9852.211145743378,1504.9203458182076,9709.48340162872
test,437,71,378.0414123535156,-118.2625503540039,33.72755813598633,-122.05780792236328,34.505741119384766,2.028690814971924,13604.474408802578,13443.957186897847,1243.5632061976576,13414.742797543813
test,438,70,99.97911834716797,-94.58354187011719,29.191829681396484,-93.720703125,28.734649658203125,3.3953808546066284,5092.764315551389,5091.031059674793,9801.827949263343,2896.224530006337
test,439,80,31.495731353759766,-94.73837280273438,29.34868049621582,-94.48011016845703,29.26738929748535,1.7819199413061142,2263.0162400206736,2289.967925541785,1643.3858119851354,2240.923266656747
test,440,80,28.774261474609375,-94.4806900024414,29.270479202270508,-94.72705841064453,29.34531593322754,1.2872980833053589,1249.5892278860244,1271.9297347107479,2350.418242287176,1392.2568944365248
test,441,80,180.9859161376953,-73.90203094482422,38.77460861206055,-75.23008728027344,39.00746154785156,8.173338651657104,14287.661983803695,14296.074666520248,18112.063856810713,18257.498290439173
test,442,80,317.5645751953125,-75.23049926757812,39.00741958618164,-72.00582122802734,38.30916976928711,27.013548851013184,10376.278150808925,10403.96120380917,27854.96956665018,20495.40607833274
test,443,70,618.2206420898438,-76.40154266357422,38.966529846191406,-72.93424224853516,39.09825134277344,58.15722846984863,69027.17747245062,62301.71716272813,38757.109187325426,120845.86046411608
test,444,79,178.69851684570312,-88.03251647949219,30.665090560913086,-87.44535064697266,29.26235008239746,3.6945898830890656,6070.988965306274,6092.753202530651,3385.884376030637,9609.285798658575
test,445,80,88.6314468383789,-96.6895751953125,27.616134643554688,-95.81163787841797,27.616830825805664,15.296483159065247,4158.389858882726,4140.481405783661,9081.706108884455,3105.896604659769
test,446,82,210.0037078857422,-94.72007751464844,29.350650787353516,-92.9710922241211,28.270029067993164,16.728354930877686,1343.6256576443482,1364.6146068707562,7424.545737967318,1140.5101632486087
test,447,70,401.7798767089844,-80.12007141113281,26.09044075012207,-82.5195083618164,23.831239700317383,0.7477313675917685,14720.818015254466,14737.48303079246,887.1645316788472,43495.845966157365
test,448,60,319.6643981933594,-94.24292755126953,29.053449630737305,-91.80732727050781,27.171430587768555,12.016979932785034,5519.218913584391,5532.8878227835185,11995.858272470716,6582.90677669374
test,449,70,30.370615005493164,-89.16808319091797,48.425621032714844,-88.86492919921875,48.26710891723633,2.2626804560422897,1617.8343857383652,1632.032959125732,2010.2371687244442,2388.7258043721117
test,450,81,221.16969299316406,-82.56282806396484,27.633060455322266,-84.78014373779297,27.605310440063477,1.3596014231443405,5130.71288186374,5162.753733028546,1415.0563679851516,2398.398982553309
test,451,70,103.72332000732422,-87.26461029052734,30.345109939575195,-86.79681396484375,29.566490173339844,35.90178966522217,5173.263364341605,5187.34637647763,27592.805447095277,4578.445610325575
test,452,70,133.94815063476562,-74.84761047363281,37.207191467285156,-76.12419891357422,37.16432189941406,7.667285859584808,5397.939052431821,5430.8267848815985,6024.452894487497,15973.030915188614
test,453,70,351.96807861328125,-83.40696716308594,45.067291259765625,-86.6014404296875,45.45378112792969,39.518696784973145,27921.899726926185,28099.23704668985,37133.68729986734,47247.001933311905
test,454,79,34.5313720703125,-91.4357681274414,46.90087127685547,-90.99456787109375,46.960609436035156,23.66797161102295,1163.8604846628766,1164.1676407030936,23376.42963557321,918.1181116734218
test,455,79,156.041259765625,-91.67176055908203,47.014591217041016,-89.68335723876953,47.34627151489258,14.845635996200144,4276.929179636179,4293.222077124828,14926.929284326274,1129.9181684160203
test,456,79,54.70484161376953,-90.99159240722656,46.95848083496094,-91.67176818847656,47.01456069946289,30.615985870361328,6066.352952372542,6087.562755441501,19870.049560129624,1735.4012111745865
test,457,70,54.951534271240234,-90.97691345214844,46.95267105102539,-90.84040069580078,46.77436828613281,51.395586013793945,10800.253048632883,8737.576763589821,45740.35743225668,10091.929544406576
test,458,70,292.4739990234375,-90.84017944335938,46.77444076538086,-87.27777099609375,47.449981689453125,37.241013526916504,10358.271046885235,10350.915306604937,27833.219129847606,12470.3868433077
test,459,60,70.02701568603516,-119.82845306396484,34.414249420166016,-119.32122802734375,34.182350158691406,5.373241186141968,6410.073338430092,6421.741132362145,5386.001713596034,7044.384668412764
test,460,60,60.56611251831055,-119.3067398071289,34.18050003051758,-119.90641784667969,34.390159606933594,1.5209235269576311,4896.189538092882,4907.230622988969,3150.875319025129,2191.5309776619624
test,461,70,46.81126403808594,-90.8133316040039,28.61680030822754,-90.48918914794922,28.85811996459961,8.827536821365356,2277.9145359519725,2280.547422813544,11010.968518222004,2708.210338062004
test,462,70,59.7462272644043,-90.23776245117188,29.03428077697754,-90.31913757324219,28.505430221557617,4.9405516386032104,1271.1883036150311,1296.8354656818124,2967.734586486445,1207.945703386845
test,463,79,111.81783294677734,-89.30518341064453,28.85038948059082,-88.21224975585938,28.669160842895508,37.77954864501953,2274.152323154131,2292.606303789011,35456.16144415642,5146.756472330338
test,464,70,153.8592987060547,-76.63536834716797,33.183799743652344,-75.57620239257812,34.09749984741211,22.51713275909424,14888.888957292771,14890.862496668038,33455.60537382665,13939.117784331815
test,465,89,23.975019454956055,-94.22115325927734,28.702930450439453,-94.04078674316406,28.58991050720215,8.12777590751648,1283.8996669464375,1324.1391882100295,6643.293308608358,823.5141021544565
test,466,80,364.3122863769531,-66.89317321777344,19.875900268554688,-64.74498748779297,17.6043701171875,30.936169147491455,15804.516160778068,15858.325146489371,27101.301731069703,14966.322276518053
test,467,80,113.32599639892578,-64.72811126708984,17.607229232788086,-64.97785949707031,18.31686019897461,12.117648363113403,17594.564128656504,17636.05346006004,27273.54148525194,18998.85707464346
test,468,80,261.6178283691406,-64.96095275878906,18.326019287109375,-66.80194854736328,19.785194396972656,12.221859999001026,4113.161617187909,4132.086628759893,9574.186496072518,5254.522138317485
test,469,80,172.85806274414062,-91.70687866210938,25.252849578857422,-93.23062133789062,25.972179412841797,44.746192932128906,5474.965593366827,5486.094620122309,40918.45367831178,1020.8717475556346
test,470,80,139.03302001953125,-94.64617156982422,29.218820571899414,-94.46891784667969,28.161460876464844,4.297301173210144,6191.69962708343,6210.88465084425,6650.845490330075,12081.666438610693
test,471,80,224.22157287597656,-92.0458984375,27.90196990966797,-93.68138885498047,28.720029830932617,16.691526353359222,15019.152131599636,15025.803584118155,19488.206758250173,16070.397321813542
test,472,80,455.7406311035156,-95.99198150634766,27.571794509887695,-96.30618286132812,26.91107940673828,29.929407119750977,27429.0754137527,27423.22776290628,29206.299645638184,27576.481005899823
test,473,84,319.01507568359375,-94.71666717529297,29.34933090209961,-92.31632995605469,27.605670928955078,28.499504566192627,8786.534452220341,8804.096253742238,17695.055154355872,9356.886506430874
test,474,70,148.92433166503906,-80.16951751708984,25.770429611206055,-79.49191284179688,24.86652946472168,2.892706871032715,10238.487094258533,10249.607765132048,6667.598897886046,20228.93161297817
test,475,80,178.73391723632812,-94.5188217163086,29.136629104614258,-93.02877044677734,28.302719116210938,6.4119367599487305,4923.642985782029,4930.064350992739,2810.949620173294,4729.473747859104
test,476,70,220.18807983398438,-80.1200180053711,26.09041976928711,-80.93830871582031,24.55575942993164,1.871065717190504,2894.842266874833,2894.5029758952605,2590.2100943878245,28862.48850863954
test,477,70,174.52748107910156,-118.20890045166016,33.72597122192383,-117.6439208984375,32.30107879638672,3.052159070968628,5676.094476854147,5695.331828296055,3933.438015631648,5276.060667565329
test,478,70,241.6079559326172,-81.835693359375,41.96965026855469,-79.248046875,42.89226150512695,12.182100266218185,6919.656935559051,6923.128376706146,11036.003515377843,11213.379513730202
test,479,70,127.67643737792969,-87.26461029052734,30.345109939575195,-86.66924285888672,29.381900787353516,43.849602699279785,3724.8989575571595,3744.295433620263,31436.272844231877,4581.358459974055
test,480,70,75.60693359375,-75.20909881591797,38.97932815551758,-75.4251480102539,39.33940124511719,3.7667737007141113,9121.679432668177,9125.552236328787,3189.592297496807,12389.520729513699
test,481,70,196.83712768554688,-83.406982421875,45.06724166870117,-84.20628356933594,45.691673278808594,16.512864239513874,27871.198128808664,27451.48071818002,15973.590741681248,38469.43871079788
test,482,70,106.90985107421875,-80.78775787353516,41.907100677490234,-81.7722396850586,41.887229919433594,1.7124795764684677,12234.837147425113,12213.972048602101,9183.48001705143,9749.527944289039
test,483,79,30.211198806762695,-87.27870178222656,42.4073600769043,-87.29464721679688,42.135929107666016,26.5784010887146,1905.3290034902066,1924.6009149117574,26722.5700263532,2.916489382040778
test,484,70,88.87195587158203,-86.5961685180664,44.465293884277344,-86.86814880371094,43.69060134887695,46.22612476348877,4643.197344525605,4656.322626762828,46310.28256495707,601.1289133407258
test,485,60,47.54986572265625,-117.23636627197266,32.69422149658203,-117.2956771850586,32.28446960449219,4.689019415527582,1748.3264773448216,1780.745378649462,5138.473887309082,1818.1312959505785
test,486,72,210.4564208984375,-80.35455322265625,24.754369735717773,-80.12124633789062,26.072839736938477,37.43812370300293,16146.234560869956,16158.86446216065,44253.897920401054,30673.630267704397
test,487,72,47.51401138305664,-80.12120819091797,26.07284927368164,-79.67623138427734,26.167360305786133,26.339997112751007,798.9615912511159,862.8577688339676,21444.092685043834,1278.402126223674
test,488,60,29.030366897583008,-78.48831176757812,33.64126968383789,-78.58297729492188,33.872589111328125,1.832830786705017,1232.4440836985013,1474.9210677762883,3500.073892058708,1351.3526959781736
test,489,68,100.01029968261719,-97.06117248535156,27.847150802612305,-96.16181945800781,28.234310150146484,10.428186535835266,4171.469928588774,4195.752485824171,16905.187387603914,1555.2707550922928
test,490,68,96.46481323242188,-92.85704803466797,27.47657012939453,-92.04812622070312,27.964580535888672,24.844992637634277,2231.0615166128728,2245.9161946742515,25708.613270597754,401.4627500963397
test,491,70,20.930973052978516,-91.06610107421875,28.628490447998047,-90.89016723632812,28.536209106445312,1.1224872805178165,1349.9278918471057,1358.2692803420005,1844.568653456058,407.9087892193879
test,492,70,57.078433990478516,-89.96994018554688,29.255069732666016,-90.20874786376953,28.923660278320312,2.702465295791626,5620.208479864566,5680.226064587176,3040.3147969810657,6194.018627480492
test,493,70,193.43658447265625,-90.89012908935547,28.536190032958984,-89.97135162353516,29.254669189453125,0.4650161899626255,19169.788472869233,19195.535810616086,23457.54340006009,20302.95532276267
test,494,60,101.89144134521484,-74.04357147216797,40.10261917114258,-73.06653594970703,40.49998474121094,42.47648048400879,3914.610600559648,3932.230275470708,40203.65605646357,3345.846155581551
test,495,70,35.466365814208984,-76.03460693359375,34.01935577392578,-76.30531311035156,33.79309844970703,27.620558738708496,2042.9840314830283,2052.508137932984,27717.195570814994,108.6299630961951
test,496,70,95.18992614746094,-65.4466323852539,19.60779571533203,-64.56046295166016,19.44317054748535,17.2977614402771,2482.0724660698506,2498.5353381440614,17262.21429197844,2473.532139009652
test,497,70,355.40509033203125,-88.0323486328125,30.65726089477539,-87.21537017822266,27.667909622192383,4.262630015611649,8749.972216463559,8765.045385184028,3877.7392443622525,11664.58549864304
test,498,70,20.80644989013672,-91.93226623535156,23.204259872436523,-91.8464126586914,23.373929977416992,51.47395610809326,1651.2312856679998,1671.9659568083275,49381.22500520076,35.14548049132752
test,499,80,33.19601058959961,-66.56880950927734,19.595434188842773,-66.8057632446289,19.78853988647461,40.49310302734375,1193.0372477165747,1207.6379278542456,31471.226609934416,429.6580855366492
test,500,84,38.056427001953125,-64.58120727539062,17.337785720825195,-64.72431945800781,17.650089263916016,9.153691291809082,2014.5479529904912,2030.0645026361574,12674.247557346802,740.3233539217545
test,501,80,254.59652709960938,-92.71882629394531,27.917034149169922,-94.6820297241211,29.051179885864258,9.867679834365845,17989.90818006469,17995.255103853728,5359.058785758252,20369.673739526454
test,502,80,116.8707046508789,-94.6820297241211,29.051219940185547,-93.70973205566406,29.581340789794922,2.4618786573410034,3175.7827176156916,3176.5879942285915,3225.6172095452644,3587.2702842376148
test,503,70,218.2292022705078,-89.36328125,28.992109298706055,-88.28317260742188,27.369230270385742,20.94307851791382,5463.135375067727,5487.862348513984,15305.683128586745,8361.493716907255
test,504,80,238.99317932128906,-88.03874969482422,30.70294952392578,-87.55722045898438,28.756080627441406,16.55591344833374,10366.981571931428,10435.309020714725,20980.069747170804,10139.750619894317
test,505,80,371.2000732421875,-66.80103302001953,17.79814910888672,-66.7654800415039,17.99418067932129,1.2020561695098877,12495.956652810883,12360.660541929956,11720.874230013604,12317.848611867226
test,506,89,235.19627380371094,-66.10816192626953,19.79009437561035,-66.11170196533203,19.34111976623535,32.99881935119629,26777.24760965706,26771.417306573116,40092.728873211425,25264.184317435345
test,507,80,96.79744720458984,-123.8419189453125,36.27180862426758,-122.9979476928711,36.813629150390625,41.49620819091797,1999.9376488344747,1982.264264653176,40123.51178823997,1419.0934704530296
test,508,80,174.77745056152344,-123.00859832763672,36.82695007324219,-122.97106170654297,35.32051086425781,50.35811996459961,13507.39112628507,13520.929067780799,31340.95714965795,12442.850566603154
test,509,80,29.34270668029785,-94.76062774658203,29.348779678344727,-94.5235595703125,29.20306968688965,1.1433170437812805,1816.1175877393775,1841.233097689522,1184.0748749276293,2182.591158242583
test,510,60,53.43848419189453,-80.10859680175781,26.09365463256836,-79.57955932617188,26.150800704956055,3.2314373254776,1296.1046682278595,1304.5901191007565,2233.2941132666006,300.41559830947875
test,511,71,454.5114440917969,-64.39189910888672,20.394285202026367,-67.97753143310547,18.484960556030273,72.2720365524292,25238.159545468377,25258.433650120223,59231.37628759987,27339.9259609741
test,512,70,207.1421356201172,-80.820068359375,24.59099578857422,-80.07470703125,26.116769790649414,7.154629647731781,4873.200368885287,4866.749700154893,9885.55554191683,24288.53281494647
test,513,70,222.78787231445312,-80.12000274658203,26.090429306030273,-80.96781921386719,24.551090240478516,1.2773419097065926,3088.577944243962,3085.424251625811,2079.5804533904898,29641.483834989576
test,514,84,55.99175262451172,-81.84721374511719,24.33847427368164,-82.39916229248047,24.315250396728516,13.871740341186523,1851.3222536153546,1872.5268958541262,7596.889734994355,103.4978379437222
test,515,60,27.01235580444336,-66.74080657958984,44.81364822387695,-66.81006622314453,45.04682922363281,0.10931811016052961,1575.273221197632,1621.6331508620008,82.69923831953116,482.44010747697445
test,516,60,26.476797103881836,-66.81006622314453,45.04682159423828,-66.73931884765625,44.81766128540039,0.14482372533529997,1232.8020578054516,1285.509847164847,312.41601979612255,518.0785565601216
test,517,79,391.8717041015625,-83.10517120361328,42.26359939575195,-79.24622344970703,42.8979606628418,0.03689049743115902,4473.267747755138,4436.186381636682,519.5752347843292,45816.81922539149
test,518,70,127.6236572265625,-88.75723266601562,47.44425964355469,-90.4109878540039,47.19915008544922,16.939749240875244,7187.392735481657,7198.829816060231,16828.97078087499,208.64341649684152
test,519,81,413.2839050292969,-80.123046875,26.091140747070312,-82.78347778320312,24.28557014465332,0.23987691849470139,7418.186672105618,7423.625409174872,1166.145263821425,61636.35752687291
test,520,70,144.58792114257812,-80.12062072753906,26.074729919433594,-79.58307647705078,25.05422019958496,1.020499438047409,6836.293767112174,6836.092962049368,1979.9809474850354,17495.57577343674
test,521,80,356.64239501953125,-118.22103881835938,33.77238082885742,-117.53469848632812,30.711280822753906,8.86922836303711,10394.390495606583,10436.08457320645,5177.597685081112,14697.125937628542
test,522,80,328.4947509765625,-94.0914535522461,28.597850799560547,-93.32362365722656,26.114519119262695,19.80506134033203,22124.749657185697,22157.642066630848,34426.895736819184,34625.00444145434
test,523,70,156.54342651367188,-87.90167999267578,43.016239166259766,-86.83773803710938,44.176761627197266,5.64143893122673,6293.309611705735,6268.757583723106,5769.3418118392265,2506.747190409041
test,524,70,683.8911743164062,-83.406982421875,45.06724166870117,-87.9017562866211,43.01634979248047,64.72177696228027,51647.52457638923,51587.02828900209,79358.32827149155,118685.87131645902
test,525,79,145.3528289794922,-85.86506652832031,45.779876708984375,-86.5362319946289,44.61117172241211,15.72877311706543,4325.344730039149,4314.994911882364,16660.528690284158,7772.465967538462
test,526,70,141.87924194335938,-89.28655242919922,47.43613052368164,-87.42984008789062,47.52806091308594,6.733256816864014,2065.3707689815424,2061.1588578062087,6399.207210808038,5284.854949185451
test,527,60,29.030366897583008,-78.48831176757812,33.64126968383789,-78.58297729492188,33.872589111328125,1.832830786705017,1232.4440836985013,1474.9210677762883,3500.073892058708,1351.3526959781736
test,528,70,87.86739349365234,-91.97374725341797,28.422489166259766,-92.22093963623047,29.165790557861328,23.79334259033203,913.6416076082065,930.4163113485173,14763.781915344858,734.4291832102119
test,529,60,50.548728942871094,-119.69217681884766,34.40480041503906,-119.92138671875,34.42572021484375,0.011632995505351573,4377.634405315613,4165.986982614065,674.0177529695661,4639.079154851341
test,530,79,62.50278854370117,-91.10958099365234,27.73008918762207,-90.76437377929688,28.19462013244629,11.909644842147827,1018.2533082129526,1041.4992772610824,7053.27086779135,691.6511308426345
test,531,70,132.82728576660156,-89.97232818603516,29.254390716552734,-90.88861083984375,28.55109977722168,11.249308374710381,9439.473626632824,9459.246957260604,13073.261974014566,8179.091423044463
test,532,70,133.2451629638672,-90.87016296386719,28.52928924560547,-89.97136688232422,29.254650115966797,0.875999104231596,6340.588099331749,6360.103116742385,2781.843218189654,7489.392171960444
test,533,60,229.75294494628906,-74.04357147216797,40.10261917114258,-71.70948028564453,40.99898910522461,44.415964126586914,10440.7058663946,10453.131023015798,40545.1004553594,2377.9201395196033
test,534,79,59.20701217651367,-89.33708953857422,28.63800048828125,-89.12451934814453,28.158620834350586,11.702950596809387,1185.7222109658446,1201.7700246289667,11481.659950127512,1388.0328626075773
test,535,70,27.857181549072266,-69.34806823730469,19.77788543701172,-69.13581085205078,19.628440856933594,20.653496742248535,2315.926644504442,2319.0616409945715,16049.701345140886,612.5638446984823
test,536,70,52.59928894042969,-123.94529724121094,48.23168182373047,-123.3222427368164,48.348880767822266,9.890625476837158,3320.486932599115,3328.113711612389,10321.231320354776,4766.810877872603
test,537,80,213.51258850097656,-68.7215576171875,40.51234436035156,-71.18305969238281,40.804588317871094,38.83806228637695,6009.84605172906,6012.427483583007,28521.56891109311,7056.277721680563
test,538,70,170.66653442382812,-66.45286560058594,16.783830642700195,-65.00608825683594,16.127859115600586,46.129950523376465,8612.413027426388,8641.462127281795,43564.9367436161,127.67621988633209
test,539,80,360.7048645019531,-66.7655029296875,17.99410057067871,-63.8106803894043,18.640579223632812,28.13205527467653,21251.160948243916,21264.636789232678,23600.23269836207,39957.0794612863
test,540,80,92.80029296875,-96.82776641845703,27.866010665893555,-97.0721664428711,27.842979431152344,2.07228684425354,8076.40233313426,8057.946319478193,11694.786874197767,7952.901052598152
test,541,71,347.8953857421875,-88.03190612792969,30.610069274902344,-87.1756591796875,27.6866397857666,5.089115142822266,7935.179390752408,7943.583610508862,5835.913023393321,10894.194740623409
test,542,80,76.38545989990234,-94.01365661621094,24.115449905395508,-94.2203369140625,24.768390655517578,54.156198501586914,2982.3706069591603,2999.352592322394,41955.84249904446,3111.4736134725254
test,543,80,90.28280639648438,-79.55730438232422,25.529354095458984,-79.43168640136719,26.333290100097656,6.8541998863220215,1784.881091355616,1809.9673630368522,4250.92451810872,103.31405732675725
test,544,70,197.07415771484375,-74.18925476074219,37.18769073486328,-76.11653900146484,37.177978515625,5.811021089553833,8381.940661954712,8395.606046659357,5618.313492535327,15553.563662024784
test,545,72,29.026453018188477,-79.81733703613281,31.140064239501953,-79.99553680419922,31.351890563964844,29.92447280883789,908.7272182936281,946.6632460134765,14913.688458255741,227.61152543937274
test,546,80,96.46074676513672,-93.22831726074219,28.62819480895996,-93.7034683227539,29.36389923095703,6.919084072113037,3735.335748963302,3739.1339024984572,7034.360220839612,4282.23997357171
test,547,80,329.258544921875,-93.86750030517578,29.741409301757812,-92.04987335205078,27.348060607910156,4.114323899149895,4089.3722476929993,4256.996629059941,3257.662675380159,12658.417420287318
test,548,80,308.74468994140625,-114.97376251220703,26.230140686035156,-113.0106201171875,24.097400665283203,65.40423011779785,2417.2198565352446,2425.2451666350366,63948.71465980956,601.2394610332891
test,549,80,371.82672119140625,-94.76062774658203,29.348779678344727,-93.62084197998047,29.435810089111328,2.713848292827606,69611.91257558468,69615.03505857674,55991.71962950574,80973.25935547057
test,550,70,73.7833023071289,-88.07760620117188,30.07132911682129,-88.03227233886719,30.66057014465332,0.21646886272355914,1517.1570175381687,1592.042870341341,1767.2050370004806,3580.578949815728
test,551,70,142.99969482421875,-87.15241241455078,42.92286682128906,-87.1502914428711,41.6396484375,20.275704383850098,2278.01489194177,2282.993027468687,17948.8150446522,641.5315782276657
test,552,70,656.42919921875,-87.1502914428711,41.63959884643555,-83.34927368164062,45.42700958251953,8.010578602552414,27172.112714925028,27184.5602131404,1752.5901972568759,102674.12306885183
test,553,60,130.06036376953125,-79.72186279296875,26.569610595703125,-79.05561828613281,27.563419342041016,39.16704750061035,2521.5261352226053,2485.2810043534137,25318.688136330566,2205.100994038063
test,554,69,118.95492553710938,-118.27593231201172,33.7475700378418,-119.24690246582031,34.066009521484375,18.16461044549942,7621.1846128530815,7660.171517542555,22367.66986899102,11476.044220809317
test,555,70,122.66613006591797,-80.07425689697266,25.247535705566406,-80.96781921386719,24.551090240478516,10.456110954284668,2476.199219203857,2516.0379870451575,11944.608642587922,8153.633226377209
test,556,70,115.84085845947266,-80.9846420288086,24.554990768432617,-80.09835052490234,25.171520233154297,11.671203136444092,3640.5846259514724,3636.4851549885298,6397.486887912102,6900.944597171501
test,557,70,176.98306274414062,-80.12000274658203,26.089370727539062,-79.45092010498047,24.73657989501953,2.5919509530067444,6151.860391103666,6196.842019583123,3846.645478320024,14424.425353005641
test,558,70,177.16693115234375,-84.3537368774414,46.502899169921875,-83.11945343017578,45.23487854003906,0.6529049426317215,7254.662721315923,7268.2184014100085,982.2863321046807,3131.21674824347
test,559,70,36.326847076416016,-83.11769104003906,45.2310905456543,-82.96646118164062,44.922420501708984,22.03798246383667,2919.808415345429,2933.112643703985,16901.466096348973,72.61771162776901
test,560,70,172.9361114501953,-81.08771514892578,42.11825180053711,-83.07380676269531,41.84812927246094,20.90480613708496,6500.456092809134,6503.147336385645,14725.850534765417,4530.220838593703
test,561,81,234.5410614013672,-94.42381286621094,28.950014114379883,-92.50116729736328,27.793800354003906,7.1180408000946045,10251.533549131182,10267.219506405432,6565.725825762976,12649.546125281799
test,562,70,113.71955871582031,-89.09571075439453,28.035249710083008,-89.95680236816406,28.719459533691406,4.821717530488968,1154.4011370469264,1177.2035173267761,6899.708870978108,1449.5293850966107
test,563,70,580.0139770507812,-78.15403747558594,33.79444122314453,-75.88758850097656,36.900840759277344,63.05377006530762,36946.45837393409,36944.206470149824,55338.78940327071,98120.71721706275
test,564,80,237.72811889648438,-117.75383758544922,32.812286376953125,-117.53469848632812,30.711280822753906,20.9824116230011,1740.0858490227909,1753.5885196473334,16152.239163500368,6619.761690835545
test,565,70,38.451717376708984,-112.9588851928711,21.456239700317383,-112.64649963378906,21.269800186157227,43.63457489013672,496.9880230898341,535.9180468022818,24356.905505767514,160.90832540444904
test,566,70,79.1646957397461,-83.40699768066406,45.0672492980957,-83.1949234008789,45.4403190612793,11.941456228494644,13735.385523528998,13715.72849808253,10098.174505116545,16328.182838819188
test,567,70,128.0266876220703,-82.72920227050781,41.546451568603516,-83.13526916503906,42.1810302734375,10.189718246459961,15474.392361387487,15092.579185633283,6538.368491594932,16618.40638715002
test,568,79,766.3165893554688,-84.35420227050781,46.502899169921875,-87.32512664794922,41.615089416503906,5.692901669070125,35178.58390693117,35001.666386446544,18979.30270434763,89857.49199686243
test,569,70,343.9017639160156,-84.35111999511719,46.50310134887695,-86.41204071044922,44.925048828125,2.957629760261625,22941.085204035888,22771.385104068897,2358.231577925813,39523.51210728965
test,570,67,32.77077865600586,-89.11752319335938,29.578760147094727,-89.10009002685547,29.286710739135742,16.10215139389038,1403.2603810445128,1442.9810991028423,9751.015168048803,584.272269514821
test,571,67,40.034427642822266,-89.09990692138672,29.28619956970215,-89.16206359863281,29.57777976989746,12.379963397979736,2178.759185378048,2176.2818676498073,11360.291605440923,3088.312584708498
test,572,67,28.882755279541016,-89.11759948730469,29.57822036743164,-89.37310028076172,29.450130462646484,11.180027484893799,1570.4630512899337,1599.4945529784584,8655.382852625688,388.0760498507017
test,573,79,77.65247344970703,-92.30464172363281,29.55360984802246,-92.82846069335938,29.0593204498291,19.56736421585083,4474.168142356171,4518.369577943203,15719.940295581811,3689.8878998189407
test,574,60,24.737930297851562,-119.69217681884766,34.40480041503906,-119.91046142578125,34.3909797668457,0.005085354030597955,2219.272225135897,2218.5063172110536,372.5262288123331,2232.4927232045093
test,575,89,213.76039123535156,-80.12225341796875,26.093490600585938,-80.55094909667969,24.535850524902344,5.967492237687111,8773.011100021426,8794.80018095209,9723.779589496211,27932.694596704463
test,576,60,66.13218688964844,-91.02958679199219,28.580900192260742,-91.62576293945312,28.302499771118164,14.205450057983398,4091.434276724427,4060.127733403176,10009.692172368592,353.4136203546
test,577,70,131.48175048828125,-89.9627914428711,29.26358413696289,-90.88861083984375,28.55109977722168,11.934089004993439,8240.658097973077,8273.061528778226,13665.649541777228,7485.889432428792
test,578,70,45.280731201171875,-90.86688232421875,28.521699905395508,-90.52452087402344,28.77444076538086,12.515436887741089,2267.720869813535,2279.360220512036,11937.699068171238,1360.8074074995018
test,579,80,57.484893798828125,-94.25804138183594,28.489669799804688,-94.72080993652344,28.71017074584961,5.722207069396973,2804.3832597051664,2826.979164995162,5819.850899793611,3475.6108048555434
test,580,80,129.41558837890625,-95.77306365966797,27.262775421142578,-96.90794372558594,27.80718994140625,2.718450129032135,2551.495327737607,2560.9125172828326,1498.6025633492864,1676.1416586816017
test,581,80,212.92774963378906,-118.22367095947266,33.73305130004883,-119.8864974975586,32.6002197265625,17.0593364238739,12964.714498502237,13080.549940469184,13159.09159472098,7182.353562752999
test,582,70,188.40753173828125,-71.37651824951172,40.54132080078125,-73.5845718383789,40.492698669433594,6.1918211579322815,4009.9992630484353,4035.4920598046206,5167.135992885437,1486.12307889129
test,583,89,90.68248748779297,-88.1618423461914,29.793685913085938,-87.55101776123047,29.18362045288086,15.974775314331055,1271.720516087519,1231.4594302820315,7987.076329860869,1034.8300831835215
test,584,80,22.048622131347656,-93.56705474853516,23.623489379882812,-93.74749755859375,23.51435089111328,53.75285530090332,1631.1400230695206,1655.206984922297,36407.198234949705,217.31407727238715
test,585,79,475.5831604003906,-118.23645782470703,33.76765060424805,-121.5742416381836,31.19993019104004,29.92924463748932,38554.86606642636,38597.772241317405,81711.2818162855,27827.325838907433
test,586,79,113.25602722167969,-74.90706634521484,35.04330825805664,-75.38507080078125,34.16645812988281,9.12342095375061,6551.200703197796,6560.57275561567,7311.696825102654,5234.218270667971
test,587,89,541.0689086914062,-65.53312683105469,19.10212516784668,-65.79808807373047,19.650630950927734,33.44244194030762,69552.61907009114,69546.33628365448,63599.923805050224,69150.18458301129
test,588,80,565.0279541015625,-92.90654754638672,28.23641586303711,-95.21691131591797,23.924270629882812,88.18304634094238,13210.509259960907,13232.407704571944,91917.34016583803,29313.24930210318
test,589,80,652.4959106445312,-93.86752319335938,29.74139976501465,-89.43226623535156,25.65203094482422,43.405068188905716,16243.21293964195,16354.946009584757,53071.46688662894,33985.508506000086
test,590,70,129.8977508544922,-88.03235626220703,30.65726089477539,-87.62037658691406,29.621540069580078,2.1475515365600586,5605.877502657474,5630.9715426281655,1137.867628723939,9816.938360672155
test,591,70,139.50799560546875,-85.01424407958984,45.826690673828125,-83.34927368164062,45.42700958251953,12.891797542572021,8740.88789174774,8736.020607452112,9821.257072158982,3174.5063942763095
test,592,79,304.45025634765625,-81.46414184570312,30.67824935913086,-78.3377914428711,31.0239200592041,49.040531158447266,13833.354563761575,13873.72601502586,35822.21997384528,3266.9994257475237
test,593,70,310.3321533203125,-77.06809997558594,33.17254638671875,-74.62581634521484,35.07088088989258,22.209115028381348,8015.595354271894,8021.800497248314,23081.758577119996,7810.225042275782
test,594,70,221.86456298828125,-80.12004089355469,26.090450286865234,-80.94705963134766,24.54401969909668,1.0873043648898602,3461.9674790285517,3496.082257193026,2071.995785501134,29085.103188841862
test,595,70,191.62985229492188,-80.9544677734375,24.55961036682129,-80.16993713378906,25.770709991455078,2.2083430886268616,12926.940406020076,12903.134106174693,4613.692138377712,26790.578462788864
test,596,70,230.27670288085938,-93.70195770263672,22.62857437133789,-94.91197204589844,20.88953971862793,18.98335361480713,4346.710354301175,4346.588913241545,18965.821592102086,271.3069678531767
test,597,60,24.991220474243164,-66.7452621459961,44.83171081542969,-66.81004333496094,45.04684066772461,0.49312914814800024,1301.9042105239914,1360.5982708820154,8485.5166133953,549.3827966233824
test,598,70,142.94033813476562,-83.45945739746094,41.694889068603516,-82.73155975341797,41.459068298339844,0.5170801617205143,29007.112708010383,28254.13859171864,3175.784846461384,31008.596050201988
test,599,82,132.2158966064453,-94.74683380126953,29.35308074951172,-94.42938995361328,28.30413055419922,8.945286512374878,5803.244316869745,5793.848448213447,8904.400867695636,12827.267388020842
test,600,81,487.10882568359375,-80.11823272705078,26.092330932617188,-83.44017791748047,24.442039489746094,30.441096305847168,8601.28909074495,8608.26606177709,27110.90321599576,75802.35002222458
test,601,70,466.15643310546875,-81.8094482421875,24.551090240478516,-79.86640167236328,27.373010635375977,32.79713582992554,27325.704317846787,27320.272609026546,19117.848336028517,70722.33490588634
test,602,70,221.36793518066406,-75.51957702636719,36.8159294128418,-73.03458404541016,36.8965950012207,36.4019889831543,5074.058574413172,5074.264527009802,27829.431061443345,467.91195559445333
test,603,80,191.34400939941406,-94.40013885498047,28.189054489135742,-93.72810363769531,29.595800399780273,20.81937599182129,24594.775311198617,24612.22762217331,34817.77901592336,20411.16282144091
test,604,70,143.29580688476562,-87.11945343017578,45.34395980834961,-85.49241638183594,45.88597106933594,37.911744117736816,11831.808988804996,11814.797756707034,38018.513156862464,2174.459116746282
test,605,70,433.4600524902344,-86.48066711425781,42.11273956298828,-85.24299621582031,45.67195129394531,48.34099006652832,18270.696979950168,18298.77142341766,32556.241239514846,36749.22141704367
test,606,70,128.0266876220703,-82.72920227050781,41.546451568603516,-83.13526916503906,42.1810302734375,10.189718246459961,15474.392361387487,15092.579185633283,6538.368491594932,16618.40638715002
test,607,79,137.51846313476562,-90.22162628173828,47.59214401245117,-88.3880386352539,47.5831413269043,17.154929399490356,3862.811084740381,3891.180294027856,17054.23703261815,264.7486870058257
test,608,70,195.65814208984375,-91.67498016357422,47.01573181152344,-89.18087768554688,47.449588775634766,12.732917785644531,7762.633580518467,7748.0494495388,12870.112178334726,3184.5892008563565
test,609,70,140.5454864501953,-83.78568267822266,45.41086959838867,-84.34648132324219,46.50320053100586,0.08791699074208736,2041.325804599988,2012.0403748698159,348.02172295769793,7750.397934624635
test,610,67,28.882755279541016,-89.11759948730469,29.57822036743164,-89.37310028076172,29.450130462646484,11.180027484893799,1570.4630512899337,1599.4945529784584,8655.382852625688,388.0760498507017
test,611,67,36.698970794677734,-89.08175659179688,29.252859115600586,-89.11760711669922,29.578210830688477,14.311521530151367,2603.938534254266,2578.318078619214,9323.23079727741,1194.338614490447
test,612,67,20.921327590942383,-89.11763763427734,29.578229904174805,-89.27665710449219,29.452259063720703,10.428292274475098,1202.4122484824966,1222.8614362867618,11339.759542043701,165.90019563514258
test,613,60,33.314918518066406,-90.12191772460938,29.043270111083984,-89.80723571777344,28.981624603271484,5.961270093917847,1472.5657145252046,1476.1581901350523,3807.2373329463735,921.1231020975677
test,614,72,162.00559997558594,-66.50060272216797,18.652925491333008,-67.92655944824219,19.190540313720703,25.67708683013916,2285.806127663123,2313.956441675945,25375.20823472149,734.7048849253579
test,615,60,24.89529037475586,-119.69232940673828,34.40481948852539,-119.91014099121094,34.39073944091797,0.006762659642845392,2411.108493071109,2413.0363989295793,1492.6868446659673,2475.8970622026327
test,616,60,24.737930297851562,-119.69217681884766,34.40480041503906,-119.91046142578125,34.3909797668457,0.005085354030597955,2219.272225135897,2218.5063172110536,372.5262288123331,2232.4927232045093
test,617,79,28.88881492614746,-88.05609893798828,28.86566925048828,-87.93248748779297,29.094280242919922,7.987967848777771,1554.362899101102,1559.296258341825,13892.384362804989,906.3982841507019
test,618,89,62.787879943847656,-90.42423248291016,26.772045135498047,-89.83959197998047,26.55805015563965,33.0210657119751,2198.5371357386957,2198.9737354778626,32303.40969556996,189.56407814577585
test,619,60,871.684814453125,-74.0435791015625,40.10261154174805,-77.81095123291016,33.65911102294922,58.46351718902588,43835.00451946005,43880.732786974506,70165.95650074317,50459.29392523963
test,620,70,56.05580139160156,-80.36820220947266,31.942859649658203,-79.83840942382812,31.71773910522461,8.889969617128372,794.7585657705263,812.7810703403641,10047.016279850608,549.6802149526908
test,621,80,365.90716552734375,-94.72181701660156,28.70825958251953,-96.89964294433594,27.807889938354492,3.058164358139038,66345.54057658541,66346.50965977783,70450.35371093621,66425.22524357132
test,622,70,428.887451171875,-75.587158203125,34.64185333251953,-74.55082702636719,38.250179290771484,43.35960102081299,12496.953676878824,12503.669549878688,37712.270077255795,25157.27151211187
test,623,70,122.26398468017578,-77.17980194091797,28.274370193481445,-76.56807708740234,27.319570541381836,69.81318855285645,3300.039466013157,3324.4022341841574,42887.19369749204,1683.3955966514686
test,624,74,32.922245025634766,-68.4527359008789,17.821474075317383,-68.2428207397461,18.031099319458008,9.206904888153076,1780.908502089714,1807.5260871650971,6436.495439623857,1675.3852847434855
test,625,80,48.950496673583984,-94.1314468383789,28.99811553955078,-94.48554992675781,29.28049087524414,2.332640588283539,3083.3951260177378,3090.097725767851,2621.3585679393896,2136.9799368179133
test,626,84,380.6023254394531,-91.82859802246094,27.09038543701172,-93.3331527709961,30.040409088134766,26.285027906298637,11716.08832019858,11749.671010776869,9285.898218231627,27346.345271245104
test,627,84,568.8980102539062,-93.3331527709961,30.040430068969727,-90.5018081665039,25.870710372924805,37.647539138793945,8549.869685454343,8580.314469111026,21102.757214698166,41236.54025855097
test,628,83,233.2228240966797,-91.67144012451172,25.418399810791016,-92.62293243408203,25.631629943847656,40.31686496734619,52941.55801790899,52946.17537198106,47014.01731342486,47691.82678693757
test,629,70,135.2296600341797,-93.43411254882812,20.28414535522461,-93.98764038085938,19.18535041809082,88.77051544189453,3774.107733757142,3801.71048504625,85557.56940030915,93.44981836583247
test,630,80,300.6003112792969,-93.53014373779297,26.929615020751953,-91.04402160644531,25.522029876708984,82.12797546386719,16837.472815405425,16856.699412166512,54776.032282447595,16296.386883196397
test,631,80,121.45245361328125,-64.74711608886719,17.700660705566406,-64.97940826416016,18.320390701293945,7.491562724113464,20173.85781491693,20249.15221782373,27213.004708156852,21924.38452861697
test,632,80,283.47747802734375,-64.96095275878906,18.326080322265625,-66.96723175048828,19.922029495239258,8.592717088758945,4588.503119942679,4621.069943441757,10484.845678667258,4789.533987261688
test,633,80,264.7740783691406,-76.7460708618164,28.1848201751709,-79.30494689941406,27.4655704498291,59.299323081970215,5791.03390975033,5765.455541395777,40319.13555057821,501.4027252370034
test,634,70,361.57391357421875,-77.20025634765625,33.60050964355469,-80.44467163085938,31.964569091796875,18.757489681243896,7666.457176226904,7675.761322433407,18662.602367921187,16181.195058776659
test,635,80,223.66148376464844,-88.5102767944336,30.333110809326172,-87.2191390991211,28.79450035095215,3.809658110141754,4766.738071896022,4784.5786845222165,2593.964239127505,7728.056340600512
test,636,80,158.65786743164062,-93.18865966796875,28.415395736694336,-94.50106811523438,29.254030227661133,13.05063009262085,1686.4009757349102,1692.6071825681888,12939.032449833796,909.9434833599119
test,637,70,45.55720520019531,-75.59245300292969,36.70188522338867,-75.81629943847656,36.855751037597656,3.364036738872528,7291.076562402585,7302.60028912078,9325.003428434115,6731.129040326627
test,638,70,119.42764282226562,-79.70773315429688,26.77737045288086,-79.51687622070312,27.8375301361084,6.690047740936279,1217.3554394122068,1239.9898113338695,5750.676150152936,245.07903334724128
test,639,80,243.73794555664062,-66.76216125488281,17.973419189453125,-68.8339614868164,17.30109977722168,19.686260223388672,6814.580333529054,6820.779150243917,26796.30176017937,15738.032923975261
test,640,70,387.2156066894531,-80.1200180053711,26.090410232543945,-82.40730285644531,23.916400909423828,2.2314364463090897,15477.82342288781,15480.035913988324,1755.1510570301682,43843.534714852445
test,641,70,132.00607299804688,-82.4200668334961,23.904760360717773,-81.28431701660156,24.467479705810547,10.79591304063797,7027.403601539592,7024.216266454972,9821.646960700271,3593.270216894885
test,642,60,24.991220474243164,-66.7452621459961,44.83171081542969,-66.81004333496094,45.04684066772461,0.49312914814800024,1301.9042105239914,1360.5982708820154,8485.5166133953,549.3827966233824
test,643,60,31.329833984375,-66.72550964355469,44.77606964111328,-66.81005859375,45.04684829711914,0.06193095725029707,1709.9900756968716,1744.2526641488603,698.7761179777945,563.0059290215232
test,644,70,95.52665710449219,-87.99453735351562,48.51567459106445,-89.1725082397461,48.32929992675781,18.661409854888916,7852.523927814172,7678.782763703345,7838.24134733464,8476.629916907656
test,645,70,390.97222900390625,-84.35369873046875,46.502899169921875,-82.43769073486328,43.44097137451172,6.653933519497514,24267.155652972404,24254.84770556202,13090.302188577683,10153.368677748773
test,646,70,45.69456100463867,-79.24577331542969,42.90000915527344,-79.68195343017578,42.66551971435547,0.9049387350678444,1085.6576113568633,1119.7579228467757,1233.8880299547798,1811.6324943714392
test,647,70,85.9097671508789,-75.76447296142578,34.65627670288086,-75.2533187866211,35.26023864746094,25.33574867248535,4470.208999510194,4466.5980764397955,23633.11562440551,5081.867833850807
test,648,70,167.99276733398438,-73.62779998779297,40.49283981323242,-73.00109100341797,40.414573669433594,5.079324424266815,16429.023263928153,16433.764203392657,19966.183137545555,16733.630513034073
test,649,70,223.6844482421875,-90.52104187011719,26.932849884033203,-90.1966781616211,28.910409927368164,16.65875768661499,3414.3714904631024,3411.7682417600477,16790.295536197857,1788.093743882303
test,650,70,251.23809814453125,-83.40704345703125,45.067230224609375,-85.26158142089844,45.87376022338867,10.77072286605835,24706.265836858278,24619.72513865174,9462.410000401185,33900.80442687722
test,651,70,228.51904296875,-85.27462005615234,45.865238189697266,-83.36772918701172,45.03361892700195,20.38075876235962,20013.330615013318,19905.227236756076,23520.1893021456,24390.252664292977
test,652,70,519.2841186523438,-83.41989135742188,45.29671859741211,-86.2899169921875,43.2205810546875,36.80935299396515,12854.861662936979,12386.20141799307,10409.368021760542,104596.95373805336
test,653,70,324.6851806640625,-86.29003143310547,43.2206916809082,-85.8764877319336,45.94231033325195,8.69516983628273,13177.734244860465,12721.995778651684,10789.666508955428,23479.60151109838
test,654,70,59.0156364440918,-85.87185668945312,45.96931838989258,-86.1109619140625,45.46923828125,4.58690420538187,2425.6925275542585,2468.0192924392773,5035.023755244848,631.256278889275
test,655,70,57.87958908081055,-86.11486053466797,45.45381164550781,-85.87017822265625,45.93830871582031,18.64686405658722,3142.8098019091267,3153.789858896728,15845.831578069456,1369.2727380552499
test,656,70,125.7406997680664,-85.8718490600586,45.96870040893555,-84.36540222167969,45.68315124511719,1.7558417320251465,5415.462339701251,5430.380694600616,1714.2730209103493,3440.9914452255216
test,657,79,85.73749542236328,-91.67173767089844,47.01459884643555,-90.5978775024414,47.215049743652344,7.061052001081407,3493.005441585503,3508.1273366818496,7147.466098424032,957.7352633679449
test,658,70,99.4788589477539,-87.22174072265625,42.53932571411133,-87.43782043457031,41.675289154052734,1.8274163603782654,1894.7223346877674,1915.0825308964872,1048.4802322216703,1947.2069072975198
test,659,70,317.8204650878906,-87.43782043457031,41.6752815246582,-86.47004699707031,44.43735885620117,6.430015549063683,10578.310389887622,10595.694390344917,6576.651777798721,1637.2990332896716
test,660,67,30.657917022705078,-89.11470031738281,29.5804500579834,-89.38361358642578,29.45012092590332,11.557214736938477,1652.88675728462,1671.5073859916445,8378.810892662357,672.271195881778
test,661,67,29.479066848754883,-89.38365936279297,29.450149536132812,-89.11759185791016,29.578170776367188,17.078439235687256,1207.133509718675,1240.1964895875255,14849.911658783712,117.09944345076892
test,662,72,99.7151870727539,-94.43865966796875,29.247079849243164,-93.64985656738281,28.688720703125,3.48389732837677,2970.5308723232515,2976.45741471346,6265.79911562567,2658.962788336918
test,663,79,50.34164047241211,-92.31553649902344,29.498640060424805,-92.69254302978516,29.200279235839844,20.25573968887329,3615.585325913835,3619.389609270977,16325.361727588614,1450.1930978905184
test,664,60,31.435277938842773,-119.82820129394531,34.414241790771484,-119.5377426147461,34.28818130493164,6.164772033691406,589.9101920910937,625.2502652498366,4317.457789986745,1123.7757383692629
test,665,60,38.01898956298828,-119.52310180664062,34.27885818481445,-119.90585327148438,34.38985061645508,3.5284524373710155,3328.5552492997354,3343.356173915686,2428.375970266983,1953.3806413461643
test,666,89,108.24259185791016,-81.59119415283203,24.28240966796875,-82.65119171142578,24.22402000427246,16.852517127990723,1439.9073830058637,1450.1710968868706,14256.82788622202,2336.453727214405
test,667,60,59.81080627441406,-92.17555236816406,28.52327537536621,-92.76941680908203,28.39657974243164,34.537020683288574,2104.247454319738,2118.9738138701696,23005.204138159475,367.1010951993716
test,668,68,55.45949935913086,-88.77912902832031,29.127750396728516,-89.24352264404297,29.40475082397461,1.6782669257372618,2009.7405972589324,2015.6181040662452,3312.512011917818,1918.5360447695634
test,669,68,70.36166381835938,-89.25652313232422,29.412179946899414,-88.7790298461914,29.127769470214844,2.5040024165064096,4848.906848706579,4859.77724325651,4440.82873148,5702.043227040777
test,670,60,61.55928039550781,-78.8419418334961,33.6728401184082,-78.56205749511719,33.85443115234375,8.570536077022552,7858.090040723972,7879.234340083413,13690.132227112968,7461.637224495346
test,671,60,76.9760513305664,-78.58515167236328,33.87400817871094,-78.92059326171875,33.64365005493164,12.561256051063538,7433.413125468522,7260.44200946113,16252.9462628207,7366.395551898186
test,672,60,58.8519287109375,-78.79052734375,33.577388763427734,-79.03668975830078,33.52909851074219,18.474111080169678,6168.291785971122,6153.963362129754,11714.290492048027,6171.205815523796
test,673,79,80.03690338134766,-90.92181396484375,28.14766502380371,-91.68868255615234,27.92561912536621,14.786710500717163,4985.068401146924,4988.4000789758575,12868.10267650222,1347.351861478708
test,674,71,135.8130340576172,-72.03921508789062,40.53559494018555,-73.6418228149414,40.46010971069336,4.7697988748550415,4159.775878377935,4182.476072353533,3922.2682242824235,411.3968631687412
test,675,70,56.05580139160156,-80.36820220947266,31.942859649658203,-79.83840942382812,31.71773910522461,8.889969617128372,794.7585657705263,812.7810703403641,10047.016279850608,549.6802149526908
test,676,80,100.07727813720703,-90.56835174560547,27.99449920654297,-89.89775848388672,28.485309600830078,14.524148225784302,8974.562845053295,8986.714857252653,7812.953688271901,13858.02124686187
test,677,70,61.03288650512695,-83.11676788330078,27.494789123535156,-82.60147857666016,27.661640167236328,11.006075024604797,3214.1959970175667,3167.1920280886543,6817.182051684922,3542.117073428911
test,678,70,120.46987915039062,-82.59075927734375,27.673690795898438,-83.72444152832031,27.33452033996582,22.055999755859375,4361.02272273871,4347.133121102834,13620.912208883448,2552.244697789991
test,679,80,125.13702392578125,-68.2374496459961,43.90076446533203,-66.74732208251953,44.21282958984375,35.7740421295166,1061.6756528981086,1088.1417542576212,31641.30868161265,3134.2330062437827
test,680,70,38.479461669921875,-87.53546142578125,29.158010482788086,-87.45551300048828,29.33493995666504,10.507877349853516,7763.469263432814,7802.49034737014,11669.56698168843,6695.367354150626
test,681,84,67.96477508544922,-94.57781982421875,29.11795997619629,-95.13417053222656,28.854320526123047,6.035659849643707,3673.383212191448,3691.311633387271,1740.4289969005688,7111.780549902857
test,682,84,94.19026947021484,-95.13506317138672,28.852720260620117,-95.81610870361328,28.335399627685547,5.603044509887695,3855.784566482612,3882.1793011344134,20526.9670737597,5550.866904359278
test,683,70,178.87147521972656,-75.37167358398438,36.40504837036133,-75.0452880859375,34.940799713134766,30.457050323486328,16831.038842239777,16839.28415941756,22278.371390259188,17805.738044194408
test,684,71,113.58885955810547,-74.39128112792969,37.49065017700195,-75.26013946533203,36.791038513183594,28.765209197998047,2784.0572871222266,2784.445284804261,21553.172471027072,7000.621029388803
test,685,80,130.2606964111328,-96.2619400024414,27.79974937438965,-95.55068969726562,26.905439376831055,14.27965259552002,8340.100737263992,8347.445685201894,9378.827144110503,7835.479193595381
test,686,80,80.61238098144531,-79.89466857910156,25.14826011657715,-80.44834899902344,24.62605094909668,20.85264301300049,4521.468212326536,4529.524519073126,17655.93008381034,337.7563525367323
test,687,80,290.837646484375,-79.06155395507812,26.29660415649414,-80.37104034423828,24.3487491607666,6.593210995197296,18673.45751501479,18634.01202626749,9183.339724862588,18569.147865799267
test,688,80,296.7740173339844,-88.51106262207031,30.32961082458496,-88.87000274658203,28.609600067138672,14.615233898162842,28305.736701981197,28320.831411715004,24345.83074218933,51565.08915043323
test,689,80,25.857948303222656,-94.56889343261719,29.130149841308594,-94.73377990722656,28.96343994140625,2.2124922573566437,776.6380853445226,786.2762290980603,3683.8325088622523,1322.6987494993873
test,690,69,121.75492095947266,-124.73040008544922,48.476070404052734,-123.3890609741211,48.41606903076172,12.066579215228558,12997.52608034396,12139.269655589886,12602.026986334959,15614.453627879615
test,691,70,544.91552734375,-118.21719360351562,33.769649505615234,-122.87671661376953,31.6883602142334,12.095711946487427,23461.285830544635,23527.81386884823,109983.25266565767,29662.081317551754
test,692,70,86.81404876708984,-79.70040130615234,30.882850646972656,-79.13284301757812,30.274259567260742,25.68537139892578,2456.2742380522955,2456.2746202712374,20892.396097373345,371.32776473584596
test,693,70,32.30308151245117,-80.12259674072266,26.07430076599121,-79.8262710571289,26.134719848632812,2.829242080450058,1071.0004605480244,1188.7313291914893,2676.8131137602645,1323.223180306657
test,694,70,97.42053985595703,-80.05120086669922,26.766719818115234,-80.12267303466797,26.074289321899414,0.973166685551405,7560.169668077044,7475.32865825257,3639.648519042988,11736.88780343813
test,695,80,152.12030029296875,-67.9571533203125,35.20508575439453,-69.43229675292969,35.860408782958984,210.56189727783203,19362.129634354955,19397.779816560647,209228.42801767183,242.33186041411437
test,696,70,198.59715270996094,-94.813232421875,29.308629989624023,-94.41732025146484,27.774370193481445,0.764813244342804,9586.85850501182,9663.647425375311,1290.3015280982459,18511.746827810104
test,697,60,29.387474060058594,-66.73355102539062,44.79172134399414,-66.8101806640625,45.04690933227539,0.07345028128474951,1594.645646221571,1650.7539520251662,436.688738408924,491.6833587930337
test,698,80,251.6588592529297,-94.4262466430664,28.845844268798828,-94.42131042480469,26.583770751953125,19.11073589324951,6084.983639903501,6104.331189772751,13476.24299451413,361.49988222310145
test,699,80,98.16433715820312,-94.4180908203125,26.569480895996094,-94.40878295898438,27.45206069946289,26.371023178100586,985.6065270012979,1009.5202973416499,26813.280584550554,151.61261342501786
test,700,81,359.2076416015625,-79.98094177246094,25.53706932067871,-82.93116760253906,24.28784942626953,14.543623447418213,6569.33331239385,6579.757159433466,14079.54330707453,38334.41547374475
test,701,70,128.37362670898438,-72.98722839355469,40.42832946777344,-73.66136932373047,40.50165939331055,10.204275131225586,15203.44516497142,15190.233669798758,11859.643055998085,17062.12482600153
test,702,70,201.17347717285156,-73.65998077392578,40.50246810913086,-72.06108093261719,39.373390197753906,15.181092143058777,11527.120467236793,11515.345408878035,31567.104680371023,13153.944504257697
test,703,60,58.93511962890625,-88.85929107666016,30.38945960998535,-88.8438720703125,29.945680618286133,0.15031153708696365,6989.630112588618,6976.524690032721,1602.0406743713397,7564.035724996501
test,704,60,58.89129638671875,-88.84381866455078,29.945480346679688,-88.85928344726562,30.38945960998535,0.1640709862112999,7667.54622861092,7654.15087615724,910.6938765377139,7518.837319144072
test,705,70,277.9273681640625,-85.8718490600586,45.96870040893555,-82.88616943359375,44.949459075927734,27.893708074465394,6477.496544847753,6493.539394641252,26493.209165759512,19236.190526489085
test,706,79,118.12390899658203,-87.8844223022461,47.54500961303711,-89.42548370361328,47.346229553222656,18.394402503967285,6017.075478221545,6043.954857632402,15808.739788408688,1016.2061162085104
test,707,70,83.39424133300781,-84.35111236572266,46.50312042236328,-83.85755920410156,45.89854049682617,0.8088189652189612,2669.6552914495064,2548.655033066242,645.9102767377614,1805.6409564697246
test,708,70,87.8673095703125,-83.84573364257812,45.88867950439453,-84.35352325439453,46.5029182434082,1.7073368430137634,2466.3065152386635,2343.1831475533463,1287.5832455841287,2075.295802265341
test,709,70,576.078369140625,-84.35353088378906,46.502891540527344,-91.45049285888672,47.03181838989258,2.734455607831478,13130.816821061759,13172.081690380299,2487.7701322757766,40847.84284243617
test,710,67,37.25725173950195,-89.07877349853516,29.251930236816406,-89.1147232055664,29.580400466918945,14.488698482513428,2443.795988551493,2476.6989390680374,9687.81016152065,1015.7736069960317
test,711,60,31.435277938842773,-119.82820129394531,34.414241790771484,-119.5377426147461,34.28818130493164,6.164772033691406,589.9101920910937,625.2502652498366,4317.457789986745,1123.7757383692629
test,712,60,38.01898956298828,-119.52310180664062,34.27885818481445,-119.90585327148438,34.38985061645508,3.5284524373710155,3328.5552492997354,3343.356173915686,2428.375970266983,1953.3806413461643
test,713,68,55.45949935913086,-88.77912902832031,29.127750396728516,-89.24352264404297,29.40475082397461,1.6782669257372618,2009.7405972589324,2015.6181040662452,3312.512011917818,1918.5360447695634
test,714,68,70.36166381835938,-89.25652313232422,29.412179946899414,-88.7790298461914,29.127769470214844,2.5040024165064096,4848.906848706579,4859.77724325651,4440.82873148,5702.043227040777
test,715,60,60.496212005615234,-91.3316421508789,28.466880798339844,-90.8079605102539,28.755430221557617,9.55650806427002,2830.6337982260065,2847.9959446298103,8455.761509289672,436.4682542753829
test,716,60,286.7433776855469,-78.8236312866211,33.59101104736328,-77.01130676269531,34.127681732177734,52.73321342468262,35589.271105728985,35609.15685653561,50159.00268445588,39176.8705758849
test,717,79,44.17684555053711,-89.5357894897461,28.721210479736328,-89.84902954101562,28.435440063476562,10.927884340286255,2506.2198594909955,2499.8961400387516,10967.433135849906,407.2363255032463
test,718,80,61.89507293701172,-94.41825866699219,26.017459869384766,-94.42002868652344,25.460920333862305,19.908223628997803,707.0220326625657,748.8712000663237,19907.44385523684,147.9163931100915
test,719,71,126.08988189697266,-80.11524200439453,26.0716495513916,-78.93734741210938,26.43644905090332,10.562199626117945,1975.3798903798279,1997.4497058010368,9812.422897976301,1434.182744821027
test,720,70,212.83248901367188,-123.43205261230469,33.5738639831543,-121.15426635742188,33.43661880493164,34.9470739364624,6106.177590693078,6110.217365756956,39880.58735061547,5282.020925527668
test,721,70,144.5708465576172,-123.21188354492188,48.53749465942383,-124.77680969238281,48.5147590637207,15.437824249267578,5607.409229025713,5571.95904018235,7592.804057036625,18296.305012805915
test,722,80,445.128173828125,-94.76261138916016,29.34733009338379,-95.45574951171875,25.834199905395508,18.914328575134277,27035.639249326166,27032.32701061202,13150.63339348076,47274.683737989966
test,723,84,94.19026947021484,-95.13506317138672,28.852720260620117,-95.81610870361328,28.335399627685547,5.603044509887695,3855.784566482612,3882.1793011344134,20526.9670737597,5550.866904359278
test,724,80,31.15743064880371,-94.47400665283203,29.249120712280273,-94.73908996582031,29.350370407104492,0.6283517330884933,933.4902137178302,970.831630927084,1230.102152547103,1299.6498726041689
test,725,80,88.74116516113281,-94.73915100097656,29.350120544433594,-94.56317138671875,28.98162078857422,1.8583034873008728,12760.174668137362,12759.79491803825,7657.329017205305,16001.24673452156
test,726,70,94.62504577636719,-73.47493743896484,37.295169830322266,-72.41889953613281,37.43428039550781,11.36408543586731,2328.812331217808,2330.364729577375,15886.999821938425,192.04907134475386
test,727,70,122.69731140136719,-68.05181884765625,18.544824600219727,-67.34014892578125,19.418209075927734,16.48159170150757,2432.205384447373,2449.1321055128724,14109.570060220554,595.3110791423712
test,728,80,917.2975463867188,-88.51106262207031,30.32961082458496,-94.4537582397461,29.23431968688965,36.94353628158569,91308.27565040464,91499.84997983159,37492.16145745768,161363.15403521992
test,729,80,381.12603759765625,-93.8676986694336,29.741390228271484,-91.74559020996094,26.961679458618164,7.319708285853267,5752.592501966693,5925.211485290451,1863.9253278858978,12255.716666353403
test,730,70,99.32804107666016,-80.12259674072266,26.07430076599121,-79.16722106933594,26.256540298461914,2.044482260942459,939.0844653841776,990.806305421311,3550.124574514375,1168.3197976530778
test,731,60,355.91961669921875,-94.50088500976562,29.18132972717285,-91.75373077392578,27.125600814819336,22.6077880859375,8508.426467470175,8508.736740494196,11590.312126994477,8461.272342259374
test,732,80,55.541046142578125,-74.66294860839844,38.54138946533203,-75.10552215576172,38.860939025878906,6.694152593612671,2111.183012928755,2126.484811791354,3078.025769493629,1712.2987320947768
test,733,70,223.12623596191406,-121.16370391845703,34.447296142578125,-119.20510864257812,34.10496139526367,8.28232192993164,13725.803672451451,13732.033145401168,21806.861627706818,14651.807275305478
test,734,70,135.7891387939453,-89.22126007080078,48.41413879394531,-87.62135314941406,47.89276885986328,3.662062644958496,2663.226854300168,2682.6046802847227,2227.376778991666,3453.228566554044
test,735,70,109.23632049560547,-80.8340835571289,42.221195220947266,-80.07684326171875,42.78181076049805,7.668038910254836,10465.730434633911,10456.595458191112,8551.39931046096,14154.381412909202
test,736,70,287.8114929199219,-82.73169708251953,41.45869064331055,-80.07695007324219,42.782108306884766,18.230768942739815,10044.838948187396,10057.551370807125,13156.56530032367,16210.7366270493
test,737,70,272.9632568359375,-80.07689666748047,42.78200149536133,-82.59687042236328,41.514381408691406,6.502525359392166,9125.28846052653,9134.817385603705,8021.227342113179,17770.91135479027
test,738,70,286.5033264160156,-80.07689666748047,42.78200149536133,-82.73246002197266,41.454280853271484,0.3918246924877167,9563.862652884793,9573.1153698706,4299.566062576932,17540.69698959242
test,739,70,284.12213134765625,-82.73168182373047,41.4587516784668,-80.12740325927734,42.725440979003906,16.012137433514,9314.930559275519,9312.533915340922,12267.57567875378,16835.972644330257
test,740,70,286.0356750488281,-80.07691192626953,42.78200149536133,-82.73158264160156,41.45906066894531,0.12372997682541609,9403.979825401975,9416.171489084874,4292.553697194175,17512.74328502328
test,741,80,31.368873596191406,-97.80760955810547,22.25550079345703,-97.58496856689453,22.104400634765625,8.45083999633789,3196.67836718253,3352.3257018671366,8445.83499986994,2587.586304534148
test,742,70,101.84188079833984,-80.12223815917969,26.090709686279297,-79.49356079101562,26.278289794921875,2.460753083229065,16241.344515100704,16253.91270292246,15105.846485124846,15499.043074800195
test,743,70,640.6929931640625,-83.05750274658203,45.15150833129883,-87.90149688720703,43.0163688659668,59.74014064669609,30697.15763522084,30452.506090437106,59225.38741715963,108086.03282935961
test,744,60,58.402549743652344,-88.84542846679688,29.94915008544922,-88.85929870605469,30.38945960998535,0.10913182608783245,7655.62228595834,7638.312463542605,418.96692337942875,7458.87211118002
test,745,79,321.484619140625,-86.25025177001953,44.84697341918945,-84.35043334960938,46.503028869628906,0.867573784198612,29178.598022345817,29710.542911470777,1022.8465502344027,35065.24345319202
test,746,79,168.57675170898438,-91.6717529296875,47.014549255371094,-89.5220718383789,47.36906814575195,16.537565177306533,10198.240974698532,10173.137717906926,16469.699548097204,1198.7802889309817
test,747,79,560.08984375,-84.35041046142578,46.503021240234375,-91.0060806274414,46.95328903198242,12.280664460267872,6186.815223484846,6151.815656094863,8882.936011868298,47515.61538574498
test,748,79,59.401363372802734,-91.00672149658203,46.95391082763672,-91.67627716064453,47.00239181518555,30.08635711669922,3487.487486671294,3511.4945847582603,19043.88866585294,2991.4755817078462
test,749,70,629.3226928710938,-84.35111999511719,46.50307083129883,-87.13494110107422,42.40958023071289,13.472621999680996,31015.272187610273,30873.8801779809,9861.352049748075,65327.95384985485
test,750,67,31.332578659057617,-89.11499786376953,29.5802001953125,-89.30415344238281,29.3726749420166,5.972526431083679,3756.13282565422,3708.156065769011,7438.548161869809,2214.548616683751
test,751,68,70.5070571899414,-97.06266784667969,27.848690032958984,-96.35655212402344,27.85750961303711,0.4529915973544121,2606.3339188127284,2681.474077275012,996.2507903944179,1095.5343940975097
test,752,60,177.03750610351562,-119.90596008300781,34.390010833740234,-118.27088165283203,33.73503112792969,16.205864563584328,5407.69546731699,5351.221740344695,16682.526787652434,5142.83257089245
test,753,89,332.19329833984375,-91.96455383300781,27.514589309692383,-94.56439971923828,29.326950073242188,13.172686338424683,2926.445421532213,2922.928883380991,8439.081771651936,4807.487049917906
test,754,60,76.9959487915039,-94.78305053710938,29.32377052307129,-94.40862274169922,28.806949615478516,1.1572691202163696,5316.535437183864,5407.942010054358,1966.6462451893815,6939.785701467565
test,755,60,128.5791473388672,-91.62538146972656,28.30286979675293,-90.5191421508789,28.919870376586914,13.413050174713135,5602.289469793995,5627.211920408987,14092.33432622654,604.5086562065393
test,756,60,58.45539855957031,-90.46085357666016,28.95602035522461,-90.9691390991211,28.682239532470703,4.89164662361145,3893.6186201467335,3887.8994370737646,5259.482863323044,804.9655734830138
test,757,60,131.72415161132812,-74.59683990478516,39.07361602783203,-74.04331970214844,40.10285186767578,37.41604995727539,5971.358150777778,5810.431398812462,18758.241847571917,9137.575933035965
test,758,70,344.9826965332031,-75.0854263305664,38.87437057495117,-76.16844940185547,37.17475128173828,12.655933380126953,29876.84254129339,29841.775411437666,24730.658446047513,67604.63823304525
test,759,71,124.62928771972656,-80.11385345458984,26.086740493774414,-78.93734741210938,26.43644905090332,11.403920412063599,1924.0119176470557,1959.9565389729678,10394.298516249075,1578.9317083963215
test,760,80,206.28628540039062,-94.7852783203125,29.350759506225586,-94.40910339355469,27.673309326171875,2.0935354232788086,7624.430932008952,7637.289006269479,2023.8845682061028,16614.97776028896
test,761,70,66.6731185913086,-88.04102325439453,30.083410263061523,-88.03250122070312,30.66057014465332,0.08565098606050014,2096.4748728892896,2149.128949304452,502.89645294849686,1354.6820574659384
test,762,70,197.29733276367188,-88.03254699707031,30.65730094909668,-87.43118286132812,29.067949295043945,5.227619647979736,6590.751534464861,6597.394015333039,2546.997791319164,7970.233130787603
test,763,70,138.3946990966797,-80.79647064208984,30.8478946685791,-79.8756332397461,29.893049240112305,34.61124610900879,2596.3304607518817,2610.8409108967558,36506.69749239744,856.0257945157547
test,764,80,41.81489944458008,-79.5548324584961,25.29017448425293,-79.59834289550781,24.916269302368164,9.182946681976318,1968.588118472303,1999.2127724738946,9017.507397509238,178.07702610370828
test,765,70,324.6197204589844,-87.85616302490234,29.915319442749023,-88.7326889038086,27.412059783935547,40.06019115447998,9523.611800931883,9515.796824322795,50922.206100363655,34284.55063250728
test,766,82,275.14910888671875,-94.58329010009766,29.230690002441406,-92.49849700927734,27.75217056274414,14.743204116821289,10999.015798612529,11002.162694526918,11667.030935162873,9919.28660294672
test,767,74,203.64187622070312,-120.13156127929688,34.23810958862305,-118.25518798828125,33.72999954223633,2.049727737903595,10379.554363929145,10283.249416154074,3237.822404007261,9770.280118585344
test,768,74,69.86502075195312,-118.25518798828125,33.73004150390625,-118.8407211303711,33.872501373291016,1.0942243337631226,4796.610641502046,4712.237172799114,710.74110331441,7822.989390793984
test,769,80,244.28115844726562,-93.69728088378906,29.426130294799805,-94.41658020019531,27.4697208404541,38.86000061035156,10488.189445730864,10487.823809210877,39179.6847806738,11226.423706506275
test,770,70,256.6247253417969,-79.56920623779297,25.219009399414062,-78.99272918701172,22.991729736328125,19.46210551261902,9476.417477564546,9512.863403885138,15930.812149273024,4848.168655255575
test,771,70,130.99424743652344,-92.79170989990234,28.10580062866211,-91.6104736328125,27.920970916748047,40.942856788635254,7255.64417540771,7283.832561927985,35517.234276136645,12424.57875619736
test,772,69,243.76470947265625,-120.512939453125,34.32376480102539,-118.27593994140625,33.7475700378418,2.8725908994674683,13381.4328699109,13398.982206998287,2495.413992177032,12234.32251028464
test,773,69,175.90185546875,-118.27593994140625,33.747581481933594,-117.35368347167969,32.578121185302734,21.456634521484375,13849.219892769763,13911.370809204707,12025.893128201194,15362.782973939777
test,774,70,52.97937774658203,-79.75170135498047,30.301610946655273,-79.39801025390625,29.936410903930664,30.582971572875977,2141.562128710118,2151.1384773476507,28574.60389660401,72.80616740304585
test,775,84,253.32273864746094,-79.62480163574219,24.845300674438477,-79.40361785888672,27.09454917907715,8.337069988250732,3163.651903389319,3186.3271761220885,6342.2908610891855,5959.3234504366455
test,776,70,738.4559936523438,-74.75416564941406,35.09135437011719,-80.89546966552734,30.92310905456543,63.99407386779785,20586.13552808433,20588.45897109245,74525.63338406988,7425.007091029586
test,777,70,104.54837036132812,-64.95304107666016,18.331119537353516,-64.08850860595703,18.055570602416992,3.348784789443016,5260.718121924023,5299.0668677328895,5869.350314182851,4903.159135171412
test,778,70,128.26759338378906,-78.6152114868164,22.737825393676758,-77.53556060791016,22.18198013305664,50.91723442077637,3465.1591794954716,3462.1995105717097,30811.88460557007,4606.00740523466
test,779,60,69.08648681640625,-92.04952239990234,27.385419845581055,-91.54956817626953,26.951730728149414,14.966100215911865,2574.3685745600787,2585.8704729506967,14577.976647636418,120.40878021515717
test,780,80,55.541046142578125,-74.66294860839844,38.54138946533203,-75.10552215576172,38.860939025878906,6.694152593612671,2111.183012928755,2126.484811791354,3078.025769493629,1712.2987320947768
test,781,60,26.77326011657715,-66.81008911132812,45.046810150146484,-66.74070739746094,44.81433868408203,0.16289006592705846,1254.601082988112,1332.2691887426286,254.7327177534715,471.97843530121185
test,782,60,28.141019821166992,-66.81006622314453,45.04682922363281,-66.73789978027344,44.80221939086914,0.08811640925705433,1511.0527453076634,1551.7370043753695,571.8167092250297,347.14957222913847
test,783,60,31.28028678894043,-66.81266021728516,45.02592849731445,-66.73619079589844,44.75389862060547,0.8218862414360046,2264.8375713729233,2285.568333322366,2010.7243293853046,675.8080460580653
test,784,70,286.5033264160156,-80.07689666748047,42.78200149536133,-82.73246002197266,41.454280853271484,0.3918246924877167,9563.862652884793,9573.1153698706,4299.566062576932,17540.69698959242
test,785,70,38.44147872924805,-82.73169708251953,41.45869064331055,-82.34973907470703,41.644798278808594,10.066135376691818,1717.147578285176,1706.1186003075072,8948.477507792293,717.9645902161695
test,786,70,37.186241149902344,-95.5750732421875,22.410449981689453,-95.82295989990234,22.167150497436523,34.930490493774414,391.515466444303,435.06030998108656,32549.734460038417,48.66401202491031
test,787,70,101.84188079833984,-80.12223815917969,26.090709686279297,-79.49356079101562,26.278289794921875,2.460753083229065,16241.344515100704,16253.91270292246,15105.846485124846,15499.043074800195
test,788,70,258.6598205566406,-83.40695190429688,45.06734848022461,-85.35624694824219,45.88520812988281,12.862192139029503,24917.51427007934,24828.401565499113,11922.06225510814,34198.34699490682
test,789,60,58.402549743652344,-88.84542846679688,29.94915008544922,-88.85929870605469,30.38945960998535,0.10913182608783245,7655.62228595834,7638.312463542605,418.96692337942875,7458.87211118002
test,790,70,114.57909393310547,-82.78412628173828,44.418304443359375,-83.41992950439453,45.296730041503906,8.57764707505703,5082.19654774889,5114.161975520063,7674.29167838053,7566.963862527185
test,791,70,271.88104248046875,-83.41989135742188,45.2967414855957,-82.4061508178711,43.13414001464844,8.024881983175874,7440.281748701542,7437.711608975683,7767.276767027381,21778.315679700157
test,792,70,262.9769592285156,-82.41593170166016,43.121620178222656,-83.41983032226562,45.29671096801758,9.789804458618164,12386.228875595307,12382.558108596853,11229.951073721008,14847.335395760669
test,793,79,578.6690063476562,-87.32514190673828,41.61505889892578,-84.28751373291016,45.84175109863281,15.13525390625,21495.59831340097,21475.960809264165,13259.906737656775,56010.38840923161
test,794,70,418.86077880859375,-78.8709487915039,42.862491607666016,-83.08853149414062,42.30302810668945,0.2523587797768414,14334.33894285345,13489.503813600797,185.63456121308897,40363.99427956425
test,795,70,116.35221099853516,-84.27394104003906,45.98228073120117,-84.35355377197266,46.502899169921875,0.011083128396421671,15466.404522457502,15602.930741452876,420.6131545606301,21483.360208382484
test,796,70,35.719234466552734,-92.0157470703125,46.811100006103516,-91.67514038085938,47.01578903198242,1.7163391448557377,2565.0933820899586,2483.193764689861,1525.4993546309067,1895.2477940742037
test,797,70,481.0768737792969,-91.67394256591797,47.015411376953125,-85.57659912109375,46.99087142944336,3.6634645462036133,12333.067592431204,12344.22616401392,5484.257109149671,34262.44444891303
test,798,67,37.031715393066406,-89.07872009277344,29.251140594482422,-89.11756896972656,29.57822036743164,14.347902536392212,2442.705782984924,2454.4833212284,9320.129944986882,1072.979583932796
test,799,60,21.82261848449707,-118.27066040039062,33.73461151123047,-118.12911987304688,33.581871032714844,0.004730969667434692,643.6686431648708,713.1483152847842,152.97199109757733,320.68045101100716
test,800,60,21.852832794189453,-118.12911987304688,33.581871032714844,-118.27078247070312,33.735008239746094,0.0038831455167382956,886.8988921871808,972.3527282586778,379.4819222948187,479.90565753452495
test,801,60,23.055156707763672,-118.27084350585938,33.73466110229492,-118.12841033935547,33.582618713378906,0.010121258907020092,819.8519979251041,908.2423790233771,883.6313926356156,1417.0998632760522
test,802,60,24.401351928710938,-118.11788177490234,33.56349182128906,-118.27075958251953,33.73501968383789,0.010130910202860832,1099.7218162148833,1160.062826544037,1113.7172168866502,458.96055980931555
test,803,60,28.03033447265625,-118.27078247070312,33.735008239746094,-118.12545013427734,33.58184814453125,0.0036075464449822903,2005.2919263323465,2066.157653221433,1462.8880259216357,2584.6595682156862
test,804,60,22.291921615600586,-118.12544250488281,33.58184814453125,-118.27078247070312,33.73501968383789,0.0037576050963252783,945.1179340041248,1017.9499567849011,373.0384503318791,634.3807618693215
test,805,70,94.49864959716797,-89.12837982177734,28.793750762939453,-90.06195831298828,29.01569938659668,6.078687608242035,1399.4509636651146,1428.0345596204133,2768.9174333849055,1393.642762479113
test,806,60,76.18610382080078,-91.61518859863281,28.319950103759766,-90.95416259765625,28.676979064941406,23.475542068481445,1415.9258676062793,1422.2907035644357,15921.170793136756,798.7342422644025
test,807,70,107.70923614501953,-90.86097717285156,28.536510467529297,-91.22588348388672,28.48055076599121,11.888164103031158,13254.012529302048,13276.072926257237,8611.643171688478,11212.671489836272
test,808,70,178.5300750732422,-124.89073181152344,28.003469467163086,-123.28437805175781,27.260499954223633,38.28769111633301,3317.9207652323985,3316.7248074433573,21688.054897873946,340.52293360115135
test,809,70,360.32830810546875,-121.42440032958984,27.64279556274414,-118.14701843261719,26.252809524536133,59.650407791137695,10058.540584357877,10044.919098233437,48644.36804889316,4774.589803882968
test,810,70,90.17514038085938,-117.85437774658203,32.976409912109375,-118.19606018066406,33.725929260253906,12.592823028564453,5315.48592943972,5328.3808167115185,18417.208445911645,1846.9384098379521
test,811,70,447.13494873046875,-118.19602966308594,33.72587966918945,-122.5190200805664,35.2099609375,7.481749534606934,4378.80798530119,4306.573136462422,3315.0487386144146,15611.73922242439
test,812,70,195.91619873046875,-88.03201293945312,30.646099090576172,-87.43118286132812,29.067949295043945,4.129370391368866,6633.866427780972,6628.613374083501,3646.2330091532504,7894.887731120548
test,813,80,738.9752807617188,-114.15402221679688,25.988229751586914,-118.84308624267578,31.20532989501953,98.69960021972656,26962.578753783375,26971.94610026593,70027.3703531787,2694.4400879655855
test,814,80,40.21196365356445,-94.59651947021484,29.082670211791992,-94.46968078613281,29.271360397338867,3.601966083049774,5794.484851118197,5803.086137749751,3552.221464806706,7042.945141930652
test,815,80,100.56232452392578,-94.66796875,29.064420700073242,-93.71405792236328,28.73590087890625,2.3466811180114746,2518.7498238072285,2518.4195997120246,2791.624187091337,1695.573728887127
test,816,82,25.208112716674805,-91.81620788574219,27.225189208984375,-91.62267303466797,27.077999114990234,13.964671611785889,1523.5932596071677,1518.0945991323172,9781.93828437055,130.81266575001524
test,817,80,272.6651306152344,-117.54415130615234,31.32489013671875,-118.11707305908203,33.689170837402344,11.595122337341309,6038.256338124722,6028.310540217861,10108.680212297788,2938.984715471547
test,818,80,20.876760482788086,-118.11563873291016,33.68785095214844,-118.32334899902344,33.635658264160156,6.545971930027008,1447.5735093814412,1466.7684815455711,18077.9717554825,1389.0903193419053
test,819,70,135.00083923339844,-81.2450180053711,23.3746395111084,-79.95845794677734,23.18218994140625,34.11386680603027,5631.408369483458,5641.293682622373,30861.316627103373,5581.008197131423
test,820,82,62.0985107421875,-94.6047134399414,29.325580596923828,-94.13172912597656,28.98896026611328,16.62419843673706,4063.4611017724883,4070.798507315478,8831.741909430404,2530.017487381693
test,821,80,195.70164489746094,-74.02800750732422,38.003684997558594,-75.21092987060547,38.987789154052734,12.129096746444702,14596.39470924368,14600.430355302133,23631.642129823467,18148.648516275665
test,822,80,126.05392456054688,-75.21012878417969,38.985260009765625,-74.19629669189453,38.228858947753906,6.007134348154068,4016.6034046886025,4019.8399912539467,6132.710756670904,8050.4069476971235
test,823,70,32.3448486328125,-71.373779296875,41.0663948059082,-71.2899169921875,41.337398529052734,11.699023485183716,2879.261317195427,2869.9186903606073,9316.14795086166,1920.4414119589808
test,824,74,561.2692260742188,-79.8676528930664,32.75888442993164,-74.89119720458984,35.21213150024414,8.980390965938568,17453.210164600467,17448.660800917856,17454.276805508547,39357.822984007435
test,825,79,141.95095825195312,-80.96748352050781,30.773944854736328,-79.50102233886719,30.944469451904297,32.837470054626465,2934.2301684566132,2938.4473598265613,26451.683429066336,1761.3281746741202
test,826,80,429.8437805175781,-78.77388000488281,26.50115966796875,-81.18907928466797,23.72319984436035,30.194594882428646,17201.87202378149,17211.900295799987,30093.999282795143,24619.923582703734
test,827,70,130.58006286621094,-79.8166732788086,31.6397647857666,-80.89546966552734,30.92310905456543,27.579326629638672,9108.855406895334,9096.521481149875,20159.50560261188,1127.3867469918137
test,828,70,67.21992492675781,-80.9119873046875,30.922950744628906,-80.2557373046875,31.12265968322754,27.739895820617676,2709.3036433302204,2712.2446270078,15995.718849714385,1035.312035570372
test,829,84,54.39781188964844,-79.15473175048828,26.21417999267578,-78.76596069335938,26.52172088623047,10.236146822571754,2421.2186520630735,2496.465384125771,11070.956424292945,2279.6895601569263
test,830,84,42.971473693847656,-78.76595306396484,26.521690368652344,-78.4747314453125,26.29911994934082,5.070520430803299,3100.072588841695,3108.931494901354,5388.6298341769225,3165.6213353302746
test,831,60,26.597293853759766,-66.81006622314453,45.04682922363281,-66.73877716064453,44.81684875488281,0.15774326445534825,1282.0750377730426,1337.8972254301093,354.896924983638,494.6309121672478
test,832,60,24.70942497253418,-66.74694061279297,44.83399963378906,-66.81005096435547,45.04684066772461,0.40860902704298496,1351.7946433727727,1405.6176074109965,8632.409186465642,484.22257780652933
test,833,60,28.577472686767578,-66.73735809326172,44.79912185668945,-66.81004333496094,45.04682159423828,0.24749243445694447,1582.4122983552447,1634.5582031033366,322.24025940254575,510.8878688472693
test,834,70,233.10325622558594,-80.07689666748047,42.78199005126953,-82.29824829101562,41.85966873168945,18.43127942085266,12442.113426801052,12459.276166123804,12267.160642304585,16237.040158891477
test,835,80,137.93246459960938,-95.3169174194336,28.94338035583496,-94.60118103027344,29.312480926513672,2.620987204834819,15729.859779445182,15750.219761214837,1642.9216678812334,24234.337912548453
test,836,81,410.0317077636719,-80.12193298339844,26.092960357666016,-82.76071166992188,24.284160614013672,0.15355772525072098,7432.43720556195,7452.770825215975,2054.1052667897034,60841.46267682337
test,837,60,34.26814270019531,-70.33519744873047,41.58523941040039,-70.0656509399414,41.66548156738281,10.773510932922363,3189.3957078790413,3209.9403946470943,13016.233098480165,3740.7826834770644
test,838,70,40.8204345703125,-90.62862396240234,27.09630584716797,-90.34134674072266,27.35993003845215,21.95671558380127,907.1601222183472,934.0577735718168,16548.594566047042,72.69370000198538
test,839,70,47.34444808959961,-79.22238159179688,28.043659210205078,-79.01541900634766,27.841869354248047,21.357215881347656,3939.789609625219,3950.1867631859777,18592.54598636511,3919.841495665276
test,840,80,206.4337921142578,-94.74942016601562,29.352619171142578,-93.02194213867188,28.298160552978516,0.4951968789100647,3036.7460508234726,3028.779340447459,770.1107670252098,1332.0291741568874
test,841,80,33.494102478027344,-83.6016616821289,23.553144454956055,-83.91812133789062,23.63405990600586,14.483964920043945,797.6074422682875,834.8821137068016,14464.400812007305,145.98801132307503
test,842,70,134.4407196044922,-83.40631866455078,45.06803894042969,-83.86431121826172,45.58898162841797,10.414809308946133,17913.10812827801,17710.411205994922,10980.860421370797,25599.642528557863
test,843,70,596.3314819335938,-86.26081848144531,43.233760833740234,-83.4061508178711,45.06821060180664,14.285771369934082,29432.563624603546,28152.0585035912,40548.774165590985,111110.07850397762
test,844,60,52.11661148071289,-88.90453338623047,29.987144470214844,-88.85929870605469,30.38945960998535,0.2934163548052311,7020.715495790714,7033.584528351649,297.5495266779241,6213.659930732338
test,845,70,82.43040466308594,-84.35115051269531,46.50305938720703,-83.95159149169922,45.928104400634766,2.8683497980237007,5416.707439289961,5347.088877788887,3415.535812488315,4609.998774600262
test,846,72,147.63885498046875,-79.14420318603516,22.96845054626465,-80.5040283203125,23.40372085571289,86.02101135253906,2468.3973853006432,2488.459487940233,44061.2386765803,1893.835273930942
test,847,68,77.65215301513672,-97.06269836425781,27.848709106445312,-96.29026794433594,27.838329315185547,3.3639668375253677,2482.3253431559297,2528.9301987540643,3199.0693041356026,1028.7403825937117
test,848,89,127.27877807617188,-79.70331573486328,26.6839542388916,-79.64971160888672,27.825590133666992,18.356772422790527,2091.8651983235627,2097.1148086587827,16443.141537682328,1808.7395958614245
test,849,80,30.60875701904297,-94.66027069091797,28.70500946044922,-94.58647155761719,28.957090377807617,4.252644091844559,2761.573050240694,2742.935447114271,2806.864538528783,737.833774941759
test,850,80,201.90660095214844,-94.58628845214844,28.956430435180664,-94.42144012451172,27.178699493408203,10.841721177101135,3229.083621897271,3194.862368626986,14599.361598995767,6833.256403517661
test,851,70,973.4952392578125,-118.22535705566406,33.721439361572266,-114.43830108642578,25.74881935119629,23.849558115005493,10328.574145226647,10328.39358528857,24913.65957920849,28823.468963430336
test,852,80,1075.4798583984375,-88.04329681396484,30.72719955444336,-96.8962173461914,27.796110153198242,138.36109628528357,34746.798883931915,35188.49476831363,112279.5183269047,124819.48444724198
test,853,80,822.3157348632812,-94.66796875,29.064420700073242,-88.0873794555664,30.07547950744629,17.713775992393494,20366.93051815465,20375.970090690877,53396.18992007173,116621.89366558226
test,854,79,114.4858169555664,-82.82289123535156,27.608074188232422,-83.2663803100586,26.724470138549805,19.939024925231934,4406.120091675346,4416.970301383346,18667.54983902824,5597.340554234195
test,855,80,162.2245635986328,-82.8753890991211,23.573244094848633,-81.29649353027344,23.636579513549805,13.16639518737793,4733.975484239636,4745.394049863873,10601.286946801598,2341.4016525615066
test,856,82,62.0985107421875,-94.6047134399414,29.325580596923828,-94.13172912597656,28.98896026611328,16.62419843673706,4063.4611017724883,4070.798507315478,8831.741909430404,2530.017487381693
test,857,70,203.1508026123047,-70.6289291381836,42.304908752441406,-69.1898422241211,41.04383087158203,4.3745037317276,9358.767815827434,9333.410424311582,2660.3832943273273,19861.978654832183
test,858,80,113.26490020751953,-95.62944793701172,28.441055297851562,-94.71565246582031,29.05006980895996,6.706672430038452,4722.299711816667,4740.382607274548,3992.2882007517464,3451.2124800113584
test,859,80,257.7443542480469,-94.71565246582031,29.0489501953125,-96.84739685058594,27.811330795288086,1.3515348434448242,3461.239402566269,3473.489835418378,1898.5067655157616,7280.677780856186
test,860,80,75.83094787597656,-96.15087890625,27.814640045166016,-95.83416748046875,27.59089469909668,8.07096529006958,7766.169951830996,7769.995879803056,9537.494705617206,7815.619816557566
test,861,89,124.74486541748047,-65.66085815429688,19.89262580871582,-64.57820892333984,19.633909225463867,35.961825370788574,5676.263663975735,5693.0087522571475,25118.47978377739,3879.2797357758955
test,862,80,392.49224853515625,-95.14778900146484,28.881919860839844,-92.96192169189453,26.056669235229492,20.545461654663086,8558.703313437367,8542.80404283961,10068.657487104667,9438.263553744418
test,863,80,618.9427490234375,-68.4140625,20.213380813598633,-65.86768341064453,15.693360328674316,88.61727905273438,24457.280709845443,24475.91574673107,38435.84845264256,42668.930096938864
test,864,70,164.49368286132812,-80.12001037597656,26.08946990966797,-79.47276306152344,24.845720291137695,1.9368332624435425,3711.0051908266055,3725.36818377064,4885.6564623023205,14333.345650045823
test,865,80,350.2498474121094,-87.1436538696289,27.389305114746094,-88.58516693115234,30.111509323120117,35.78650093078613,16233.24973444969,16222.832454413321,26115.721636758124,23345.759844355372
test,866,60,28.30372428894043,-66.73583984375,44.802101135253906,-66.81005859375,45.04684066772461,0.07219877699390054,1510.2253913325699,1559.4376809979717,249.45794019637725,541.8339064808098
test,867,70,627.2548217773438,-87.34598541259766,47.77592849731445,-82.40762329101562,43.77711868286133,77.58329528570175,25571.288822300787,22931.146293187005,81799.95564526365,47102.29821637226
test,868,70,87.1575698852539,-80.54910278320312,42.29738998413086,-80.0769271850586,42.78207015991211,5.046273102983832,10145.704624989346,10158.244063626973,5015.238034456766,12461.100134498036
test,869,70,346.5541076660156,-80.07689666748047,42.78199005126953,-83.08692169189453,42.29990005493164,2.2941610161215067,14815.226358671387,13766.015179954786,752.664277075212,46857.972050251
test,870,70,383.8154602050781,-83.08979034423828,42.30170822143555,-79.31275177001953,42.79998016357422,3.894139289855957,6763.764987401567,6665.684304955276,1624.416433177212,45366.57515567294
test,871,60,34.26814270019531,-70.33519744873047,41.58523941040039,-70.0656509399414,41.66548156738281,10.773510932922363,3189.3957078790413,3209.9403946470943,13016.233098480165,3740.7826834770644
test,872,70,34.12714385986328,-89.2437515258789,28.5955753326416,-89.34915161132812,28.883399963378906,3.643379330635071,1154.963354889905,1172.050571917052,3187.263442765038,525.712686291682
test,873,80,418.0254211425781,-94.74942016601562,29.352619171142578,-91.09355163574219,27.958650588989258,12.0513277053833,12545.61915864517,12569.941345765421,11161.40486456965,30988.89478470178
test,874,80,25.874420166015625,-94.54039764404297,28.546720504760742,-94.7701187133789,28.620370864868164,4.8603010177612305,1400.9168220764648,1418.4409916180284,8923.366458754006,1297.6364405034712
test,875,80,381.56573486328125,-94.76589965820312,28.621570587158203,-92.84136962890625,25.932340621948242,28.936039924621582,13464.849988626413,13447.763862497744,13615.198504882002,21401.06471960518
test,876,70,247.8917236328125,-81.48004913330078,31.114429473876953,-79.62899780273438,29.680620193481445,38.283891677856445,10341.46998081019,10341.52380557261,38698.026253685435,12356.225261076803
test,877,60,57.49198532104492,-88.84626770019531,29.9685001373291,-88.85929870605469,30.389469146728516,0.14559833705425262,7567.394603846771,7561.969313777752,524.1078288818609,7536.431999196131
test,878,70,51.81632614135742,-80.78742980957031,41.9075813293457,-81.2801284790039,41.752410888671875,14.269647419452667,6691.782559981576,5432.939597188851,12240.58428435411,5734.9089301334925
test,879,70,403.65667724609375,-89.1711654663086,47.451515197753906,-84.35115814208984,46.50305938720703,53.141462564468384,11731.91605806949,11708.993514834383,32845.24674498509,25204.629933919583
test,880,70,221.26731872558594,-84.35115051269531,46.50305938720703,-85.70226287841797,45.84178161621094,3.041961632668972,15878.241373072944,15198.092605815418,2853.157441288375,40158.56096703011
test,881,70,91.41288757324219,-85.71381378173828,45.83441925048828,-84.58122253417969,45.844661712646484,16.82005023956299,6083.233348090946,5925.037240852894,7389.33104460807,2845.865360480203
test,882,67,36.9393424987793,-89.16487121582031,29.5551700592041,-89.30633544921875,29.388229370117188,5.618918180465698,5903.327440776159,5889.716779745594,9871.991194793596,5288.477600246706
test,883,89,31.888513565063477,-73.92131805419922,40.421531677246094,-74.02816772460938,40.587158203125,10.063655257225037,3065.40977791078,3099.86721961057,8249.55966044834,4279.211367513982
test,884,89,30.670516967773438,-74.02989196777344,40.590980529785156,-73.92353057861328,40.402618408203125,25.966538429260254,2142.0046028191823,2140.459564019967,16866.71284997513,3138.6608832809707
test,885,60,91.29252624511719,-93.34703826904297,29.773359298706055,-93.67449951171875,29.026290893554688,3.1969123482704163,3142.535498413475,3159.9672115692074,7749.22720544793,5110.883624159919
test,886,70,377.3057861328125,-88.33021545410156,27.92462921142578,-88.0427474975586,30.72330093383789,45.51209735870361,21622.813166780743,22564.22964044387,45810.033985253634,35202.14452578049
test,887,70,548.5433959960938,-88.04276275634766,30.723289489746094,-89.46128845214844,26.488460540771484,13.254263743758202,16457.742824220764,16959.164540613812,11886.50100708659,52792.148639182706
test,888,70,291.3945617675781,-88.03240966796875,30.657180786132812,-87.35830688476562,28.211750030517578,3.1012797504663467,8104.274743427513,8111.57784725108,2568.939919367237,9881.633555612698
test,889,84,92.52220916748047,-95.78160858154297,24.24033546447754,-95.54486083984375,24.25197982788086,28.502262115478516,21642.064968555955,21630.396343001434,37284.18899400987,21361.17036671066
test,890,80,71.08373260498047,-94.31879425048828,24.993274688720703,-94.76313018798828,24.751319885253906,26.387749671936035,9353.449010288197,9376.139855334966,25156.837405113238,9133.583295568478
test,891,71,26.843666076660156,-79.16417694091797,26.472505569458008,-79.39884948730469,26.41230010986328,28.691810607910156,2770.391589588342,2762.4691001349884,30875.628622502518,2845.401322889533
test,892,80,200.64892578125,-94.56128692626953,28.985200881958008,-94.36714172363281,27.219440460205078,9.834141492843628,4917.285003471128,4940.909134007124,11316.92803190093,4521.773543485922
test,893,80,81.96480560302734,-96.15087890625,27.814640045166016,-95.7975082397461,27.634920120239258,9.128474116325378,8573.007153980445,8580.959537327735,14949.596092665295,8284.75244181574
test,894,80,480.5159606933594,-95.79753112792969,27.63488006591797,-93.38613891601562,25.554880142211914,48.728721618652344,54685.587162301745,54686.84080963125,94649.56474686363,64670.794300970156
test,895,70,45.79182815551758,-64.94599151611328,18.335119247436523,-64.77652740478516,17.95783042907715,0.5674585942178965,1561.095326215763,1667.7828254839158,714.6687265740436,325.27749461959763
test,896,89,385.38458251953125,-94.5824966430664,29.085880279541016,-93.88984680175781,27.182279586791992,14.696512222290039,49510.41847953336,49516.14475986631,47254.999735065154,49019.48161888815
test,897,70,54.35163879394531,-115.67211151123047,23.54986572265625,-115.19434356689453,23.333599090576172,54.44919967651367,385.69576172736225,419.08368679418044,54473.869637298376,44.94738422280714
test,898,70,107.28376007080078,-120.14598846435547,34.24322509765625,-119.04824829101562,33.93450164794922,10.061177730560303,4661.529078742039,4586.146009249094,9936.6313658299,1972.4738509451258
test,899,60,136.69219970703125,-89.52250671386719,24.82407569885254,-90.40190124511719,25.761619567871094,48.79938316345215,5241.162490134858,5263.89133058557,31673.933210698946,98.83878036624694
test,900,70,129.66384887695312,-87.017578125,47.43807601928711,-85.45150756835938,46.961280822753906,11.51981782913208,2827.2678452244973,2832.2067272378404,11512.371758369241,251.669290528992
test,901,81,514.478759765625,-84.13636779785156,27.59725570678711,-89.35626220703125,27.596420288085938,35.252230644226074,13707.525378903274,13711.589362480861,25893.816811641776,1931.4113857443522
test,902,70,602.6561889648438,-76.18189239501953,36.91994857788086,-78.20101928710938,32.926841735839844,32.13805294036865,17757.86043995217,17618.147945529567,21372.080687792055,85373.30627831304
test,903,70,86.26031494140625,-90.03959655761719,28.810060501098633,-89.31771850585938,28.375080108642578,14.077712535858154,1573.242575564737,1601.3391373564493,13280.451489008605,2811.4263944084923
test,904,70,69.58977508544922,-88.1134262084961,30.07080078125,-88.0324935913086,30.65707015991211,0.18107533548027277,1768.5538380263858,1829.5637362181913,145.2359901561347,3693.740324185817
test,905,70,157.9452362060547,-88.03251647949219,30.657020568847656,-87.47689819335938,29.40761947631836,1.372010052204132,5116.572289214883,5129.345934712519,1480.3272484550605,10179.717825033482
test,906,80,180.53065490722656,-79.664306640625,24.915464401245117,-79.43479919433594,26.50305938720703,13.99677586555481,6675.824357922742,6686.6413494289,11588.568347158984,2860.670515510458
test,907,70,186.5604248046875,-80.91989135742188,30.919269561767578,-79.62899780273438,29.680620193481445,26.941110372543335,4020.508281386881,3986.577569853056,22938.480467176014,2768.065992404054
test,908,70,135.7983856201172,-84.14840698242188,45.63365173339844,-83.40617370605469,45.06821060180664,6.4424378871917725,16878.485682289815,16857.681236259552,6257.437267187611,20534.104270441105
test,909,70,236.8370819091797,-83.40699005126953,45.067230224609375,-84.35164642333984,46.50230026245117,0.7020069807767868,23197.57536954864,23140.50426418349,6187.661212654452,23661.441771782487
test,910,70,630.8048095703125,-84.35164642333984,46.502288818359375,-92.03581237792969,46.76023864746094,0.9274805262684822,8738.50258142703,8742.616273382659,1233.069849243448,53102.87073891568
test,911,60,57.47598648071289,-88.8463363647461,29.968364715576172,-88.85929870605469,30.389469146728516,0.14347656816244125,7568.569244147925,7556.622832895003,523.5300540420002,7534.303189138093
test,912,70,726.0258178710938,-83.54206085205078,44.238311767578125,-87.52217102050781,42.83176040649414,51.00246238708496,72555.77567598992,71783.66740235538,37406.63347685255,152916.9712162584
test,913,79,144.73056030273438,-86.35014343261719,45.075679779052734,-86.84882354736328,43.82373046875,31.10043430328369,11494.189456548436,11499.89751618385,25680.424423741824,91.06015712505236
test,914,70,63.34565734863281,-91.39387512207031,46.96403121948242,-92.0743408203125,46.728759765625,1.569423884153366,2169.0013730848696,2186.579182462929,846.5827246305586,3366.480505932363
test,915,70,39.730125427246094,-91.59680938720703,28.39781951904297,-91.24453735351562,28.57513999938965,17.159228324890137,1725.2516342516933,1734.439673526897,16990.313176808064,264.8678168900504
test,916,60,57.282325744628906,-93.34722137451172,29.772199630737305,-93.49468231201172,29.285919189453125,2.2882032990455627,1269.1336155743618,1314.0973029176726,1788.7726388595092,3195.423408111518
test,917,70,36.61207962036133,-90.60091400146484,28.72649574279785,-90.88606262207031,28.51654052734375,20.442362785339355,497.60009038174167,534.5399380509089,20724.924433993303,463.56849685094073
test,918,70,59.88981246948242,-90.83344268798828,28.791000366210938,-90.28543853759766,29.035350799560547,6.017844319343567,1449.851489321203,1472.615655687486,3549.9015501039007,339.50103583074906
test,919,80,507.69696044921875,-74.06201934814453,40.631168365478516,-73.91899108886719,36.168819427490234,37.76020875573158,26087.25079087402,26082.596906742147,39841.55645387719,13146.903677287495
test,920,80,144.74278259277344,-121.20481872558594,25.52526092529297,-122.50788116455078,26.089210510253906,41.78724956512451,2163.6345589405732,2186.038717005467,41432.70927618117,154.79948161648443
test,921,80,52.65262222290039,-79.1697769165039,26.237794876098633,-78.79244995117188,26.514049530029297,20.84195828437805,2610.917525043486,2618.2628643351336,15289.222512639426,2665.2426321941984
test,922,80,103.93850708007812,-78.79267120361328,26.51386070251465,-79.35005950927734,27.05512046813965,6.996689200401306,13715.022095384113,13726.611161442184,9404.245813884983,15989.550002540202
test,923,70,160.81741333007812,-84.66265106201172,46.549808502197266,-86.16912078857422,47.48537063598633,22.125077724456787,7398.317545830998,7405.596344144746,14340.642397515105,4976.931558315471
test,924,80,208.73052978515625,-82.61112213134766,23.466665267944336,-80.57388305664062,23.367069244384766,14.638674259185791,2887.6380109950346,2903.101636897465,9927.72395499413,2116.0707190258972
test,925,70,32.038917541503906,-116.50900268554688,16.5291748046875,-116.26825714111328,16.3569393157959,140.7426300048828,679.1038321908599,709.8425164253676,140888.3797622725,193.57303732147295
test,926,70,99.64693450927734,-75.20975494384766,37.09628677368164,-76.12599182128906,37.171478271484375,6.428141832351685,4806.596107252504,4792.485996541556,3117.0430119887665,13242.179805993617
test,927,70,45.287967681884766,-64.94600677490234,18.33509063720703,-64.77601623535156,17.9639892578125,0.9111240487545729,1278.4022660186467,1386.1338092412395,790.6651121221531,236.4875883380966
test,928,70,177.12313842773438,-79.64025115966797,27.163639068603516,-80.16960906982422,25.77043914794922,20.116668224334717,4281.6986945362805,4302.184318473933,25819.300130319996,13406.617420294737
test,929,70,164.09152221679688,-80.16961669921875,25.77043914794922,-79.50103759765625,24.727020263671875,2.626644879579544,10665.534351277402,10727.572621462827,5816.360657365392,21797.239494569658
test,930,89,177.677978515625,-94.1727523803711,27.602140426635742,-93.88984680175781,27.182279586791992,12.512379169464111,40563.44901148776,40572.68921197229,49395.13252190248,40143.80904034338
test,931,80,24.67776870727539,-94.31578063964844,28.537479400634766,-94.07691192626953,28.544490814208984,3.968376636505127,1161.7782466543426,1180.4501243945406,3028.4735975800786,517.1063771104012
test,932,70,358.54052734375,-81.46395874023438,30.67966079711914,-79.38938903808594,28.225040435791016,43.753177642822266,19725.364894366372,19752.90446569513,29140.29106528064,21559.30402330014
test,933,70,122.57524108886719,-66.15384674072266,17.03553009033203,-65.00314331054688,16.983280181884766,23.30634832382202,6019.401010006163,6040.410850110515,22376.874666840336,162.51867636831446
test,934,70,384.020751953125,-80.11995697021484,26.089519500732422,-82.35810852050781,23.924360275268555,2.648449793457985,15928.945032713273,15948.334425144207,3080.8267964093798,44158.525509519495
test,935,70,356.48101806640625,-82.36907958984375,23.928489685058594,-80.17086791992188,25.77128028869629,3.4932995326817036,12537.713314292645,12545.678374121095,18503.82395462486,37236.51230972248
test,936,80,24.686073303222656,-112.0309829711914,23.202259063720703,-112.19036102294922,23.367450714111328,22.42208766937256,1550.8518819773562,1557.0996985034672,22598.040636055597,443.3591408343038
test,937,80,36.23560333251953,-82.16705322265625,23.631450653076172,-81.8113784790039,23.631790161132812,14.863210439682007,2324.37289956275,2353.260520293384,12535.420373274303,115.16223914507093
test,938,80,236.86448669433594,-88.51103973388672,30.32958984375,-87.39501953125,28.544919967651367,2.3258069157600403,6672.309452254958,6714.797970394498,2499.0253187765347,9608.27452501163
test,939,70,122.84114837646484,-77.89106750488281,43.60148620605469,-79.36785888671875,43.642391204833984,8.359151589684188,7953.28663566898,7962.6813596207,8309.857247509697,3285.400755318951
test,940,70,306.2164001464844,-83.2216567993164,45.9150505065918,-82.40048217773438,43.254249572753906,28.3460693359375,10180.365964657976,10181.432876575258,14283.579862202729,6727.797357447665
test,941,70,351.2091369628906,-79.24579620361328,42.89992904663086,-83.1309814453125,41.85417938232422,10.519446374848485,12234.858006508319,12267.086936406797,4853.727155003778,18232.822374201027
test,942,70,308.9873352050781,-83.1405029296875,41.84231185913086,-80.0750503540039,42.775779724121094,17.412728786468506,14038.673017669382,14048.480831689953,9996.263510779008,26840.144354577656
test,943,70,74.20198059082031,-80.07633209228516,42.782081604003906,-80.4298095703125,42.28647994995117,7.407755263149738,6514.677573020175,6540.086776395602,7699.186076412007,10337.090236870623
test,944,70,474.1792907714844,-80.30150604248047,28.418615341186523,-80.92379760742188,24.577009201049805,30.954105377197266,20186.486440717053,20176.074572168676,41296.27525474789,46047.31736652189
test,945,70,70.79374694824219,-88.9954605102539,28.236919403076172,-89.6424331665039,28.521549224853516,14.841704368591309,1894.5991482225631,1926.1720462008311,15065.70006955501,228.67641839428302
test,946,70,74.038330078125,-89.65750885009766,28.528579711914062,-88.99458312988281,28.234800338745117,12.012204647064209,1167.2409406586182,1185.3474338487663,11205.32807427692,1064.852096956018
test,947,80,40.31307601928711,-95.8231430053711,19.424610137939453,-96.12699127197266,19.64689064025879,27.50249195098877,1018.028678614525,1040.2780284081362,24779.55656452996,98.12112130628064
test,948,70,73.11133575439453,-77.88114166259766,27.88459014892578,-78.60106658935547,27.7213191986084,38.22368335723877,1658.5098018047074,1680.6848176268907,38386.25293932673,114.47808143767357
test,949,82,172.88796997070312,-94.45276641845703,22.244089126586914,-94.46965026855469,20.690149307250977,24.154956817626953,6776.917731158479,6801.143363725539,22747.633486351977,410.6050700925716
test,950,70,43.10981750488281,-124.86701202392578,48.477413177490234,-124.324951171875,48.352378845214844,9.380529642105103,2691.011679938374,2699.7016305729717,5446.499287485393,1695.7016372638304
test,951,70,38.004974365234375,-92.07212829589844,46.731929779052734,-91.64321899414062,46.850830078125,3.2051620483398438,2498.8449216824715,2519.5340556038923,2431.5448890002535,2410.4895505910063
test,952,79,414.4478454589844,-86.28670501708984,45.23271560668945,-87.32510375976562,41.615081787109375,9.71488618850708,11820.42981133384,11822.647816320654,10297.011891679209,9925.777815634146
test,953,70,141.5757293701172,-85.1838607788086,46.849609375,-86.93263244628906,47.29975891113281,20.09064292907715,6508.1011390429985,6538.499778123038,20029.242454594565,272.5408410830952
test,954,60,78.3841323852539,-117.23628997802734,32.69432067871094,-117.9466323852539,32.441219329833984,4.179206475615501,4920.038259052793,4977.645489751511,2139.4186157931126,3147.885455257003
test,955,79,77.21847534179688,-93.34722137451172,29.773439407348633,-93.60423278808594,29.12441062927246,3.8925177454948425,1781.3240035078747,1789.6756469817653,5486.862181684324,968.6834480432926
test,956,68,65.26287078857422,-97.06285095214844,27.848949432373047,-96.46552276611328,28.067190170288086,4.473426043987274,2934.325130074903,2974.1363453713357,3105.240503030199,1746.3250911706923
test,957,68,26.64868927001953,-97.06288146972656,27.848909378051758,-96.8024673461914,27.829410552978516,3.7795227766036987,1990.5033778747465,2104.170647955954,3811.1173205359796,1487.5409940153586
test,958,68,26.21775245666504,-96.80265045166016,27.82929039001465,-97.06114196777344,27.84708023071289,0.9803101718425751,1134.4472285762404,1218.474608320845,2695.2110424193475,820.0205434410774
test,959,68,26.47122573852539,-97.06279754638672,27.848800659179688,-96.80294036865234,27.828819274902344,3.7412679195404053,2128.4886096907135,2246.2960756942953,3644.380803516954,1505.2500743099406
test,960,68,26.21148681640625,-96.8021469116211,27.830049514770508,-97.0615234375,27.84748077392578,0.9908983111381531,1017.5311532650966,1100.4746673068532,2999.0256367023508,605.159730559913
test,961,68,26.362443923950195,-97.06153106689453,27.847450256347656,-96.80140686035156,27.830469131469727,3.883594334125519,2047.0339430618249,2145.458125688004,3852.0243817596693,1421.1317227187133
test,962,68,26.39109992980957,-96.80133056640625,27.829729080200195,-97.06114196777344,27.847490310668945,0.9571776688098907,1208.9237800828946,1301.866736643125,2667.801084399129,853.5293930337438
test,963,79,47.216026306152344,-88.9693832397461,28.936830520629883,-89.32420349121094,28.66353988647461,19.874447345733643,2180.7767311862267,2211.0280098964013,13794.088071006847,1821.3930060841567
test,964,70,158.5609130859375,-88.98860931396484,29.541290283203125,-89.82556915283203,28.930770874023438,18.871866941452026,15612.76311413989,15442.509161114607,16097.148135271475,31086.53712824519
test,965,60,64.38204956054688,-94.78282928466797,29.3228702545166,-94.43694305419922,28.936540603637695,3.515943765640259,6823.172203812181,6931.49794815029,4735.215657402563,8780.621952148465
test,966,60,29.283273696899414,-92.04817962646484,29.567249298095703,-91.86907958984375,29.381200790405273,8.40037989616394,1723.1266213549454,1737.188168006897,8026.04189294809,2232.6315784247963
test,967,80,151.97662353515625,-94.40229797363281,23.090225219726562,-94.3975601196289,21.779529571533203,39.31380844116211,2645.4173238064195,2681.8484473531735,20094.444338197973,2905.533750121163
test,968,70,79.4356689453125,-92.91511535644531,25.32587432861328,-92.82511901855469,25.742599487304688,31.75019359588623,6893.671286392447,6903.104571704597,27619.512533284178,6704.196953599466
test,969,80,145.3095245361328,-81.23462677001953,24.315250396728516,-82.6435775756836,24.156339645385742,6.992954134941101,1895.672276564395,1912.9097539168652,7909.861338484195,5018.164246836404
test,970,80,134.6089324951172,-92.5435791015625,25.545124053955078,-93.80159759521484,25.829750061035156,42.896453857421875,5397.608191733365,5404.975301325468,39112.91505351476,4349.804891551329
test,971,70,432.71917724609375,-89.21405792236328,48.3915901184082,-84.43292236328125,46.48722839355469,1.5465965270996094,18164.171823750756,18186.911641446535,1486.9705436975032,5502.8978034356205
test,972,70,189.53460693359375,-84.35336303710938,46.50299072265625,-83.01466369628906,45.16585922241211,0.8804523604921997,7110.356979630511,7115.021775163374,908.605111830441,3855.911813180165
test,973,70,366.2741394042969,-88.04273223876953,30.723289489746094,-88.40630340576172,27.84341049194336,15.1296067237854,12352.401204130494,12747.164394843176,21010.318329648355,35245.29484945923
test,974,84,31.703325271606445,-95.1427230834961,23.67754554748535,-95.4432601928711,23.74505043029785,51.51270294189453,3243.8210320147355,3244.316296953509,50584.28738973214,882.9963655656983
test,975,70,38.052391052246094,-94.4620590209961,29.251100540161133,-94.80039978027344,29.30851936340332,2.844240665435791,3257.2836441792742,3434.59390275699,2070.8457729745755,2776.6841715080936
test,976,71,91.19979095458984,-93.29499816894531,27.59139060974121,-92.36976623535156,27.586170196533203,11.094016790390015,1675.933258835767,1662.6872023245899,8900.234151546863,197.51175090623894
test,977,70,27.21519660949707,-80.53227233886719,31.98615074157715,-80.26284790039062,32.03696060180664,13.297903954982758,812.5967319604513,838.3113435899813,12872.862557371998,602.241275235052
test,978,70,49.78397750854492,-76.05066680908203,36.95803451538086,-76.10236358642578,37.28403091430664,7.966691493988037,3834.9982460940796,3834.0191351314697,6681.690215917412,5271.945692944451
test,979,70,210.53355407714844,-79.43209838867188,26.200969696044922,-79.94998931884766,24.487340927124023,6.593323767185211,7637.659403495429,7632.157014371453,7416.027824223491,13210.606495543761
test,980,70,34.54902648925781,-64.94599151611328,18.33513069152832,-64.81841278076172,18.050390243530273,2.843965210020542,1245.9112847502904,1366.2420870633018,2776.0808105015326,233.9935173110711
test,981,89,150.095458984375,-64.80702209472656,19.858020782470703,-66.15351104736328,20.20829963684082,39.38625621795654,3556.547272696247,3554.689990582647,37863.73500049616,3158.853367171811
test,982,80,161.77407836914062,-114.96580505371094,26.465164184570312,-115.9346694946289,27.63620948791504,15.090725898742676,2782.6725761796165,2796.1956113046194,14058.301217375927,266.5616064747993
test,983,70,812.9323120117188,-118.25884246826172,33.731449127197266,-123.46376037597656,37.49007034301758,5.552472352981567,61747.00353642892,61734.19907556734,25104.45020723612,78989.72302503225
test,984,79,237.91763305664062,-81.4642562866211,30.67807960510254,-79.0382308959961,30.96773910522461,37.86848735809326,18879.704523653592,18942.9651856281,29446.805661451344,4182.2302340768865
test,985,80,243.4945831298828,-79.24591827392578,42.899681091308594,-81.89269256591797,41.97420120239258,1.7018417119979858,2590.4860595622067,2615.816207904107,1498.868546279856,7040.052589992444
test,986,70,131.3314971923828,-79.62353515625,25.30357551574707,-80.29329681396484,24.422149658203125,11.097019672393799,4545.359685328983,4554.32347145471,17139.35113068841,14454.67520715081
test,987,80,59.980377197265625,-118.1635971069336,33.73003005981445,-118.47969818115234,33.885459899902344,0.5452527403831482,8709.358090035486,8008.717511784709,1714.8665983899773,12136.754610803451
test,988,60,31.949371337890625,-66.72279357910156,44.770851135253906,-66.81006622314453,45.04682922363281,0.2015462201088667,1785.2005438414167,1811.035716621274,175.48912618467227,527.382718729172
test,989,60,24.844085693359375,-66.81004333496094,45.04684066772461,-66.74700164794922,44.831478118896484,0.09358695498667657,1197.4190531859065,1280.6232965574075,211.24694711269473,520.8224127783467
test,990,60,35.80588912963867,-66.74712371826172,44.76123046875,-66.8100814819336,45.04682922363281,0.006852000951766968,2387.9754504902203,2484.6727871337052,324.1486628133608,1762.3724273693122
test,991,60,26.9211483001709,-66.74134826660156,44.81364059448242,-66.81005859375,45.04682922363281,0.12995986873283982,1437.7632049248818,1481.0354136540968,165.23246198857416,507.950809523791
test,992,60,22.83406639099121,-66.7544174194336,44.849449157714844,-66.81005096435547,45.04684066772461,0.8704286459833384,1120.3581390841869,1197.8501813893947,9493.464046199808,457.89205933177266
test,993,60,30.152803421020508,-66.81124114990234,45.046661376953125,-66.73168182373047,44.783939361572266,0.1288476474583149,1331.901996812575,1391.6273891817593,287.71520473285847,490.524740003588
test,994,70,163.450439453125,-81.63361358642578,42.04981994628906,-83.4593276977539,41.695899963378906,26.25070333480835,6427.65457742482,6420.465336337466,16396.131230201972,4947.435292193698
test,995,70,386.718505859375,-83.4595718383789,41.69451141357422,-79.24630737304688,42.89773941040039,0.012322552967816591,10883.828499891244,10587.622134668529,2125.183857868416,18126.042372560427
test,996,70,333.59637451171875,-79.24578857421875,42.89994812011719,-82.73158264160156,41.459068298339844,1.4986787643283606,4665.234326300885,4689.751504556152,3055.024690107312,8993.306901361928
test,997,70,287.14727783203125,-82.7316665649414,41.45880889892578,-80.07636260986328,42.782161712646484,18.23064631409943,9791.349921302954,9813.13956547826,13116.422222749377,15920.296757918572
test,998,70,255.2932891845703,-80.07633972167969,42.782108306884766,-82.41465759277344,41.5957145690918,15.331639751791954,11261.594005911867,11270.383353401056,15445.020478246024,18219.486576108906
test,999,70,23.269458770751953,-89.58397674560547,28.480939865112305,-89.36813354492188,28.392810821533203,14.763588428497314,1000.3599488119812,1030.91509602629,11480.230119340302,27.411262157101564
test,1000,70,43.10981750488281,-124.86701202392578,48.477413177490234,-124.324951171875,48.352378845214844,9.380529642105103,2691.011679938374,2699.7016305729717,5446.499287485393,1695.7016372638304
test,1001,70,189.84112548828125,-82.48230743408203,43.52836608886719,-83.40612030029297,45.06822967529297,29.03135108947754,3595.1110016518915,3601.168928425948,26693.86665009853,7737.60003920404
test,1002,60,57.21578598022461,-88.84806060791016,29.96600914001465,-88.85929870605469,30.389469146728516,0.22105658799409866,7613.284603705337,7615.45311848885,469.09775376134877,7508.543772276397
test,1003,60,52.5463981628418,-88.86277770996094,30.001619338989258,-88.85929870605469,30.389469146728516,0.5940590351819992,7490.015467862217,7532.047758915945,847.3706465958462,7253.4612432395015
test,1004,70,296.8467102050781,-83.7856216430664,45.411338806152344,-82.40650177001953,43.144081115722656,1.2468331886921078,10237.638157719417,10107.954275497481,8376.245826460472,27281.623175220513
test,1005,70,263.1956787109375,-82.41007995605469,43.12889099121094,-83.4197769165039,45.29669952392578,10.009307384490967,11637.742977008027,11652.608318523267,13152.884668243594,16563.984723634698
test,1006,79,721.2389526367188,-84.35414123535156,46.50288009643555,-87.32518005371094,41.615081787109375,5.6886573559604585,30407.455745628027,30308.93405315007,11625.235479568242,72458.79173392146
test,1007,70,140.5057830810547,-83.78565979003906,45.410831451416016,-84.34133911132812,46.503299713134766,0.09734782762825489,2042.932281249739,2049.6866480754948,247.32332290685753,7513.834531977597
test,1008,60,144.3051300048828,-117.22801971435547,32.66508865356445,-116.77738189697266,31.430110931396484,10.761676907539368,4307.973810326997,4288.395373437052,10165.104187062898,2716.9038903313553
test,1009,68,65.26287078857422,-97.06285095214844,27.848949432373047,-96.46552276611328,28.067190170288086,4.473426043987274,2934.325130074903,2974.1363453713357,3105.240503030199,1746.3250911706923
test,1010,70,38.645015716552734,-70.01605224609375,18.42007064819336,-69.77188110351562,18.17061996459961,10.90116810798645,887.0559589133089,944.7406505393812,7401.108307476607,739.8187885841538
test,1011,70,249.95803833007812,-118.15901184082031,33.73521041870117,-120.61234283447266,34.37895965576172,3.5846660137176514,7265.885225233922,7220.619568819629,1858.156915365281,6324.672960424223
test,1012,80,283.7940673828125,-122.7263412475586,37.50144958496094,-121.6919174194336,35.1711311340332,44.15424156188965,12325.564221639654,12331.73535540359,34393.18853584858,17613.82705591545
test,1013,70,138.7600555419922,-79.14798736572266,26.20363426208496,-79.65910339355469,25.110450744628906,5.619030594825745,9942.448758659693,9950.334339684146,5897.564367578319,10593.674291441757
test,1014,70,159.53765869140625,-71.81278991699219,40.822410583496094,-73.60662078857422,40.51459884643555,7.304144978523254,3365.9511333335854,3389.4690079592874,6844.5367801272005,9549.20404412776
test,1015,70,98.17974853515625,-74.08836364746094,35.588966369628906,-74.14462280273438,34.70774841308594,38.86635971069336,2506.1965479871315,2510.289019539859,26281.118960735705,413.91159409801094
test,1016,80,248.0664520263672,-94.67298126220703,29.063169479370117,-96.74371337890625,27.808889389038086,2.972546935081482,6751.86068789218,6746.65965958191,1516.7850441905798,3516.430485454968
test,1017,70,47.13644027709961,-64.94603729248047,18.335119247436523,-64.77266693115234,17.945430755615234,0.09938234835863113,1498.072901251211,1584.2790004033552,89.59681642989223,214.57227565327278
test,1018,89,195.13734436035156,-66.08699798583984,18.555255889892578,-64.29048156738281,18.837139129638672,32.95703887939453,5333.259091372332,5336.754882098463,23118.439664451053,5276.0099379866115
test,1019,84,329.8065490722656,-94.7482681274414,29.350379943847656,-92.2330093383789,27.562379837036133,4.732211351394653,7572.963250588833,7577.759435127728,4133.10976418943,8453.237310705606
test,1020,70,275.71270751953125,-79.15348052978516,26.25736427307129,-80.43202209472656,24.303979873657227,7.11087954044342,12784.63966978025,12766.500161440907,5424.09492340946,16159.064772662852
test,1021,70,153.56951904296875,-79.50507354736328,26.095800399780273,-79.64148712158203,24.720510482788086,6.35564398765564,6366.688165250103,6387.168407099055,4861.020183913716,297.91746543815873
test,1022,80,290.47271728515625,-79.71404266357422,43.372100830078125,-76.36260986328125,44.121700286865234,11.497635126113892,4425.30305170213,4454.65538566824,10251.910783596224,14247.40303114111
test,1023,80,288.4786376953125,-76.34793853759766,44.131561279296875,-79.71401977539062,43.37208938598633,3.7473613023757935,7398.019964084274,7338.606039856351,3588.916473378773,10679.627308528132
test,1024,70,382.8495788574219,-76.16699981689453,37.68661117553711,-74.77496337890625,34.58097839355469,29.900554656982422,10751.703149089604,10710.081686642212,28336.199106066375,11310.38255887061
test,1025,60,173.62371826171875,-94.21207427978516,29.033540725708008,-92.78983306884766,28.1072998046875,15.657863140106201,3391.302974062578,3411.8223306894865,15604.464932843137,1707.7322707642056
test,1026,84,108.87075805664062,-82.44317626953125,24.294189453125,-81.3828125,24.394250869750977,17.941908359527588,3166.807216106365,3176.8909776021674,13893.19144548927,3141.5860407891155
test,1027,84,101.69879150390625,-81.3815689086914,24.410730361938477,-82.37264251708984,24.30760955810547,12.377899646759033,1804.696618612371,1822.9323455180424,9282.686462468995,2989.3490445430452
test,1028,60,28.72774314880371,-66.7332992553711,44.798858642578125,-66.81006622314453,45.04682922363281,0.17680833861231804,1634.9928086680738,1677.9563179169968,562.9034195772846,511.83051841066964
test,1029,60,24.844085693359375,-66.81004333496094,45.04684066772461,-66.74700164794922,44.831478118896484,0.09358695498667657,1197.4190531859065,1280.6232965574075,211.24694711269473,520.8224127783467
test,1030,60,35.80588912963867,-66.74712371826172,44.76123046875,-66.8100814819336,45.04682922363281,0.006852000951766968,2387.9754504902203,2484.6727871337052,324.1486628133608,1762.3724273693122
test,1031,70,286.06976318359375,-80.07633972167969,42.782108306884766,-82.73152923583984,41.459171295166016,0.122852916829288,9408.355208877858,9417.450416543492,4183.0432418688815,17479.992965300502
test,1032,70,94.30184173583984,-82.731689453125,41.4587516784668,-82.98390197753906,41.87316131591797,6.362719871103764,18402.590915606743,18397.779053034028,7815.18260120055,20044.0784636994
test,1033,70,343.4479675292969,-83.00090789794922,41.87337112426758,-79.24629974365234,42.89781188964844,5.454984976677224,7023.866128575772,7053.384868476301,4629.077442401765,21813.918343310375
test,1034,70,218.46920776367188,-79.248291015625,42.8796501159668,-81.5171890258789,41.90856170654297,10.150805115699768,3035.665819800344,3052.152245205221,6568.23410123485,7707.2463981676765
test,1035,81,289.24664306640625,-85.37715911865234,27.5963191986084,-82.5628662109375,27.633089065551758,50.45670509338379,5330.50878471042,5344.764581596009,34482.33622241827,5165.738816018834
test,1036,70,48.448421478271484,-87.33433532714844,43.120365142822266,-87.90145111083984,43.01634979248047,17.167093992233276,928.348564992293,951.7118143254824,14475.97631402761,584.6077272629577
test,1037,79,523.78076171875,-84.35411834716797,46.50291061401367,-87.02880096435547,43.366241455078125,11.93272346816957,32683.87631691239,33185.88250293005,11283.658085378154,54934.15661293194
test,1038,70,365.6693420410156,-86.6830062866211,43.81436538696289,-83.87966918945312,45.98387145996094,19.82865333557129,13447.460574819526,13407.86987399391,11863.12113135219,38191.20962272196
test,1039,70,275.8879089355469,-83.87964630126953,45.98460006713867,-82.43431091308594,43.781368255615234,9.889912605285645,13735.740908069336,13751.287429641676,4952.624137198857,11429.281595736715
test,1040,70,32.781394958496094,-91.75447082519531,29.405330657958984,-92.07376098632812,29.413780212402344,8.016842603683472,1335.83298121429,1341.1526187859338,10686.290936344813,787.7868406935609
test,1041,89,74.78687286376953,-93.6963882446289,28.718414306640625,-93.06735229492188,28.33608055114746,16.842110872268677,802.0562734273906,835.9222365747572,16699.99948616473,214.08219796770942
test,1042,60,84.27941131591797,-94.78292083740234,29.3227596282959,-94.40141296386719,28.75749969482422,1.7095950841903687,7046.790995934539,7105.818337932725,5088.094016976339,9450.107439704829
test,1043,60,42.98967361450195,-92.98284149169922,29.69552993774414,-93.32492065429688,29.79509925842285,12.976830534636974,4136.009099907685,4268.876796821796,11066.296554222663,4631.7326606001925
test,1044,60,44.738189697265625,-93.3248519897461,29.795040130615234,-92.96552276611328,29.697080612182617,13.786947019398212,4354.822133766631,4470.063943376505,12192.957208217995,4703.552756053339
test,1045,60,41.97102737426758,-92.98255157470703,29.695499420166016,-93.32488250732422,29.79509925842285,12.989570043981075,3786.1008748451663,3946.006753719528,11158.74450509071,4269.181680433348
test,1046,60,39.961124420166016,-93.32486724853516,29.795080184936523,-93.009521484375,29.689489364624023,11.742456890642643,4002.2681139500733,4151.669559287013,10130.477296446199,4307.236658745687
test,1047,60,41.741695404052734,-92.99629974365234,29.691570281982422,-93.32669830322266,29.79528045654297,12.263448406010866,3987.322141112637,4145.226917812746,10323.663766474907,4468.550673035896
test,1048,60,43.43218231201172,-93.32443237304688,29.79463005065918,-92.9723129272461,29.694040298461914,13.448318853974342,4220.902463376776,4356.865120982579,11841.18359480329,4520.442397624055
test,1049,60,41.98299789428711,-118.53040313720703,33.4687614440918,-118.27899169921875,33.739601135253906,0.014399800449609756,2156.309798978232,2259.456368786512,480.0240223292914,2499.8616344831275
test,1050,70,177.51986694335938,-83.2935791015625,24.264265060424805,-81.67607879638672,23.7216796875,30.22669529914856,2950.0175092255085,2961.9566377568167,20530.331001877188,7266.968002325842
test,1051,80,511.7733459472656,-74.0642318725586,40.63764190673828,-73.0586929321289,36.34349060058594,56.5385684967041,13746.902438839708,13772.661636066645,63368.87681767836,36869.32863885904
test,1052,72,867.2822265625,-76.2237319946289,37.002838134765625,-80.47377014160156,31.974449157714844,12.800989627838135,18641.763655172934,18514.52874394719,17098.55613697825,127263.11505647689
test,1053,80,472.32904052734375,-118.21544647216797,33.77465057373047,-116.67630767822266,29.759109497070312,4.733911514282227,3879.2720346712013,3907.709992208825,4768.7800976523695,4301.687054331721
test,1054,80,57.69541549682617,-69.89373779296875,19.833215713500977,-69.41410064697266,19.57781982421875,16.759136199951172,3766.0246023558166,3784.0634561122897,16681.83531307996,117.13872472925128
test,1055,70,237.09515380859375,-114.74078369140625,25.973569869995117,-113.24295806884766,24.336589813232422,30.188138484954834,4412.835794072404,4429.650443835465,25957.74685362127,3521.8608367831175
test,1056,80,248.0664520263672,-94.67298126220703,29.063169479370117,-96.74371337890625,27.808889389038086,2.972546935081482,6751.86068789218,6746.65965958191,1516.7850441905798,3516.430485454968
test,1057,70,216.56907653808594,-119.27153015136719,27.959510803222656,-117.60433197021484,26.694889068603516,42.68502426147461,2246.8686815960777,2237.9844420049844,41622.48948349331,326.66985383660693
test,1058,80,51.007728576660156,-96.46520233154297,27.62019920349121,-95.97950744628906,27.466650009155273,10.21481466293335,539.0807271532126,585.6759378725851,13015.330623310443,513.476076514277
test,1059,71,292.91998291015625,-121.08424377441406,34.44911575317383,-118.19474029541016,33.71118927001953,8.617125511169434,7539.273350649187,7425.101046897179,4965.19176295188,6653.013227632362
test,1060,71,938.1202392578125,-118.2734603881836,33.75143051147461,-114.40115356445312,26.124479293823242,12.61133886873722,9688.289053465869,9701.354325781913,11630.25426974208,30306.45200357577
test,1061,70,108.26033782958984,-95.34049987792969,28.940019607543945,-94.59677124023438,28.251819610595703,1.28012833930552,3064.53525712811,3151.6893857162927,1716.3805286178567,1894.4089817877978
test,1062,70,58.72492599487305,-78.83216857910156,32.481201171875,-79.30262756347656,32.135231018066406,15.133313417434692,2045.753219924391,2066.265203684524,14972.061134009704,445.216509938684
test,1063,80,118.7192611694336,-78.28597259521484,43.605716705322266,-79.71401977539062,43.37208938598633,26.25528049468994,4273.29689527041,4267.669880573719,25503.43483264358,977.806464375689
test,1064,60,25.578815460205078,-94.77926635742188,29.314090728759766,-94.53724670410156,29.34119987487793,0.038997053634375334,2378.3368220677185,2560.092516852195,194.2881900112033,1481.2916990746942
test,1065,60,25.83578109741211,-94.5370101928711,29.3414306640625,-94.77916717529297,29.314159393310547,0.08234795555472374,1581.154071746294,1900.7458303352564,150.1313467787693,1321.2192737437776
test,1066,70,113.60637664794922,-94.81321716308594,29.308639526367188,-94.41130065917969,28.550260543823242,3.195271593518555,9930.93333524098,10020.591109956946,3226.329617106227,15690.290769752757
test,1067,60,29.61733627319336,-66.80370330810547,44.99861145019531,-66.74710845947266,44.7612190246582,0.5671414204407483,2644.5537819231317,2698.3950934866225,730.4957739741737,1716.5006457950892
test,1068,60,35.070308685302734,-66.74714660644531,44.761199951171875,-66.81006622314453,45.046871185302734,0.006510998588055372,2613.7526577434487,2703.237019349145,385.9666975453453,1625.106830214449
test,1069,60,35.25917434692383,-66.81006622314453,45.04682159423828,-66.74716186523438,44.7612190246582,0.007254661992192268,2312.3175235358817,2393.387686855052,467.2263249133978,1519.5650033643055
test,1070,60,35.333560943603516,-66.74714660644531,44.761199951171875,-66.81006622314453,45.04682922363281,0.006915557663887739,2260.8897410590757,2351.1080523697956,439.14227516507833,1567.1893278757843
test,1071,60,23.973896026611328,-66.74749755859375,44.840179443359375,-66.81006622314453,45.04682922363281,0.5160507634282112,1126.0225832935002,1188.6439261074124,8921.915508502709,608.7851098566557
test,1072,70,333.5246887207031,-82.73168182373047,41.4587516784668,-79.24632263183594,42.89768981933594,0.06305102445185184,7153.025542084242,7147.951828751014,1761.1122808074847,6956.0141790670605
test,1073,70,146.40090942382812,-79.24579620361328,42.8998908996582,-80.79371643066406,42.29113006591797,3.867117762565613,1963.480070112036,1987.7642175957035,3469.123331318613,5237.8960456924215
test,1074,70,234.54104614257812,-82.73114013671875,41.46025848388672,-80.1775894165039,42.363529205322266,10.82302837818861,8560.904333149952,8551.86382352585,12118.756055702623,829.2429783693092
test,1075,80,349.00885009765625,-122.6512222290039,31.10206413269043,-119.84686279296875,29.111709594726562,33.09132671356201,800.7293712190318,818.91484963446,37260.61436884014,659.0976284174023
test,1076,80,95.14221954345703,-94.6648178100586,29.063579559326172,-93.83138275146484,28.806110382080078,5.225321352481842,9003.801000196883,9023.723005376984,11720.69081107264,8314.27775676487
test,1077,80,545.9591674804688,-118.21550750732422,33.77465057373047,-117.12138366699219,29.0669002532959,16.32284426689148,9684.305698701131,9705.23347822569,17593.348561421386,11453.773786241118
test,1078,70,137.69854736328125,-63.80841064453125,44.01689529418945,-64.70137786865234,42.962249755859375,44.01935958862305,2439.0755459852703,2429.0264146755353,30502.8761150538,451.7004166509018
test,1079,70,621.8340454101562,-120.98392486572266,33.25239181518555,-116.95152282714844,28.854169845581055,100.68011474609375,9107.30037467285,9127.83508398296,97716.15587680483,1488.1119180059593
test,1080,70,399.0267639160156,-85.30732727050781,45.877689361572266,-87.9015121459961,43.01641082763672,0.45164787769317627,23007.409587710543,22853.56325662019,842.798828845354,22176.303873504196
test,1081,70,47.151817321777344,-87.9015121459961,43.016380310058594,-87.34052276611328,43.08803176879883,25.124350488185883,1846.1636124119018,1855.8242233077622,22172.44998944538,596.2800214541257
test,1082,70,358.6870422363281,-86.23573303222656,43.07181167602539,-85.87185668945312,45.96965026855469,0.6429022774100304,18121.18006619194,17596.971745813105,11758.261681566957,36326.402796159644
test,1083,70,249.142333984375,-85.8718490600586,45.96931838989258,-88.01171112060547,44.52265167236328,0.01775494823232293,12218.888276859427,12148.638107221526,2699.428776809426,10581.26644531033
test,1084,79,721.42529296875,-84.3541488647461,46.5029182434082,-87.32511138916016,41.615081787109375,5.692245282232761,30462.396420239726,30362.29908713724,11672.716680204736,72518.74432649976
test,1085,70,105.62642669677734,-87.28597259521484,42.64036560058594,-87.45868682861328,41.70751953125,6.3781750202178955,1352.0678323672971,1357.3685810484787,6036.027008462364,934.8716244124691
test,1086,70,660.63427734375,-87.43779754638672,41.675270080566406,-83.4217529296875,45.29750061035156,7.091686725616455,35542.23266733909,35513.84772684001,5953.0959877566065,103052.40540331868
test,1087,70,161.90814208984375,-83.42159271240234,45.297428131103516,-84.35356903076172,46.50291061401367,0.012906461954116821,4301.771700596577,4183.96215359411,260.4127073760209,3710.6943338508536
test,1088,70,69.994140625,-92.30484008789062,29.553340911865234,-91.78231048583984,29.37104034423828,0.6577465329319239,5384.939531825978,5409.943196806723,4671.721649604834,10219.24985469635
test,1089,79,100.63590240478516,-93.33233642578125,29.783239364624023,-94.15412139892578,29.523000717163086,19.80713510210626,5256.20761789528,5288.427962070107,19944.92465052037,9116.205788917689
test,1090,70,104.7492446899414,-89.99057006835938,29.01705551147461,-88.96502685546875,28.87672996520996,13.688547611236572,2752.4533012872785,2758.9429451836286,7921.9256093080585,5702.065623279118
test,1091,70,93.08418273925781,-95.62132263183594,28.315229415893555,-95.28581237792969,28.96820068359375,4.135911796241999,3854.793330990332,3893.3459375749335,4926.746828393914,5381.209957870475
test,1092,70,72.89899444580078,-95.28350830078125,28.896549224853516,-95.61799621582031,28.346900939941406,12.035938024520874,4457.184580028007,4467.747485108386,13791.335521837575,2039.768540161293
test,1093,70,85.8218002319336,-95.62035369873047,28.314390182495117,-95.28569030761719,28.968059539794922,4.1439140271395445,2664.3482787047146,2727.1281809814736,4290.763855023163,5306.56925472184
test,1094,70,170.90528869628906,-95.28565216064453,28.9678897857666,-93.61717224121094,28.833879470825195,10.177318096160889,4653.7617210849185,4698.926206324692,6833.48986991105,4998.5528037219565
test,1095,70,30.818870544433594,-90.8572769165039,28.673824310302734,-91.10263061523438,28.506450653076172,13.116529941558838,1816.1559996106673,1824.9444387877274,12991.349227964583,612.9107638095121
test,1096,70,52.849876403808594,-94.14138793945312,29.010465621948242,-94.58528137207031,29.118209838867188,11.47229814529419,4603.086350636806,4599.202697665864,7623.8056354777655,4423.837771072109
test,1097,80,94.05535125732422,-94.75675964355469,29.34300994873047,-94.42195892333984,28.65654945373535,1.3480340391397476,5867.524252805054,5856.4431862812,1197.0093074799463,10962.922777328318
test,1098,70,128.0818634033203,-79.94031524658203,29.22260093688965,-80.51628875732422,28.34634017944336,29.331462383270264,12400.822423202035,12404.82992351836,19821.28944920885,12360.911813212113
test,1099,70,110.96297454833984,-80.60395812988281,28.408979415893555,-79.6148910522461,27.94325065612793,2.4993046522140503,1003.8756554275601,1056.9961814089347,1526.9822706982313,936.476429531456
test,1100,70,32.789363861083984,-79.31573486328125,26.15983009338379,-79.01512145996094,26.24118995666504,11.572448492050171,1608.7739700201828,1624.7441941217203,13011.977846646418,2061.349387323786
test,1101,70,151.30715942382812,-66.42108917236328,39.03707504272461,-68.10394287109375,38.67377853393555,77.82928276062012,4179.500280778357,4189.997659309262,61639.16172872652,1316.6329749273161
test,1102,80,92.9417495727539,-94.31183624267578,28.601675033569336,-94.6550521850586,28.59602928161621,4.914191007614136,12867.01231074657,12885.729493249632,12342.960687756142,12524.850343564325
test,1103,80,73.50060272216797,-94.67485046386719,28.600299835205078,-94.42391204833984,28.16888999938965,4.165494441986084,8068.620092508246,8073.131214788901,14179.508038053198,9519.215328604078
test,1104,70,241.9215850830078,-66.07408905029297,45.16790008544922,-66.81986999511719,43.36056900024414,12.207338809967041,19336.059023191043,19337.491198358344,15484.792411431108,21273.823565818533
test,1105,70,387.2452087402344,-88.41722106933594,27.807395935058594,-88.04276275634766,30.723310470581055,56.90727424621582,24560.305280283745,25058.677646966622,54071.05517596197,36730.29957267661
test,1106,70,320.95452880859375,-88.04276275634766,30.723270416259766,-88.14160919189453,28.15300941467285,16.073305130004883,11626.704834510665,12068.784364482482,39596.681155994695,28523.190793963782
test,1107,80,227.09548950195312,-80.5930404663086,28.40966033935547,-79.25861358642578,26.772499084472656,3.1819644570350647,4544.252552204583,4557.055327273537,3151.908952890637,5262.966859116741
test,1108,80,28.687026977539062,-94.41624450683594,28.91107940673828,-94.59069061279297,29.082090377807617,3.8655240535736084,1857.8616716505537,1860.2798375879981,2264.856128380777,2151.1724983482336
test,1109,80,140.44229125976562,-94.69937133789062,28.44890022277832,-94.41728210449219,27.301050186157227,16.057047367095947,5816.770508015585,5834.299766968332,10715.278145982753,8365.71423541901
test,1110,82,50.01420593261719,-89.34005737304688,28.90488052368164,-89.65434265136719,28.5910701751709,10.638005495071411,4151.543018063336,4158.711137699382,9535.798186085021,1857.4170271380872
test,1111,89,399.276123046875,-118.1555404663086,33.70553970336914,-117.30034637451172,30.258920669555664,11.969155311584473,6306.342513203716,6324.156975437985,6432.224568867573,8119.460981445709
test,1112,71,358.3705749511719,-116.32665252685547,28.81808090209961,-114.40115356445312,26.124479293823242,24.804712295532227,7714.908344312755,7726.080642771606,18131.61702209061,10203.378739604708
test,1113,71,128.95921325683594,-80.07131958007812,25.766555786132812,-78.9684829711914,26.264169692993164,8.690680980682373,9387.67831932534,9390.79387837446,10263.551297797858,9078.032303635642
test,1114,70,86.68974304199219,-65.36304473876953,19.310359954833984,-64.80122375488281,19.882709503173828,13.086893081665039,2333.8716845513277,2378.014662695426,13090.026085105921,176.84371121351788
test,1115,60,23.973896026611328,-66.74749755859375,44.840179443359375,-66.81006622314453,45.04682922363281,0.5160507634282112,1126.0225832935002,1188.6439261074124,8921.915508502709,608.7851098566557
test,1116,60,29.61733627319336,-66.80370330810547,44.99861145019531,-66.74710845947266,44.7612190246582,0.5671414204407483,2644.5537819231317,2698.3950934866225,730.4957739741737,1716.5006457950892
test,1117,60,29.07203483581543,-66.81006622314453,45.04682159423828,-66.74111938476562,44.79362869262695,0.14828998921439052,1027.1255426702332,1102.9681838638915,299.47012027081456,725.5553361732888
test,1118,60,35.070308685302734,-66.74714660644531,44.761199951171875,-66.81006622314453,45.046871185302734,0.006510998588055372,2613.7526577434487,2703.237019349145,385.9666975453453,1625.106830214449
test,1119,60,35.25917434692383,-66.81006622314453,45.04682159423828,-66.74716186523438,44.7612190246582,0.007254661992192268,2312.3175235358817,2393.387686855052,467.2263249133978,1519.5650033643055
test,1120,60,35.333560943603516,-66.74714660644531,44.761199951171875,-66.81006622314453,45.04682922363281,0.006915557663887739,2260.8897410590757,2351.1080523697956,439.14227516507833,1567.1893278757843
test,1121,70,310.39263916015625,-82.28760528564453,43.25868606567383,-83.2215576171875,45.915130615234375,16.12983328104019,12642.173675344222,12645.415367165939,15164.044404244161,7344.66439675416
test,1122,70,322.7111511230469,-83.22261810302734,45.914451599121094,-82.40788269042969,43.143890380859375,34.36959266662598,19736.42180904912,19747.129088683494,17466.05060113893,8303.921004689706
test,1123,81,429.9491882324219,-80.12190246582031,26.09296989440918,-82.94597625732422,24.283620834350586,1.8845750242471695,6900.370544701408,6913.392268364587,13827.772799855835,63972.013983461395
test,1124,80,255.892333984375,-117.56452178955078,31.31863021850586,-117.12138366699219,29.0669002532959,41.23126792907715,9685.291290706737,9685.200009303404,45552.14504525831,7400.441397311766
test,1125,70,231.67266845703125,-71.34825134277344,40.094879150390625,-72.79531860351562,40.13375473022461,34.81754398345947,20560.093283948918,20561.27669518327,33737.069598335904,21392.49766719749
test,1126,70,133.6852264404297,-87.16012573242188,44.06858825683594,-87.9015121459961,43.01641082763672,49.55089569091797,7317.516845508059,7322.034796999368,41914.57107222533,2596.910112815616
test,1127,79,793.28857421875,-91.6717529296875,47.01456832885742,-85.44697570800781,45.89360427856445,13.968461205717176,92840.73118665538,92832.2628994261,14115.417250527258,124597.16142309742
test,1128,70,139.60690307617188,-95.04473876953125,28.88493537902832,-93.61717224121094,28.833879470825195,10.862746477127075,4660.994176412521,4658.042947747695,9700.64059999474,609.099411033875
test,1129,70,58.16651916503906,-88.50316619873047,30.1771297454834,-88.14488220214844,29.782649993896484,9.184181958436966,3476.9643760903614,3501.4874084729327,10081.708970086876,2151.576616544706
test,1130,80,40.44130325317383,-94.09459686279297,28.55756950378418,-94.26180267333984,28.6778507232666,5.498328447341919,4961.85582279811,4958.599132371379,10599.619273321745,4372.234969177194
test,1131,80,37.217498779296875,-96.36797332763672,27.75408935546875,-96.71267700195312,27.842050552368164,6.724942922592163,2608.9429468439994,2624.093752347993,10996.395938634341,2499.9884996990313
test,1132,80,55.20376968383789,-120.87960815429688,32.91435623168945,-121.24423217773438,33.305389404296875,27.92744016647339,1685.1156643465933,1699.1477253830035,27763.438354382783,254.84973259298278
test,1133,70,552.3494262695312,-73.3511734008789,40.37696075439453,-66.85771179199219,40.21807861328125,42.703959465026855,16294.478558069408,16309.952134565183,43471.861358648086,5972.524930102763
test,1134,80,34.6197395324707,-68.89096069335938,37.7822265625,-68.49720001220703,37.774898529052734,19.36746037006378,433.9196435525753,465.3498249568823,17920.848352806403,24.34424208053102
test,1135,89,122.94309997558594,-95.40261840820312,27.9664306640625,-94.94654846191406,27.421419143676758,24.402196645736694,18784.564550799187,18780.3647386375,20330.125182795382,20403.641099494933
test,1136,70,48.616790771484375,-94.88308715820312,28.55364418029785,-95.14772033691406,28.895029067993164,9.237860202789307,4009.3303179729787,4016.8492257771254,8951.238998957251,2503.023732593892
test,1137,70,208.37039184570312,-95.34027099609375,28.939910888671875,-94.41934967041016,27.403810501098633,11.691275298595428,10952.469765514827,11003.494312993196,5898.045913057715,17851.829764155846
test,1138,84,43.00920867919922,-94.63099670410156,29.227170944213867,-94.43049621582031,28.93199920654297,18.187204837799072,2730.6592617971746,2759.2579310495744,11263.182519745467,5003.04760125704
test,1139,89,114.60071563720703,-64.20500946044922,18.787500381469727,-64.32225036621094,17.899639129638672,41.886305809020996,13695.687777957037,13707.571473390946,82637.54706510392,12573.485453807889
test,1140,83,47.08419418334961,-83.21408081054688,27.580829620361328,-83.65402221679688,27.41653060913086,13.359113693237305,885.3322197592234,901.4589567173819,12868.842619078076,94.09997403168735
test,1141,70,203.07395935058594,-73.81900024414062,40.3040657043457,-74.76519012451172,38.84872055053711,20.02521324157715,9441.185825746594,9425.753952568022,18779.476661813456,22190.29410541512
test,1142,70,153.15902709960938,-121.53083038330078,30.089445114135742,-120.20587158203125,29.333120346069336,27.104018211364746,840.3149137781824,866.685681963999,19578.36443807799,711.8605708356516
test,1143,80,182.91629028320312,-95.33380889892578,28.93674087524414,-94.37631225585938,27.634380340576172,1.7670570611953735,5164.525778497468,5220.528078461228,2346.3661069906025,11752.951215556095
test,1144,70,76.18678283691406,-82.9642105102539,23.55953025817871,-83.56951141357422,23.159210205078125,22.736939430236816,4364.7452789991685,4348.035621166763,12756.46309409394,321.75737750411315
test,1145,60,29.07361602783203,-66.81005096435547,45.04682159423828,-66.74111938476562,44.79362869262695,0.14768146304413676,1027.1317557052146,1102.9693040353602,299.46323653405085,726.2984160997354
test,1146,60,34.46304702758789,-66.7409896850586,44.75448989868164,-66.81005859375,45.04684066772461,0.4535812074318528,2233.7099009776566,2245.5414506997595,612.2225410515641,868.6332178735591
test,1147,60,28.3702335357666,-66.7366714477539,44.801578521728516,-66.81006622314453,45.04682922363281,0.11060344311408699,1749.6021141692202,1788.6262628760026,265.5276942993976,419.1216249360354
test,1148,60,35.69101333618164,-66.81006622314453,45.046810150146484,-66.7471694946289,44.76116943359375,0.008050574455410242,2493.5939331457207,2580.5855060771287,561.3251032006872,1705.8158647298826
test,1149,60,35.66118240356445,-66.74714660644531,44.76123046875,-66.81006622314453,45.04684066772461,0.00706312945112586,2332.433763559637,2429.7764924349135,370.6902840278802,1663.0316078304463
test,1150,60,26.42414665222168,-66.81006622314453,45.04682922363281,-66.742431640625,44.817630767822266,0.05090266140177846,1181.7760925343207,1246.5719424321524,220.72585069787652,548.772335964216
test,1151,81,360.57904052734375,-79.97733306884766,25.534635543823242,-82.94597625732422,24.283620834350586,14.893538475036621,6247.5729030733355,6268.4420497394985,14412.690458672503,38268.25454732993
test,1152,80,449.1566467285156,-79.63713836669922,25.228479385375977,-83.29627990722656,23.6612606048584,44.390177726745605,14033.253942237949,14040.237640567217,38901.329584401654,45634.88176718259
test,1153,70,472.6953125,-86.26081848144531,43.233768463134766,-83.58882141113281,45.429630279541016,11.21458113193512,23496.63236476754,23137.43894637238,24523.0502220244,84382.36010460585
test,1154,60,57.125492095947266,-88.8477783203125,29.96540069580078,-88.85930633544922,30.389469146728516,0.25729408860206604,7600.612365670741,7598.94037075792,484.0651875909481,7478.395324890343
test,1155,70,63.230751037597656,-83.8796615600586,45.986419677734375,-83.7762680053711,45.42961120605469,19.580312803387642,1918.2370993338939,1958.1284097979467,20172.332683256314,938.4170528486271
test,1156,70,584.9239501953125,-83.78565979003906,45.41088104248047,-87.18282318115234,42.33559036254883,17.36167011409998,16839.429767621205,16460.523541885304,17414.708819696007,101581.96447559669
test,1157,60,39.553138732910156,-117.23645782470703,32.693790435791016,-117.53294372558594,32.508785247802734,3.7637451170012355,1662.0789408096348,1777.3776246246155,3093.6691074198957,3321.568631242018
test,1158,79,83.39708709716797,-94.01869201660156,29.51081085205078,-93.32441711425781,29.79458999633789,16.596801817417145,3428.6737815455617,3411.534943648343,16208.252241582584,5600.870408648163
test,1159,79,81.09394073486328,-93.34735107421875,29.773040771484375,-94.0186996459961,29.510839462280273,14.672461330890656,4285.202248956122,4317.494320697378,14009.72941687409,6438.7450627396065
test,1160,79,81.20597839355469,-94.01873779296875,29.510860443115234,-93.33219146728516,29.783430099487305,15.872274335473776,4111.651581794238,4053.4344107532993,15776.844202652474,6417.122759015527
test,1161,79,84.6058578491211,-93.32441711425781,29.794559478759766,-94.01837158203125,29.510730743408203,14.471294403076172,2545.311240167056,2632.544708485388,13619.947609006806,5987.813321669641
test,1162,79,23.632919311523438,-94.01934814453125,29.510480880737305,-93.78987121582031,29.57831573486328,23.62029242515564,3171.883707853034,3203.6452609439766,18867.357446925715,295.20342242505615
test,1163,60,23.63676643371582,-118.0451431274414,33.66230010986328,-118.27059173583984,33.73501968383789,0.0019897392485290766,748.4942405283031,820.3422302164801,213.9671260443956,1070.8745422599397
test,1164,60,24.099679946899414,-118.27059173583984,33.73497009277344,-118.04609680175781,33.66202163696289,0.00969838839955628,866.1856314578081,927.0539973343873,608.1509344159261,1368.1082491022717
test,1165,60,47.48741912841797,-118.04605102539062,33.662078857421875,-118.27088928222656,33.73503112792969,0.012601922266185284,5118.833323834091,5143.600492589845,4861.352528826583,4789.796490844759
test,1166,60,27.54259490966797,-118.27094268798828,33.73468017578125,-118.04519653320312,33.66310119628906,0.037229799665510654,3013.721688751029,3067.129850898616,3271.283815576323,2425.3809240612845
test,1167,60,27.028602600097656,-118.0460433959961,33.66215896606445,-118.27091217041016,33.73503875732422,0.010307728429324925,2833.5129435615077,2895.122701143629,2631.049459326771,2389.002138888072
test,1168,60,24.231870651245117,-118.27062225341797,33.735008239746094,-118.04534912109375,33.66223907470703,0.0032428258564323187,932.5465485583251,996.134114545897,715.5305368076495,1544.8471016482308
test,1169,79,39.768035888671875,-90.6673812866211,28.16069984436035,-91.04862976074219,28.041820526123047,16.862810134887695,3114.838239626387,3136.6632563847006,13717.00542437242,173.37228690911624
test,1170,89,331.20245361328125,-80.78177642822266,24.474390029907227,-79.7072525024414,27.069580078125,25.60043239593506,6794.719384431957,6784.568646616037,24745.37383659846,30943.68470719042
test,1171,89,313.3145751953125,-79.70448303222656,27.087099075317383,-80.56665802001953,24.525999069213867,18.94046115875244,7499.429346157593,7498.056520214512,18214.835793417657,22442.685891283254
test,1172,60,38.176292419433594,-92.9874267578125,29.702659606933594,-93.3473129272461,29.77298927307129,14.53636109828949,1706.834294049337,1718.4340352913373,12596.843549925003,2416.9277858579258
test,1173,70,58.879817962646484,-69.33982849121094,18.413639068603516,-68.88797760009766,18.10378074645996,10.274324655532837,3181.1909904710324,3192.287030512186,5975.905439445633,174.1826319031904
test,1174,70,512.0097045898438,-80.32804870605469,31.489849090576172,-75.78247833251953,34.00590133666992,41.62673854827881,32627.07093578467,32629.489481480767,20905.213081720864,9191.471366065885
test,1175,70,58.16651916503906,-88.50316619873047,30.1771297454834,-88.14488220214844,29.782649993896484,9.184181958436966,3476.9643760903614,3501.4874084729327,10081.708970086876,2151.576616544706
test,1176,70,23.60974884033203,-124.33442687988281,37.97336959838867,-124.46920013427734,38.15721893310547,16.053314685821533,832.9013079479902,856.2438877646937,25838.583616493626,149.5605877249764
test,1177,80,358.3541259765625,-94.3392105102539,28.60359001159668,-92.18431854248047,26.52111053466797,51.2902774810791,37027.81263034606,37028.61747757538,99203.50250098371,37845.51770993654
test,1178,84,104.86107635498047,-94.47599029541016,28.145925521850586,-95.11640167236328,28.86012077331543,14.360829830169678,5341.26382304696,5349.490843492442,14322.848144995864,3931.673121839948
test,1179,84,72.29048919677734,-95.30886840820312,28.940019607543945,-94.81378173828125,28.46603012084961,2.4300364062655717,2656.7012767468723,2696.1309037825768,2398.4890123232167,705.5420550598606
test,1180,84,26.762025833129883,-95.11311340332031,28.857229232788086,-95.30888366699219,28.940040588378906,1.377000831067562,3584.001162141484,3600.9298618255443,2083.152228374277,3290.1520223653406
test,1181,70,76.62747192382812,-67.74710845947266,40.33751678466797,-66.85771179199219,40.21807861328125,18.953004837036133,836.8704317245133,857.8462830373606,9646.337322028183,91.69951472982905
test,1182,82,127.07022094726562,-94.80738067626953,29.30838966369629,-93.74447631835938,28.754709243774414,4.146498024463654,5002.14618089969,5067.2652922810075,4422.142213455553,4930.546925379847
test,1183,70,208.37039184570312,-95.34027099609375,28.939910888671875,-94.41934967041016,27.403810501098633,11.691275298595428,10952.469765514827,11003.494312993196,5898.045913057715,17851.829764155846
test,1184,84,379.82171630859375,-94.63099670410156,29.227170944213867,-93.29432678222656,26.211000442504883,7.643599092960358,8432.988957302072,8446.304154986052,7112.3993545073445,19901.022231694704
test,1185,70,47.70310592651367,-65.15348815917969,18.31495475769043,-64.87259674072266,17.979589462280273,13.92171597480774,813.9573706981764,848.3703356782964,10695.40909628427,271.0428020753749
test,1186,89,185.77471923828125,-64.85841369628906,18.783124923706055,-64.32225036621094,17.899639129638672,38.64035987854004,45929.019721140816,46419.55217298687,58403.86634492266,36942.16047338632
test,1187,70,80.24250030517578,-94.51605987548828,29.147409439086914,-93.83329010009766,28.796199798583984,6.53034770488739,4985.859762788428,5002.4900710517,4010.1222099480137,4920.733089601003
test,1188,70,204.40989685058594,-93.833251953125,28.796039581298828,-94.54093933105469,29.163230895996094,5.8566319942474365,31408.981411758552,31409.684874351435,31585.54606877185,31629.877389426332
test,1189,80,448.5755920410156,-77.58484649658203,25.927509307861328,-80.34545135498047,24.338319778442383,32.18387508392334,40389.563512320776,40387.571969249,28398.07815939136,57497.33308019021
test,1190,70,266.888671875,-80.34939575195312,24.351184844970703,-82.80957794189453,23.751310348510742,32.276357650756836,4382.526124703341,4382.090240801283,17727.0263287357,17775.602138765073
test,1191,70,151.35113525390625,-87.52581024169922,29.49757957458496,-88.03742218017578,30.694189071655273,5.917694061994553,8068.468022964211,8121.34207694959,4766.710623629277,10313.226115267846
test,1192,70,138.0203094482422,-117.66365051269531,27.066495895385742,-116.56205749511719,26.310579299926758,33.23816967010498,2135.619124803436,2143.5753375152663,28194.299104393645,239.66928123782577
test,1193,70,179.6949005126953,-80.11997985839844,26.0892391204834,-79.45039367675781,24.7172794342041,2.2222702698782086,6113.9537807056395,6127.400603858903,2526.4808129596768,15250.499538524291
test,1194,60,31.890296936035156,-66.81085205078125,45.01945877075195,-66.74712371826172,44.761199951171875,0.5967220433522016,2533.7069621447627,2560.0795723345204,2486.025835264438,1654.61276639613
test,1195,60,35.094886779785156,-66.81005859375,45.046791076660156,-66.74713134765625,44.76123809814453,0.0070018344558775425,1966.132085461338,2050.858491462159,175.64855062681838,1558.212413413694
test,1196,60,35.317508697509766,-66.74713897705078,44.76121139526367,-66.81004333496094,45.04682922363281,0.005559345008805394,2316.1676570880927,2409.0584394615566,419.90181842586696,1511.6394023689716
test,1197,60,35.03511047363281,-66.81004333496094,45.04682922363281,-66.74713897705078,44.758949279785156,0.12743144878186285,2053.895787141813,2127.2446143749876,289.5925005793978,1374.1433972926818
test,1198,60,35.289005279541016,-66.74713134765625,44.76118087768555,-66.81005859375,45.046810150146484,0.0062162543181329966,2367.2840573827607,2461.087203844755,354.4336198177282,1528.9985994478714
test,1199,70,124.33108520507812,-83.88941192626953,45.99861145019531,-82.58924102783203,45.44364929199219,24.323383808135986,12855.933495451001,12849.81676386399,26994.89280121636,9092.618733137799
test,1200,70,820.6986083984375,-82.5830078125,45.43090057373047,-91.9981689453125,46.73908996582031,93.68885612487793,14384.445399078362,14276.650818111108,57512.554682912225,79853.96970056502
test,1201,70,120.12667846679688,-83.29398345947266,45.49150085449219,-82.69795227050781,44.511539459228516,19.212053298950195,2996.3095066983237,3004.7718234358836,10435.329319253427,3843.617966721914
test,1202,70,136.63357543945312,-113.90836334228516,24.73496437072754,-114.63672637939453,25.77117919921875,49.34178352355957,2709.1824925458995,2688.7552866291994,43921.88553634853,924.607689806324
test,1203,70,220.25291442871094,-83.40702056884766,45.06726837158203,-84.4864730834961,45.713539123535156,17.141418665647507,32715.636029688943,32489.26738960393,17962.563227829163,41215.06059192295
test,1204,70,151.6529998779297,-82.45073699951172,43.57830810546875,-82.9683609008789,44.87390899658203,14.452915668487549,8771.958553889996,8782.399351113398,14521.149326358025,4200.5856782282335
test,1205,79,137.61178588867188,-87.71082305908203,47.551025390625,-86.0113296508789,47.099979400634766,6.659558534622192,3944.5574732942437,3946.086616788957,6182.352707835299,474.5801096891634
test,1206,70,99.73590087890625,-91.67511749267578,47.015830993652344,-90.43731689453125,47.289329528808594,4.609226822853088,2739.3707255071263,2738.8268215566827,5191.323560293113,1280.7794469222858
test,1207,70,239.797607421875,-85.87193298339844,45.96903991699219,-84.34651947021484,46.50318908691406,0.21558496914803982,21385.525437754386,19488.33009998241,221.50359195346599,45411.543792794706
test,1208,70,48.81086349487305,-92.07797241210938,46.731201171875,-91.67414855957031,47.01594924926758,0.8573712334036827,1992.3600473680197,2019.657566951419,341.2164581854684,2436.018741694471
test,1209,60,65.00614166259766,-117.23541259765625,32.69404983520508,-117.45507049560547,32.21443176269531,1.5355179160833359,2523.7206076682623,2536.6528788951578,4459.533432283445,4175.169842714345
test,1210,60,204.93307495117188,-117.23629760742188,32.6944694519043,-116.87077331542969,30.880599975585938,14.74355212599039,1506.5259471895613,1546.1436029457093,11524.68208442033,1874.5887817558357
test,1211,67,29.970064163208008,-89.16216278076172,29.57794952392578,-89.3010482788086,29.354520797729492,2.9376050531864166,3958.9736908975397,3958.1629132257353,5406.863837025701,2225.6351483885587
test,1212,70,71.73377227783203,-92.30489349365234,29.553089141845703,-91.75267028808594,29.378820419311523,1.3947866037487984,5073.464627870253,5090.1036381750355,3549.887286681474,9523.89137472565
test,1213,79,44.16326904296875,-93.64582824707031,29.587080001831055,-93.33219146728516,29.783430099487305,5.615325670689344,4188.821210841118,4258.659940248738,5507.303306236596,4968.851053897946
test,1214,79,82.0363998413086,-94.01934814453125,29.510480880737305,-93.32443237304688,29.794559478759766,16.559224843978882,3087.852634780052,3059.8479181239504,16066.02796997042,5353.999502218636
test,1215,79,136.8565673828125,-93.32443237304688,29.7945499420166,-92.27406311035156,29.120370864868164,3.0317724347114563,3926.386158037581,3973.1272004063753,4309.124001874251,3954.757900319275
test,1216,79,84.6058578491211,-93.32441711425781,29.794559478759766,-94.01837158203125,29.510730743408203,14.471294403076172,2545.311240167056,2632.544708485388,13619.947609006806,5987.813321669641
test,1217,79,120.27687072753906,-82.61324310302734,24.131980895996094,-81.4416732788086,24.29146957397461,12.261520862579346,3954.5546513717554,3971.4867990680746,9157.059407388515,1189.1025001521598
test,1218,70,318.19561767578125,-96.99500274658203,26.085229873657227,-94.36519622802734,27.301349639892578,65.13836669921875,22811.877609055984,22807.829959499908,65518.05782523769,20360.6689064285
test,1219,70,675.2423706054688,-115.10497283935547,28.10399055480957,-120.42314910888672,31.638050079345703,148.07608795166016,22387.377797656056,22416.571013431578,91619.50960109237,16118.291666779676
test,1220,84,71.49677276611328,-84.13015747070312,23.736215591430664,-84.78887939453125,23.960660934448242,24.79297637939453,1518.100579475179,1549.4533055343368,20329.016632568226,126.11680649236106
test,1221,80,122.3808822631836,-93.65032958984375,29.23941993713379,-92.9868392944336,28.330829620361328,2.402247801423073,3231.3489835204828,3226.2263180778923,1192.5710829866794,3672.5714700824383
test,1222,79,202.0369873046875,-92.88532257080078,28.216899871826172,-94.499267578125,29.3031005859375,31.720677375793457,2708.405026924229,2725.6939482448956,29309.739958390826,3305.9503643128437
test,1223,79,161.84127807617188,-94.50479125976562,29.305240631103516,-93.33879089355469,28.440000534057617,12.543609619140625,10368.432437158106,10354.051237208141,16570.942545435246,6840.900544771765
test,1224,80,50.57793426513672,-85.8165512084961,24.15784454345703,-85.32856750488281,24.065670013427734,37.26132392883301,2271.5094472883297,2280.3769904105575,37220.38114577703,17.00979238090656
test,1225,80,113.35318756103516,-66.14665222167969,19.240385055541992,-66.95027923583984,19.922880172729492,41.285118103027344,2420.491889490101,2450.1446349267885,23647.313724549193,128.77680962460136
test,1226,70,229.62533569335938,-82.96363830566406,23.7652645111084,-80.80359649658203,24.10403060913086,14.04701018333435,5383.890177438302,5392.512598039827,14268.649239855185,14393.712032329593
test,1227,80,91.59284210205078,-94.61064147949219,29.21419906616211,-94.44316864013672,28.513429641723633,3.190192461013794,4059.2447873708084,4077.017174247667,1772.5946797272338,8952.256257682579
test,1228,80,1095.670166015625,-115.87018585205078,27.22028923034668,-117.34471893310547,29.41077995300293,56.3468017578125,263769.8537063861,263773.2143209131,213995.9082773578,259546.31038010222
test,1229,80,159.00772094726562,-79.49446105957031,25.812610626220703,-79.28854370117188,27.228729248046875,10.509772062301636,2840.8167126553526,2855.8033037153427,8771.016175357045,1370.8380233991754
test,1230,79,246.5188446044922,-81.46414184570312,30.67820930480957,-78.94110107421875,30.97637939453125,36.682655334472656,17775.083944966347,17829.302528748733,26469.59205769203,4025.7214588152365
test,1231,70,34.511470794677734,-109.52794647216797,19.86339569091797,-109.8254623413086,19.99496078491211,37.66347694396973,497.6022912867409,570.1532337547964,37601.76482441706,568.7891459716762
test,1232,70,990.41748046875,-81.58119201660156,30.407470703125,-82.76534271240234,24.320390701293945,9.214576721191406,43062.15419234463,42907.29843923706,10275.58203953174,178242.77134116783
test,1233,70,352.33258056640625,-76.10863494873047,37.087825775146484,-75.64555358886719,34.43891906738281,16.243961334228516,11914.64841690794,11935.713029429773,12934.732094301811,48284.570724613935
test,1234,70,118.80854797363281,-79.43756866455078,26.10965919494629,-79.39871215820312,27.17131996154785,5.852715581655502,1418.8649153950746,1423.413985352027,7465.214628036653,3177.04533122409
test,1235,60,61.59274673461914,-85.82890319824219,45.37871170043945,-85.64698791503906,44.97468185424805,14.884422183036804,10062.974936446866,10060.4473999462,21923.017866600938,9568.14597144223
test,1236,70,83.37405395507812,-80.02151489257812,25.746200561523438,-80.11245727539062,25.021329879760742,15.642255783081055,5800.498373015717,5818.928214407975,7745.849032930342,2623.0934506999583
test,1237,70,365.26800537109375,-80.11241149902344,25.02120018005371,-83.1395492553711,23.456069946289062,37.16299295425415,33006.148216451846,33020.00558187381,47885.61548279202,6602.453704439997
test,1238,80,92.82101440429688,-88.51107025146484,30.32965087890625,-88.05245971679688,29.693340301513672,0.8397678583860397,5248.088798964447,5267.178587131419,657.6854568368162,7088.478370947188
test,1239,60,28.08541488647461,-66.73677062988281,44.80421829223633,-66.81006622314453,45.04682922363281,0.07247204962186515,1601.2602697992463,1658.48535176572,134.69007283403263,513.1814251384358
test,1240,70,369.0000915527344,-92.01866149902344,46.699100494384766,-87.42791748046875,47.56060028076172,8.779789924621582,5961.125534492929,5965.387749694125,4656.0204251882005,20438.98901213302
test,1241,70,334.1734924316406,-79.24578857421875,42.899959564208984,-82.7322998046875,41.454490661621094,1.7555847465991974,4933.413450589084,4969.223849586592,3245.3363979840406,8876.287100064093
test,1242,70,138.60781860351562,-82.73168182373047,41.4587516784668,-83.45948791503906,41.69477844238281,8.664273723959923,25564.670438116926,25542.862002250542,5522.715284205074,30105.60007789068
test,1243,70,340.06561279296875,-83.45950317382812,41.69477081298828,-80.0769271850586,42.78205108642578,18.520243510603905,13581.481065848217,13326.14640272956,3481.965564353629,23727.26337295157
test,1244,70,138.74374389648438,-80.07691192626953,42.78200149536133,-81.24186706542969,42.16429901123047,0.20316408574581146,5668.083366097646,5672.4463663729075,5611.345129554175,14387.699290514502
test,1245,81,390.1897888183594,-79.97306823730469,25.60087013244629,-83.16619873046875,24.264089584350586,4.113988637924194,7289.552575494282,7293.629728962268,2522.143887221435,41767.86892018945
test,1246,70,894.0379028320312,-79.89309692382812,32.83047866821289,-74.09638214111328,37.98799133300781,34.17548155784607,49929.88411586799,49963.60241884325,36522.51203555938,114458.12687066525
test,1247,70,193.3023681640625,-83.40696716308594,45.0672607421875,-82.43804931640625,43.559181213378906,28.438532829284668,3043.7103835706125,3046.0010780015664,19094.427327566667,14503.149704061268
test,1248,70,767.6412353515625,-83.5420913696289,44.23828887939453,-87.82479858398438,42.36516189575195,69.11809921264648,68250.74918754565,67265.44998045907,64135.954848249385,149814.21041838167
test,1249,70,57.22394561767578,-87.82496643066406,42.36526107788086,-87.36866760253906,42.73723602294922,50.03664016723633,1691.7398480917773,1697.5824902722998,29853.00419769727,2109.30085968577
test,1250,79,597.2305297851562,-91.6717529296875,47.01456832885742,-84.35417938232422,46.502891540527344,21.497032219544053,11445.8375174708,11422.302463218226,19369.56491666718,45581.24385131433
test,1251,79,354.9469909667969,-84.35415649414062,46.50288009643555,-86.44644165039062,44.835079193115234,4.76643637008965,24398.159651653954,24133.703217978804,3450.132267823436,40499.98820448927
test,1252,79,53.603004455566406,-90.99500274658203,46.953330993652344,-91.67173767089844,47.01456069946289,30.427167892456055,4809.489890827897,4791.856939574484,19953.22140277424,741.200843873377
test,1253,70,719.2501831054688,-84.36592102050781,46.50265884399414,-87.32524108886719,41.6154899597168,0.5173584520816803,34429.97913296578,34357.72336030262,6409.311225205153,71548.57316372778
test,1254,70,359.03668212890625,-87.3244400024414,41.624000549316406,-86.34443664550781,44.77178955078125,2.999297320842743,16148.820342447018,16160.255897877323,2721.437105992422,1013.4865335126144
test,1255,60,176.60018920898438,-117.23536682128906,32.69451141357422,-118.97933197021484,33.06650924682617,1.477816827595234,13919.034880208688,14057.45294563739,12969.851506559246,4347.787842310814
test,1256,60,265.0154724121094,-117.23625183105469,32.693870544433594,-119.2898178100586,32.97975158691406,9.116108179092407,28066.67184721142,28078.783376252446,17255.20672590065,23235.14442742404
test,1257,60,325.3652038574219,-119.28996276855469,32.97935104370117,-117.55103302001953,31.79224967956543,37.594444274902344,42086.99975951927,42082.20456138796,55312.86331056897,42322.617144515236
test,1258,70,55.89817810058594,-92.28611755371094,29.445890426635742,-91.76078033447266,29.401010513305664,7.453668236732483,2629.337541355425,2637.0875608882993,7465.800810920877,6042.130389758125
test,1259,70,70.62989807128906,-92.3048095703125,29.553329467773438,-91.76067352294922,29.400890350341797,1.4154214598238468,6455.332678446301,6471.097888069126,2737.596751594614,11221.47801802393
test,1260,70,69.83019256591797,-92.30487060546875,29.553220748901367,-91.76036071777344,29.400760650634766,1.4272601008415222,6287.290811148339,6304.221638698577,2546.0080055069566,11031.812175353778
test,1261,68,68.75321960449219,-97.0628662109375,27.848939895629883,-96.3702621459961,27.832509994506836,1.4694764316082,2195.8239661752305,2264.4457431877363,2154.3041491135928,1068.7011324640964
test,1262,70,64.7508316040039,-88.8324966430664,28.967145919799805,-89.48152160644531,28.849700927734375,7.195470333099365,2646.4060741848625,2665.00156928969,5227.937607988228,847.9417344929105
test,1263,60,41.58012771606445,-93.32559967041016,29.78923988342285,-92.97997283935547,29.700960159301758,13.581959515810013,3639.0388489936604,3734.4342885931515,12106.479064725672,3962.7123686936907
test,1264,60,42.73316192626953,-92.98002624511719,29.700990676879883,-93.32473754882812,29.794879913330078,13.263594083487988,3918.291810916505,4045.463301432209,11432.814336977903,4454.548105049416
test,1265,60,42.146610260009766,-93.3247299194336,29.794889450073242,-92.98175811767578,29.696020126342773,13.087472572922707,3809.6094547473836,3954.9140712510916,11670.567842372837,4054.077381660841
test,1266,60,41.98937225341797,-92.98184967041016,29.69569969177246,-93.32447814941406,29.79467010498047,13.05480045080185,3761.4546039259026,3891.1708693517035,11346.908496341306,4231.138947161428
test,1267,79,30.52901840209961,-71.35221099853516,41.41326141357422,-71.27435302734375,41.15092086791992,10.217595100402832,1091.6982904114998,1113.7004556040886,9702.78582235218,1375.87209940228
test,1268,70,125.85482025146484,-94.56704711914062,29.111780166625977,-93.46137237548828,28.580530166625977,4.075684547424316,4395.093243335213,4403.222564482181,7723.331199943243,3255.8535842723313
test,1269,80,29.178010940551758,-94.57467651367188,28.946319580078125,-94.41909790039062,28.782360076904297,4.5773162841796875,2933.9068030607914,2942.2428745906996,5792.223737619125,3953.173620828595
test,1270,80,45.13119888305664,-113.2620849609375,22.202730178833008,-112.86367797851562,22.034059524536133,31.44932746887207,414.50957095414765,465.03747295148895,31529.54736261683,203.22621109976146
test,1271,80,539.480712890625,-119.36154174804688,30.891620635986328,-117.91552734375,33.051361083984375,58.91625642776489,67200.5395867641,67218.8044765801,79972.96114325325,72327.22759272812
test,1272,82,173.2998504638672,-84.77886199951172,27.22378921508789,-86.21868133544922,26.561979293823242,81.7208194732666,14957.389368583712,14965.115697788062,93211.53979473424,17709.975436496148
test,1273,70,36.194889068603516,-112.27483367919922,23.314559936523438,-112.00151824951172,23.10919952392578,31.815780639648438,1443.5380067288108,1461.5811972175047,27712.391522667134,753.2491540901118
test,1274,80,219.8909454345703,-118.9607925415039,32.35837936401367,-118.26000213623047,33.763458251953125,6.093207120895386,26331.184719584675,26401.368474633095,67917.0499640106,34219.41830843869
test,1275,80,82.85096740722656,-118.22583770751953,33.722259521484375,-118.88427734375,33.89445114135742,6.101727366447449,6311.553479125868,6308.827365074388,4280.27554766602,9643.713482110517
test,1276,71,248.1775665283203,-118.2454605102539,33.732810974121094,-120.65904235839844,34.39091110229492,0.48304421454668045,7187.881816845238,7106.725455486613,561.4853926803909,6636.470276742438
test,1277,70,282.095458984375,-75.2815170288086,36.31279373168945,-75.85291290283203,34.167049407958984,21.674830436706543,11515.91020407308,11495.764681844343,30194.313518352446,37221.503376164044
test,1278,70,525.1834106445312,-118.19580078125,33.743648529052734,-123.59944915771484,34.54064178466797,11.973145306110382,21729.324418892502,21653.424948855863,11153.17679394249,18463.483540540088
test,1279,79,509.7170715332031,-118.2339096069336,33.76829147338867,-122.18708801269531,36.15153884887695,7.560413360595703,10343.298707584188,10316.79673929393,9840.660685014547,48786.84024749737
test,1280,70,175.79212951660156,-80.16754913330078,25.769569396972656,-79.64261627197266,27.15233039855957,8.66883385181427,7436.087012164689,7467.082990352623,8503.216332230075,13434.087760025932
test,1281,80,102.02748107910156,-120.44866180419922,26.188140869140625,-121.34249877929688,26.63641929626465,48.351104736328125,895.8798167499424,934.9377903536398,48208.29198450579,42.77927980423486
test,1282,80,270.59722900390625,-82.13066101074219,41.881431579589844,-79.24613952636719,42.89828872680664,11.489594904705882,5513.19038545723,5531.401094051262,10258.08556109068,11765.549260250933
test,1283,60,92.9500961303711,-85.64698028564453,44.97468948364258,-85.5128173828125,45.74723815917969,25.651569366455078,9317.302403388447,9422.08056746071,20597.023103398868,7595.602578815431
test,1284,80,92.82101440429688,-88.51107025146484,30.32965087890625,-88.05245971679688,29.693340301513672,0.8397678583860397,5248.088798964447,5267.178587131419,657.6854568368162,7088.478370947188
test,1285,70,69.91942596435547,-73.64698028564453,40.28897476196289,-73.0893325805664,39.82762908935547,19.431527137756348,2030.9899586198687,2040.1107128691426,10475.666270187077,383.9453075677111
test,1286,84,51.978546142578125,-94.75038146972656,29.34697914123535,-94.3188705444336,29.10123062133789,19.543798208236694,2480.4222361386865,2492.674460394979,17534.75312152734,1381.1148218353749
test,1287,60,30.70189094543457,-66.81278991699219,45.02981185913086,-66.73497772216797,44.79642868041992,1.1207990199327469,2768.7764202529133,2776.0772931876286,939.3335800677966,1934.26407651996
test,1288,60,29.15468406677246,-66.73335266113281,44.79423904418945,-66.81005859375,45.04684066772461,0.060653347289189696,1648.7134076076688,1695.557088501352,205.70649155487118,474.83953465907206
test,1289,60,30.10844612121582,-66.72979736328125,44.785301208496094,-66.81006622314453,45.04685974121094,0.03656589367892593,1617.3624657394043,1674.2011622042003,118.11646024177334,444.9702545330636
test,1290,69,20.23731803894043,-81.9268569946289,45.981868743896484,-81.6732177734375,45.93898010253906,54.1646842956543,3036.2807005350955,3059.536051306763,54501.250602442065,202.7264882788476
test,1291,70,170.52688598632812,-89.87809753417969,47.27755355834961,-91.95394134521484,46.719520568847656,13.600299835205078,4134.749074473188,4141.878664313739,11469.83909523944,5267.067815805163
test,1292,70,354.857421875,-92.01856994628906,46.69915008544922,-87.6182632446289,47.60335159301758,1.6033830139786005,5420.081554604863,5431.347513159174,3878.199533416177,17370.903400979492
test,1293,70,84.197998046875,-89.43037414550781,28.906694412231445,-89.0801773071289,28.228620529174805,3.4059576988220215,2033.7573573374311,2044.5520988690835,3030.090111634163,1949.0761539364078
test,1294,70,187.41152954101562,-96.41703796386719,27.486364364624023,-94.87319946289062,26.51515007019043,30.978610515594482,1515.0343933938505,1551.7686834462238,29238.00948052483,512.4614675748862
test,1295,70,168.2299346923828,-74.49067687988281,36.508243560791016,-74.09638214111328,37.98799133300781,32.025556564331055,5361.96099934882,5368.402540578488,31879.849926277097,305.2586826263964
test,1296,70,140.6256561279297,-83.57978820800781,43.96090316772461,-83.40619659423828,45.068180084228516,22.009821891784668,13308.922796619057,9830.516369808422,10185.320994688895,15580.995794689079
test,1297,70,197.60130310058594,-83.40657806396484,45.06800079345703,-84.11698913574219,46.218021392822266,14.512668922543526,20796.129811052233,20791.949129752564,17701.928969702643,23988.956306928347
test,1298,70,179.05238342285156,-86.91802215576172,43.748046875,-87.82479858398438,42.36516189575195,34.30575394630432,17377.139683778096,17369.283368534958,23466.868243148823,14164.181572686284
test,1299,70,136.63406372070312,-87.82496643066406,42.36526107788086,-86.9962387084961,43.372859954833984,34.848286628723145,9979.665745535032,9979.11018311205,28332.022377327852,9123.24244503087
test,1300,79,128.4392852783203,-84.4743881225586,45.842369079589844,-84.35041046142578,46.503021240234375,3.2053594887256622,16304.468323525662,15896.937942284956,3034.3653358488787,24235.350807729326
test,1301,70,572.44677734375,-91.07964324951172,47.085941314697266,-84.35111236572266,46.50307083129883,2.063657134771347,10133.258346301334,10130.875101866437,14754.606730099578,56544.66155872819
test,1302,70,256.5008239746094,-87.43782043457031,41.6752815246582,-86.67015075683594,43.903648376464844,15.529513359069824,5564.3667372292675,5591.299999930619,14204.326766588854,1832.7015694050142
test,1303,70,715.9523315429688,-84.35111236572266,46.50307083129883,-87.4452896118164,41.66481018066406,0.06648845691233873,35280.65088920026,34920.36977950299,1752.9167015794553,70307.79660379696
test,1304,60,28.4677677154541,-118.23515319824219,32.899593353271484,-118.48542785644531,32.956424713134766,8.15069317817688,1354.5976355459022,1384.2374181653258,31898.642316953297,1721.5811842221267
test,1305,67,33.88355255126953,-89.11454010009766,29.58036994934082,-88.93418884277344,29.35478973388672,13.266765356063843,3434.9348118938965,3458.5978984534227,9337.003203025244,3127.7391556729613
test,1306,67,35.3593864440918,-88.88287353515625,29.417299270629883,-89.11448669433594,29.580320358276367,13.416462182998657,5388.268304446699,5396.779617944437,7626.627065847696,5175.402654643945
test,1307,70,70.03278350830078,-92.30484771728516,29.55320930480957,-91.75948333740234,29.401220321655273,1.4757750295102596,6253.7817931996515,6273.134574290298,2648.508034907084,10988.156631164842
test,1308,70,30.128150939941406,-92.04837799072266,29.352439880371094,-91.76007843017578,29.401689529418945,10.30844521522522,1655.570495802594,1680.5638339881025,7332.864204754727,1830.3604850070633
test,1309,70,70.08403015136719,-92.3048095703125,29.553340911865234,-91.75257873535156,29.3797607421875,1.3773706406354904,5758.426027058065,5787.650462332838,2231.0490621584195,10280.030591259481
test,1310,70,38.08670425415039,-91.7531967163086,29.37858009338379,-92.10652923583984,29.344730377197266,9.320171594619751,1674.7983632928251,1703.4194590966617,11787.460792451573,1408.8591165204132
test,1311,70,36.80315017700195,-92.11875915527344,29.34303092956543,-91.75995635986328,29.40110969543457,12.482893943786621,1878.0882829765071,1900.3183504094125,8607.492516551933,2373.4221544836787
test,1312,70,71.1299819946289,-92.3048324584961,29.553220748901367,-91.76065063476562,29.400909423828125,1.42317583411932,5975.172545734478,5989.179809311965,2364.5215290300357,10717.065302519086
test,1313,70,68.68138885498047,-92.30487060546875,29.55323028564453,-91.75318908691406,29.380390167236328,1.3509876187890768,5353.297852987546,5402.3140806332485,2431.7913454450427,9889.426247656584
test,1314,79,157.534423828125,-93.33222198486328,29.78326988220215,-94.5472412109375,29.130390167236328,0.005602885968983173,2707.283459781279,2752.985580249443,11529.94887849243,8074.101170330375
test,1315,79,39.927188873291016,-94.54358673095703,29.129610061645508,-94.7953872680664,29.316329956054688,0.1784347405191511,4308.153640442548,4508.694543383223,1029.1100402406246,4813.686024565171
test,1316,79,47.38097381591797,-94.79418182373047,29.315120697021484,-94.5234375,29.055389404296875,3.4221948981285095,4506.365878680153,4661.036395235705,3393.5851192090695,6140.283596892589
test,1317,68,63.260398864746094,-97.06285858154297,27.848960876464844,-96.4298324584961,27.774269104003906,1.2674597725272179,1874.4505579387533,1943.1206094563458,1525.8865634942365,923.3562189300859
test,1318,60,27.07793426513672,-93.13709259033203,29.71170997619629,-93.32473754882812,29.794879913330078,8.379579953849316,3496.959472503965,3661.625519072191,6095.723038313544,3770.6338410053622
test,1319,60,42.146610260009766,-93.3247299194336,29.794889450073242,-92.98175811767578,29.696020126342773,13.087472572922707,3809.6094547473836,3954.9140712510916,11670.567842372837,4054.077381660841
test,1320,60,41.98937225341797,-92.98184967041016,29.69569969177246,-93.32447814941406,29.79467010498047,13.05480045080185,3761.4546039259026,3891.1708693517035,11346.908496341306,4231.138947161428
test,1321,60,42.25496292114258,-93.32556915283203,29.79557991027832,-92.97920227050781,29.70063018798828,13.269335620105267,3802.3954124359084,3934.811483387177,11871.119155280827,4069.5827386653864
test,1322,60,42.55756378173828,-92.97930145263672,29.700780868530273,-93.32559204101562,29.795629501342773,13.22894236445427,3684.5745192666955,3812.4571884215266,11657.301508729717,4243.853260447694
test,1323,60,40.199951171875,-93.00006103515625,29.695850372314453,-93.32559967041016,29.795629501342773,12.231790974736214,3508.777522449816,3666.338048752445,10640.557177107927,3903.7667509483745
test,1324,60,48.36675262451172,-93.32559967041016,29.79560089111328,-92.98819732666016,29.69890022277832,12.846896719187498,4014.113065394386,4127.26220493723,14208.073743289591,4521.132163920157
test,1325,70,62.58253479003906,-91.15898895263672,28.64289093017578,-90.58837890625,28.900609970092773,8.519360303878784,3196.7449547223987,3233.4380442639335,5513.347846232994,328.6629372103136
test,1326,70,472.6142883300781,-80.10282135009766,28.63860511779785,-80.6867904663086,24.659669876098633,45.70176696777344,28690.301867514103,28682.004262514394,29696.617476041432,36797.680608652314
test,1327,70,201.57028198242188,-114.15731811523438,24.661460876464844,-115.78569793701172,25.71673011779785,80.37129211425781,1556.494406188896,1575.6827741885038,51991.15478221983,524.9377231462774
test,1328,80,93.99773406982422,-95.2219467163086,28.678569793701172,-94.69345092773438,29.199600219726562,9.468947887420654,6898.139575590601,6938.708035580994,5527.396074177132,10453.2301637691
test,1329,84,63.98479080200195,-95.09220123291016,28.793529510498047,-94.69062042236328,28.346759796142578,13.24651725962758,4510.57769963254,4519.766880188768,13278.368563766726,1992.818168895043
test,1330,70,54.22944641113281,-63.65253448486328,43.15838623046875,-64.21653747558594,42.89820098876953,21.515213012695312,678.2347752968241,705.5811947273802,21210.242419559057,189.84271895453847
test,1331,70,227.96580505371094,-82.9643783569336,44.79582595825195,-84.35150146484375,46.5030517578125,1.0955514758825302,7500.026890468634,7430.676934477383,1035.446961107827,5518.002619688278
test,1332,80,302.4563903808594,-75.364501953125,39.28522491455078,-74.21756744384766,36.80643844604492,35.42526435852051,5341.719470740952,5374.750353762344,34413.341850929915,11940.440275549046
test,1333,80,148.2963409423828,-94.70433044433594,29.064409255981445,-93.35861206054688,28.50531005859375,6.470950603485107,3980.151395159878,3986.3745997143183,2658.788284825574,3894.570964431
test,1334,80,80.05204772949219,-119.77294921875,27.688949584960938,-119.08283996582031,27.310640335083008,24.748668670654297,610.1948466351313,641.8523857161349,22221.222677402206,285.73684100371287
test,1335,74,177.90870666503906,-74.88832092285156,37.04518127441406,-75.06623077392578,35.45310974121094,30.158522605895996,5392.337134276404,5396.423495965296,34754.44798818944,1601.5975168120667
test,1336,79,518.1397094726562,-118.60480499267578,33.60028076171875,-124.17239379882812,33.30335998535156,28.651175498962402,14687.245954377986,14688.468513535941,21806.4091828912,1328.913129123012
test,1337,74,173.64157104492188,-119.84326171875,34.17258834838867,-118.25965118408203,33.72639083862305,2.7688430547714233,9624.559275329297,9536.951884864142,2322.1841207240964,9090.922600594553
test,1338,74,102.63868713378906,-118.2596206665039,33.72639083862305,-119.15653991699219,34.02516174316406,2.4956906139850616,3147.168395643472,3116.697801823974,2931.1372629989487,8189.425507682209
test,1339,70,1060.898193359375,-118.16426086425781,33.728511810302734,-114.29931640625,25.152740478515625,38.233922719955444,20108.62978813165,20093.962434676905,50663.55388645044,55296.371165673365
test,1340,80,235.5614013671875,-79.21322631835938,43.2170295715332,-76.53560638427734,43.940589904785156,9.276943027973175,10736.443462977224,10587.426922025483,8107.10325219047,4179.327403621907
test,1341,60,251.4142303466797,-85.5124282836914,45.74715042114258,-83.43051147460938,45.06325149536133,21.761284351348877,17994.39407576671,18063.453411390103,24858.898983557232,29896.260434782896
test,1342,70,209.6243896484375,-80.11991119384766,26.08868980407715,-80.8222885131836,24.598390579223633,3.3305604457855225,3439.6080932374407,3457.730524342318,4013.215700548092,27615.448793938813
test,1343,70,181.02090454101562,-80.82392120361328,24.582059860229492,-80.16696166992188,25.769390106201172,7.221142053604126,13142.8579740661,13135.449927052974,4978.013197130725,24727.04846992234
test,1344,60,117.91590881347656,-79.67372131347656,25.521259307861328,-78.89469909667969,26.170730590820312,10.036931037902832,8993.451464676404,9000.423501022991,13111.880285962656,10804.085939457678
test,1345,60,512.40625,-78.88726806640625,26.16925048828125,-82.90762329101562,24.229700088500977,18.351449012756348,19361.722087323156,19381.34419062495,20769.89648800362,43935.86519320975
test,1346,60,28.429677963256836,-66.7326889038086,44.801979064941406,-66.81005096435547,45.04684066772461,0.13660263363271952,1766.505348871712,1818.703817628403,317.93478571392853,515.9148869568045
test,1347,60,29.559886932373047,-66.81005859375,45.04684066772461,-66.7357406616211,44.78950881958008,0.14227375644259155,967.5115558296021,1016.8798411738535,367.4041389064579,771.4083731536662
test,1348,60,29.891408920288086,-66.73136901855469,44.78493118286133,-66.81475067138672,45.04610824584961,0.24413058161735535,2020.6582924621039,2046.1559016363565,606.4156643255216,448.79941080926085
test,1349,60,29.842159271240234,-66.81012725830078,45.046810150146484,-66.73274230957031,44.7877082824707,0.08396511431783438,1237.8946496948067,1273.625168178625,122.20511308648862,524.102602447599
test,1350,60,31.62295913696289,-66.73837280273438,44.75938034057617,-66.81320190429688,45.02838134765625,0.4948579668998718,2044.6760478984954,2022.9908520203535,909.2161284166239,919.1781923996627
test,1351,70,48.57967758178711,-83.53854370117188,46.25286865234375,-83.22235107421875,45.91468048095703,4.568167098797858,2662.122779661627,2692.0731354164955,4549.660728926279,2624.843547321655
test,1352,70,337.3941345214844,-80.07633972167969,42.78208923339844,-83.45939636230469,41.695098876953125,0.030856739729642868,12185.013452094952,12134.106949443507,334.4379048295629,21264.279536286744
test,1353,70,386.5610656738281,-83.45954132080078,41.694580078125,-79.24629211425781,42.89786911010742,0.009104589931666851,9818.24462839665,9525.654187884622,1264.6581529187943,18239.925412814235
test,1354,80,871.6895141601562,-74.05851745605469,40.627811431884766,-76.694580078125,34.71955871582031,55.685807555913925,67497.53779620968,67235.8498344817,73897.1455957149,107642.91807658585
test,1355,70,326.50177001953125,-67.36266326904297,19.6445255279541,-64.27973175048828,19.337749481201172,5.978887915611267,5572.417912671467,5565.26901284697,5276.546721329489,7032.698006528395
test,1356,80,122.6130142211914,-94.41033935546875,28.288549423217773,-94.57953643798828,29.338960647583008,6.758959710597992,4032.5964416808456,4037.387927644761,6150.5052387890255,6710.699265927689
test,1357,70,119.9253921508789,-123.4516830444336,30.831985473632812,-122.42622375488281,30.213300704956055,19.18757438659668,1259.7759183151798,1257.7410520037486,13961.301837602932,226.51684962192152
test,1358,70,106.88726043701172,-83.419921875,45.296730041503906,-83.15834045410156,44.44654846191406,15.218476577661932,3494.0928985291644,3492.007492891481,14605.195987661325,11102.839099157352
test,1359,70,127.72140502929688,-83.16175079345703,44.432498931884766,-83.41990661621094,45.2967414855957,20.079615592956543,11901.891966249994,11896.475525747088,22265.02192307597,19011.422108008803
test,1360,79,141.8666534423828,-84.64602661132812,45.83311462402344,-84.35043334960938,46.503021240234375,9.834332257509232,19560.52691282499,18162.063457822813,9734.915236417923,28004.19230126665
test,1361,70,323.6739807128906,-84.35115814208984,46.50305938720703,-86.3403091430664,45.10274124145508,6.741308620199561,20965.38245138206,20750.79891716004,4511.905257744317,38218.411594715224
test,1362,70,393.6881408691406,-86.33409881591797,45.11859130859375,-87.15019989013672,41.63727951049805,6.864575192332268,11924.036366519875,11912.00474701122,10607.235514041204,5905.042900754093
test,1363,70,328.80865478515625,-87.15025329589844,41.637271881103516,-86.42957305908203,44.5446662902832,5.1372116059064865,13414.42167471507,13422.08969644424,5231.693610672572,1950.854031803536
test,1364,67,42.428321838378906,-89.10777282714844,29.60059928894043,-89.04981994628906,29.247180938720703,15.096073627471924,2917.619740336126,2916.1081625560764,14681.919932409684,2958.5322067177353
test,1365,67,40.04911422729492,-89.04985046386719,29.247190475463867,-89.11499786376953,29.580270767211914,14.605149030685425,3496.170374992598,3493.464024012569,9862.132696124354,2430.4796599686592
test,1366,68,71.54088592529297,-97.0628662109375,27.848970413208008,-96.3437728881836,27.833629608154297,1.2807718962430954,2926.289465163106,2978.160771365763,1572.3777477586625,1138.756610375871
test,1367,60,41.50782012939453,-93.32559204101562,29.795589447021484,-92.98980712890625,29.693140029907227,12.614258740097284,3710.4574904078386,3840.02242675553,11291.430870596945,3987.12569741315
test,1368,60,41.4867057800293,-92.98963165283203,29.692859649658203,-93.32559967041016,29.7956600189209,12.573779538273811,3551.1238531307895,3682.109923081855,11070.49481940853,3926.725186169381
test,1369,60,41.867767333984375,-93.3255615234375,29.79564094543457,-92.98979949951172,29.692609786987305,12.598894264549017,4050.139471173213,4176.323725391886,11072.229776798174,4359.803773025704
test,1370,60,41.10209274291992,-92.98982238769531,29.69261932373047,-93.32447052001953,29.794649124145508,12.63708883523941,3547.015264449323,3702.782478808425,11017.738237355177,3945.1978633195868
test,1371,60,40.199951171875,-93.00006103515625,29.695850372314453,-93.32559967041016,29.795629501342773,12.231790974736214,3508.777522449816,3666.338048752445,10640.557177107927,3903.7667509483745
test,1372,60,41.67879867553711,-93.3244400024414,29.794639587402344,-92.98986053466797,29.69264030456543,12.674367442727089,3706.4776797736868,3823.383588751145,11459.603998618111,4027.8702272237947
test,1373,60,42.933631896972656,-92.98979949951172,29.6924991607666,-93.32447814941406,29.794660568237305,12.633817225694656,3187.7797080851715,3326.3214181105536,11826.020138456024,3789.865835194927
test,1374,60,43.708961486816406,-92.98983764648438,29.692840576171875,-93.32443237304688,29.794689178466797,12.642489403486252,3051.9194721526815,3191.8462628148036,12015.247478821175,3618.8036562672078
test,1375,60,41.18910598754883,-93.32443237304688,29.794689178466797,-92.98973846435547,29.692720413208008,12.680282652378082,3736.985072969931,3858.127775301792,11350.797776160118,3978.3651072929542
test,1376,60,41.40070724487305,-92.98973846435547,29.692710876464844,-93.32684326171875,29.795970916748047,12.538847053423524,3555.0579219631286,3715.918725944108,10991.36000729782,3912.5478609204897
test,1377,60,41.436187744140625,-93.32441711425781,29.794639587402344,-92.98979949951172,29.692630767822266,12.677460476756096,3640.6382939325717,3759.25195643919,11493.991829534129,3937.4347247699898
test,1378,60,42.42061996459961,-92.98802185058594,29.70323944091797,-93.32443237304688,29.794679641723633,13.0201376080513,3563.0403918897073,3715.746706719103,11427.757472773506,4115.634758144163
test,1379,60,43.71763610839844,-93.32443237304688,29.79467010498047,-93.01648712158203,29.69495964050293,11.660508334636688,3516.868263491551,3654.2452730305936,12260.08357925974,4026.5035347745693
test,1380,60,42.39878463745117,-93.32559204101562,29.79560089111328,-92.9880599975586,29.703250885009766,12.982248701155186,3836.2889920773473,3969.894975850417,11727.914014854367,4213.356277252848
test,1381,60,44.03069305419922,-90.22113800048828,29.09769058227539,-90.5707015991211,28.859399795532227,5.652950644493103,1520.2754848713193,1582.6531248725141,5548.247012603698,966.0749782054605
test,1382,70,35.76369857788086,-90.84003448486328,28.670475006103516,-90.54618072509766,28.859390258789062,11.690753936767578,1471.8280798933006,1492.3699130097496,9062.97685606685,471.8544188459478
test,1383,70,99.18943786621094,-89.41786193847656,28.803430557250977,-88.9583969116211,28.008909225463867,6.7225587368011475,555.8425872860447,580.7614825164121,6587.455540034357,353.9943792301132
test,1384,70,1179.6376953125,-79.92825317382812,32.79835891723633,-82.8045425415039,24.280210494995117,30.044063568115234,40192.33511658109,40189.575313509325,31097.201953477314,128881.91783699606
test,1385,70,61.085079193115234,-120.19261169433594,30.880470275878906,-119.91757202148438,30.385330200195312,20.727338314056396,249.39222491956144,320.07255152264383,19675.64606112412,552.5293169403598
test,1386,80,76.89664459228516,-112.63058471679688,23.969425201416016,-112.13867950439453,23.44495964050293,28.85944890975952,1949.0048019824908,1955.6258103869832,28430.860774933924,542.0862574833076
test,1387,80,74.66442108154297,-94.59758758544922,28.967430114746094,-95.17823028564453,28.864620208740234,1.705776073038578,6018.200005272083,6013.088655939703,7194.098018260064,7043.996904044682
test,1388,80,49.04289245605469,-95.30728149414062,28.938440322875977,-94.96768951416016,28.626384735107422,1.2483128905296326,1849.4003063012988,1910.1222720794228,662.4881201500401,524.2306274304116
test,1389,84,63.98479080200195,-95.09220123291016,28.793529510498047,-94.69062042236328,28.346759796142578,13.24651725962758,4510.57769963254,4519.766880188768,13278.368563766726,1992.818168895043
test,1390,80,32.13465881347656,-121.42281341552734,33.18239974975586,-121.2718276977539,32.927120208740234,28.597593307495117,1813.2661826762,1831.8961033248954,29709.207662513065,1268.0450919149368
test,1391,70,74.03295135498047,-111.6634750366211,23.200979232788086,-112.14964294433594,23.680879592895508,8.308271646499634,3950.7280260617804,3956.288352491148,6996.437513373452,2988.320405801197
test,1392,80,66.19573974609375,-89.99674224853516,28.889759063720703,-89.90168762207031,28.337289810180664,1.8172740787267685,2654.27927116636,2662.107831047785,1406.3423544558989,4227.263561078994
test,1393,80,233.63169860839844,-64.96092987060547,18.32600975036621,-66.60771179199219,19.629419326782227,23.955354794859886,2336.635546557825,2360.379702410774,19852.745651503556,5023.49769080818
test,1394,80,309.35345458984375,-96.87760925292969,27.81882095336914,-94.5238037109375,29.29026985168457,4.058979272842407,6640.588491574422,6638.001783343395,2123.1237996739815,17440.573696473657
test,1395,80,204.17227172851562,-80.7215576171875,24.525344848632812,-82.66300201416016,24.21143913269043,13.918322086334229,4254.799577050998,4277.118418073089,12648.020184209812,9701.762849810062
test,1396,89,72.87962341308594,-118.45336151123047,33.903961181640625,-118.21672058105469,33.72629165649414,0.915021687746048,13082.823127864529,11520.231052097377,4108.97789571076,14837.043684158714
test,1397,89,70.70072174072266,-118.21642303466797,33.725921630859375,-118.0382308959961,33.16056823730469,2.7941927909851074,5084.182269912814,5124.395794922086,1783.833115140961,3376.0303174524515
test,1398,70,37.19174575805664,-64.94609069824219,18.335060119628906,-64.80712127685547,18.029510498046875,1.5510255731642246,1088.3289480418453,1207.387469109385,1503.6111159282532,166.4896901268335
test,1399,80,125.02957916259766,-70.50436401367188,39.622840881347656,-71.93852233886719,39.83837127685547,39.663052558898926,1858.3441019654927,1868.112589539647,40786.18658797079,530.2731887847949
test,1400,70,236.08984375,-74.98430633544922,35.343204498291016,-76.75045013427734,33.81660079956055,17.842474937438965,4445.524807889952,4441.083256003388,12034.608887999757,3143.0613288956797
test,1401,70,210.57554626464844,-81.1040267944336,24.50432014465332,-80.16696166992188,25.769390106201172,6.896687960252166,9677.27782534066,9690.935084292714,8234.544462781678,29998.16985951874
test,1402,70,252.38650512695312,-80.11994171142578,26.089500427246094,-81.22191619873047,24.462890625,0.9476989097893238,2514.4992914616214,2536.6685542491937,1697.254444115657,35799.58270211308
test,1403,70,30.43965721130371,-81.2388916015625,24.464670181274414,-80.95020294189453,24.540660858154297,27.89378023147583,2225.444894871553,2226.169828186031,29315.372381280853,343.23268998614077
test,1404,60,25.48910903930664,-66.81005096435547,45.01736831665039,-66.73487854003906,44.79452133178711,2.037361443042755,1623.41797484027,1616.6348278123949,1995.3090754143745,64.01155946263579
test,1405,70,287.7430725097656,-82.73168182373047,41.4587516784668,-80.07691192626953,42.78202819824219,18.227000257000327,10011.125037697815,10027.877815546311,13176.762116214026,16178.732535469397
test,1406,70,79.13946533203125,-80.07691192626953,42.78200149536133,-79.24627685546875,42.89786148071289,0.015075836796313524,4938.657121443269,4946.058828103549,2479.4113734289267,8744.246110106647
test,1407,81,239.63499450683594,-80.12191772460938,26.09296989440918,-81.09879302978516,24.52086067199707,0.5586709454655647,3601.561434344071,3641.67931362376,2577.7163541775517,34222.0083231688
test,1408,70,72.08715057373047,-83.4301528930664,45.36271667480469,-83.40614318847656,45.06814956665039,19.081586837768555,13873.49152752919,13885.7043152145,20862.889432128497,15281.337865483803
test,1409,70,306.82635498046875,-80.07366180419922,42.15467834472656,-83.08979034423828,42.30170822143555,23.324790954589844,15626.314903649287,15879.502896184842,21182.118093000103,29575.135239741194
test,1410,70,80.5167236328125,-83.78607940673828,45.41073989868164,-82.97289276123047,45.142433166503906,4.826053578406572,6405.905181158129,6221.550817504697,5243.063823699982,9652.454642948871
test,1411,79,659.7182006835938,-87.24519348144531,41.87869644165039,-84.35040283203125,46.5030517578125,7.306544225662947,42036.529960665786,42135.236143044225,4492.475563953224,57458.52805070851
test,1412,79,565.80517578125,-84.35041046142578,46.503028869628906,-91.29743194580078,47.060970306396484,12.372452380135655,7017.4093068641505,6962.926522944921,5578.111663524803,41106.21318306835
test,1413,79,568.2208251953125,-91.30680084228516,47.075721740722656,-84.3541488647461,46.5029182434082,11.63306594826281,15997.244452450332,15929.421120759858,8135.379519371991,43700.853950582015
test,1414,79,717.41943359375,-84.35415649414062,46.50288009643555,-87.30496978759766,41.645870208740234,5.714895028620958,30364.70056596996,30379.010430423103,11668.875788165433,72132.19635685445
test,1415,70,539.173583984375,-87.15025329589844,41.637271881103516,-85.09963989257812,46.027740478515625,10.643939048051834,22225.73793100169,22233.616453178915,18452.53425254684,28164.44320259285
test,1416,70,178.0423583984375,-85.10008239746094,46.02766036987305,-83.27483367919922,45.35792922973633,7.055454179644585,15657.187466572086,15122.579920246339,7321.301635094885,8210.259081042932
test,1417,70,64.85798645019531,-92.30487060546875,29.55323028564453,-91.78363800048828,29.377649307250977,0.33000185154378414,4519.939549616747,4569.004932499997,4372.26084028058,8942.45097724152
test,1418,70,54.59659957885742,-91.78417205810547,29.37618064880371,-92.29273223876953,29.470230102539062,4.7201626896858215,3392.7626857139303,3403.5363442903563,6238.7731477213465,5417.907756856018
test,1419,70,58.148956298828125,-92.3058090209961,29.475290298461914,-91.78176879882812,29.37101936340332,4.995278298854828,2776.5968172260464,2776.215496594154,4927.451272667433,6328.768485666911
test,1420,70,66.29046630859375,-91.78427124023438,29.3764591217041,-92.30473327636719,29.553110122680664,0.08399534970521927,5905.143844726736,5859.365498738773,3932.283184614623,9926.565888918227
test,1421,60,43.71763610839844,-93.32443237304688,29.79467010498047,-93.01648712158203,29.69495964050293,11.660508334636688,3516.868263491551,3654.2452730305936,12260.08357925974,4026.5035347745693
test,1422,60,39.35615921020508,-93.01325988769531,29.698959350585938,-93.32444763183594,29.79467010498047,11.873519569635391,3737.7022522097345,3931.870797446055,10002.867600786934,4097.387033034364
test,1423,70,87.7033462524414,-90.38671875,29.009960174560547,-91.18605041503906,28.654979705810547,6.081840991973877,7188.383404632472,7199.581361368846,6651.008980807282,704.5613682937603
test,1424,80,109.82581329345703,-94.6527328491211,29.19706916809082,-93.70133209228516,29.549680709838867,3.92085599899292,5198.469791211817,5215.98094215574,1536.7490177390637,6194.970427064499
test,1425,70,57.889320373535156,-96.3493881225586,27.744430541992188,-95.96009063720703,27.4383602142334,13.177347898483276,5292.064108012521,5294.364836939959,15543.781718759697,3940.274313131404
test,1426,70,367.7376708984375,-88.04248046875,30.720930099487305,-89.871337890625,28.334299087524414,2.340144693851471,13885.941077733616,14407.979567228833,2179.2754198330363,19762.801805411502
test,1427,71,623.927490234375,-118.2007827758789,33.74345016479492,-123.00897216796875,36.94784927368164,9.56772756576538,8001.037007349567,7985.5789499590255,16991.7143061221,59371.69852823157
test,1428,71,74.17352294921875,-121.34465789794922,34.406158447265625,-120.58672332763672,34.33890914916992,12.279402256011963,5425.26233394466,5420.916428773409,7360.387145552906,4620.8885315883745
test,1429,70,279.922607421875,-75.56462860107422,36.75328063964844,-76.40572357177734,38.928001403808594,2.4514251351356506,7035.134671587763,6807.97115829065,3510.8249595841253,18902.772419244
test,1430,80,433.0395812988281,-95.30728149414062,28.938440322875977,-92.16532135009766,26.488510131835938,17.97450029850006,8619.119378756333,8625.883674998779,11693.565845403271,20453.1178983655
test,1431,80,68.62895202636719,-94.64350128173828,29.31615447998047,-94.41314697265625,28.775110244750977,0.9574724733829498,2359.6118169439314,2374.5968552743866,956.7400672693301,6162.664784572009
test,1432,80,33.08985137939453,-119.71710205078125,32.04005432128906,-119.56450653076172,31.86952018737793,11.172663450241089,4439.496909755835,4451.185602814526,11305.205839564358,4339.168352640688
test,1433,70,217.73101806640625,-88.80125427246094,29.11295509338379,-88.04032897949219,30.710430145263672,22.448013305664062,12235.054275003391,12025.250870456275,21313.908293768953,13383.9377483261
test,1434,70,335.6736145019531,-88.04032897949219,30.710399627685547,-89.52510833740234,28.448890686035156,6.859909810125828,13688.455168543836,13781.21812258275,20321.184515277386,14028.947773691205
test,1435,80,220.5531768798828,-94.56714630126953,29.145769119262695,-94.40518188476562,27.28034019470215,5.198681116104126,6361.043666137151,6372.4292975363,3424.318261872512,9154.420758898179
test,1436,71,56.90280532836914,-79.79440307617188,25.606679916381836,-79.9551773071289,25.909210205078125,17.69371795654297,9898.838906387127,9896.500677713388,18778.19241728107,7246.6026061882685
test,1437,71,55.05643081665039,-80.15696716308594,25.766170501708984,-79.73593139648438,25.48118019104004,9.609055099077523,1568.7099034444607,1627.7670969405858,9845.87333498552,2706.9248797966043
test,1438,70,40.690921783447266,-64.94599151611328,18.33506965637207,-64.79428100585938,17.999679565429688,0.3687690496444702,1294.321189042943,1402.597991676167,674.6357535939796,309.2153110611713
test,1439,80,327.2469482421875,-119.40775299072266,31.910934448242188,-118.16870880126953,33.73488998413086,18.928862273693085,44065.68643313519,44081.244596471464,13324.08544800491,54573.1311874229
test,1440,80,285.3304138183594,-118.16932678222656,33.736000061035156,-117.68566131591797,31.229440689086914,9.763671875,6732.864576093429,6753.505638411273,10149.370193865978,3980.4302845927673
test,1441,70,604.5516967773438,-74.53276824951172,36.56332015991211,-74.60984802246094,34.42826843261719,19.28028106689453,111942.1371229109,111937.58128037828,106001.84163999054,108753.62095948473
test,1442,84,134.683349609375,-94.58042907714844,29.31191062927246,-93.5925064086914,28.657690048217773,13.957356333732605,8634.781968019617,8646.435994933541,10742.830625669252,8892.285857170062
test,1443,79,85.38551330566406,-81.29408264160156,30.738710403442383,-80.71320343017578,30.415019989013672,29.01224136352539,5019.73090143754,5013.232841963863,28947.443187492725,3720.4527293065944
test,1444,80,55.36771011352539,-92.99479675292969,28.348690032958984,-92.66513061523438,27.94491958618164,1.8950396329164505,1155.0930131431555,1155.418378089521,1798.2633208198872,285.16659410329123
test,1445,70,55.27687454223633,-119.7479019165039,34.14829635620117,-119.20606231689453,34.10301971435547,8.325932502746582,3114.1191781433868,3131.4815347111976,8868.490480277636,4035.9244715614323
test,1446,70,87.57592010498047,-113.95099639892578,25.723909378051758,-114.47222137451172,26.356910705566406,26.06111478805542,2027.2993380524938,2041.5823882489285,16803.598175956056,179.22801679814177
test,1447,60,25.72525405883789,-66.7445068359375,44.82455062866211,-66.81006622314453,45.04682922363281,0.34513592114672065,1367.8005162385434,1401.0799564450065,610.5072017397642,532.7749481503367
test,1448,60,34.848663330078125,-66.81006622314453,45.04684066772461,-66.74739837646484,44.75828170776367,0.16592352418228984,2160.608537728143,2216.576609251076,383.53727101754674,1309.2817245984518
test,1449,70,337.0131530761719,-87.71871185302734,47.5118408203125,-91.95771789550781,46.71746063232422,3.947008728981018,11100.240899558798,11074.843769732224,3211.705611467968,12554.330209849191
test,1450,70,236.74545288085938,-83.40705871582031,45.06718826293945,-84.35157775878906,46.502281188964844,0.6990885585546494,23390.546036231346,23335.590722893747,6249.685475129785,23805.88662962035
test,1451,70,638.822998046875,-84.35164642333984,46.50230026245117,-92.07215118408203,46.73189163208008,1.8586461618542671,11156.80935443012,11157.145586955416,1409.6105931554587,54210.264735406956
test,1452,70,569.2407836914062,-92.0721435546875,46.73194122314453,-85.02420043945312,46.829471588134766,6.207543611526489,16906.80327020042,16923.78235814295,3320.0588399994613,48148.787516314755
test,1453,70,178.12020874023438,-82.67465209960938,44.181915283203125,-83.7863998413086,45.41061019897461,6.37869918346405,3910.4460227733152,3903.615359679919,4705.911712744617,18038.522914758087
test,1454,70,149.98179626464844,-83.5420913696289,44.23830032348633,-83.0423812866211,45.23506164550781,18.926897048950195,19516.72464014229,18470.389258917898,19800.595660051094,22338.818226852924
test,1455,79,446.1015930175781,-91.6717300415039,47.01457977294922,-85.99127197265625,47.0943717956543,6.764458708465099,11488.519624044595,11475.235851569536,7519.211446150819,28017.573305485937
test,1456,79,689.1011962890625,-87.32514953613281,41.61513137817383,-84.3504409790039,46.50300979614258,5.866704821586609,37332.04459470652,37089.87605349778,3511.2060843694403,58468.450047727485
test,1457,79,596.6044921875,-84.3504409790039,46.503021240234375,-91.6690673828125,47.00627899169922,0.4808543873950839,11477.594709901608,11488.97842437209,2357.8607718823273,43195.01757398564
test,1458,70,158.32557678222656,-82.75764465332031,44.33382034301758,-83.7867431640625,45.41073989868164,15.43145751953125,2612.8863905322933,2630.102059244194,12702.006601052413,16539.74870339313
test,1459,70,48.37760925292969,-92.09174346923828,46.73830032348633,-91.67404174804688,47.01591873168945,1.449485421180725,1899.8440578272216,1936.2168371156336,423.70539759056413,2197.0776944703425
test,1460,60,168.05987548828125,-117.23529052734375,32.694358825683594,-118.96920776367188,32.48765182495117,3.7429136745631695,3523.7630562570284,3574.734522937575,3584.9363423710465,2972.699990678184
test,1461,68,66.68765258789062,-97.06114959716797,27.84708023071289,-96.46334838867188,28.066579818725586,4.635980248451233,3558.5887512335976,3597.5913462968415,3193.5981859989797,2618.9140883427476
test,1462,89,224.12417602539062,-80.11788940429688,26.090179443359375,-80.64405059814453,24.499269485473633,1.0193417817354202,6938.174370820193,6948.9164121461645,4244.064008406612,31141.12629729349
test,1463,60,42.30514907836914,-93.32579803466797,29.795534133911133,-92.98017120361328,29.700429916381836,13.217437464743853,4111.379741287877,4240.576229431675,11640.287015384998,4434.863898204725
test,1464,60,42.71940994262695,-92.98017120361328,29.700429916381836,-93.32557678222656,29.79561996459961,13.183977272361517,3903.2052104707964,4040.970057141391,11339.983873446694,4388.489785919457
test,1465,60,41.79092025756836,-93.32469940185547,29.794879913330078,-92.98741912841797,29.702709197998047,13.050961695611477,3749.752802223126,3866.647671698673,11731.496620224945,4080.0930587033868
test,1466,60,41.326751708984375,-92.98738098144531,29.702789306640625,-93.32488250732422,29.79511070251465,13.000768050551414,3822.1918318279427,3967.1323519498533,11142.030952260871,4336.374664507972
test,1467,60,70.35406494140625,-74.04354858398438,40.10261917114258,-73.55599975585938,40.430049896240234,13.782195150852203,9836.380457105353,9860.07460452969,19409.438778577125,9301.755802836862
test,1468,79,332.33367919921875,-88.51226806640625,30.338499069213867,-90.27564239501953,28.985380172729492,10.473088383674622,18313.334801020606,18331.831269135684,12564.026753235537,52577.95780225674
test,1469,80,31.127338409423828,-94.4757080078125,29.02405548095703,-94.62194061279297,29.23077964782715,3.4509001970291138,3736.4602620188602,3755.2518436712344,3227.35103229983,2251.788287860618
test,1470,80,112.2932357788086,-94.6527328491211,29.19706916809082,-93.6981201171875,29.569040298461914,3.391140341758728,4530.235619986751,4539.394543510542,1197.5577909556616,6350.202014912771
test,1471,70,97.61534881591797,-122.58869934082031,30.863840103149414,-121.7860336303711,30.322509765625,26.915324211120605,215.63541563631327,294.7676263022891,14483.229396726187,109.77966071123721
test,1472,80,315.9813537597656,-79.92015838623047,24.50902557373047,-79.3154067993164,27.161380767822266,22.549208164215088,7401.890334814982,7409.760601191962,27057.370747237357,16531.270406187476
test,1473,70,87.68415832519531,-123.66372680664062,31.149429321289062,-122.94821166992188,30.654590606689453,38.27807426452637,501.93119198777134,547.420063945217,35891.7401217367,139.0643288314678
test,1474,70,832.7998657226562,-118.21504211425781,33.731441497802734,-115.04486083984375,26.84922981262207,7.494023084640503,6708.456197680539,6738.286913822655,7983.151637267514,24439.917946717967
test,1475,70,320.25018310546875,-74.97296142578125,36.98639678955078,-76.42398834228516,38.92631149291992,3.732851028442383,8927.616371976139,8937.265744209264,2868.4923028378316,45352.95163993032
test,1476,84,237.5537567138672,-95.30729675292969,28.93840980529785,-94.01347351074219,27.21268081665039,20.978195190429688,4730.859976371849,4730.98697927491,10204.08875312582,7312.402024566106
test,1477,84,28.53373908996582,-95.09011840820312,28.784509658813477,-95.30706787109375,28.938640594482422,0.2810399457812309,1831.77847199934,1904.0069579629476,316.219064038473,1101.4785024185435
test,1478,80,868.62744140625,-118.2196273803711,33.73371887207031,-114.75775909423828,26.616430282592773,11.364951133728027,7330.10849253492,7334.10306136307,25208.697999146152,26085.531562923235
test,1479,70,191.91641235351562,-87.41319274902344,29.143095016479492,-88.03347778320312,30.667919158935547,3.641633093357086,7685.412227398621,7703.488891875481,2802.7458855096193,8662.54578572106
test,1480,70,132.81442260742188,-88.03346252441406,30.667879104614258,-87.61564636230469,29.61025047302246,1.006796807050705,5668.866709754173,5719.7168755947805,770.617126112685,10029.651170346988
test,1481,74,666.2606811523438,-115.61099243164062,25.710969924926758,-120.84721374511719,29.501630783081055,68.3069896697998,5201.525899624416,5192.531158325468,52059.1575980723,3175.1212874211506
test,1482,80,49.44755172729492,-94.67150115966797,28.62548065185547,-94.5628662109375,28.220020294189453,5.095372915267944,5530.935250325266,5540.0324849924555,8291.570072482224,3885.482397530935
test,1483,70,128.8378448486328,-113.83484649658203,24.591875076293945,-112.8258285522461,23.887739181518555,21.162854194641113,2358.82864626389,2396.4690884262286,21147.041330210493,146.7497143419653
test,1484,70,161.84457397460938,-94.65215301513672,29.239320755004883,-93.24626922607422,29.624950408935547,11.29927682876587,8519.439685576923,8527.610085940341,11314.606408401716,6461.3262349301385
test,1485,70,68.20301055908203,-88.03269958496094,30.070959091186523,-88.03225708007812,30.660720825195312,0.4824686199426651,2522.778888715672,2573.569904089242,525.7357424545314,1288.450427735605
test,1486,70,44.3553581237793,-64.94597625732422,18.335060119628906,-64.77500915527344,17.972360610961914,1.3812704998999834,1116.4710503841272,1199.1754231050147,1267.6309794170434,160.07495321905162
test,1487,80,88.34101867675781,-93.9918212890625,28.917770385742188,-94.7345962524414,29.351749420166016,11.46733808517456,2690.544919244247,2704.6098477300015,9083.380250420581,1304.174346673412
test,1488,80,100.28194427490234,-95.30732727050781,28.938499450683594,-94.626708984375,28.2745304107666,0.933994710445404,2733.6596964132546,2751.277574829705,714.5275335222661,723.1637519862134
test,1489,80,91.17587280273438,-94.6595687866211,29.19529914855957,-95.19100952148438,28.894580841064453,5.873884439468384,10376.559771220485,10371.408444886341,18815.3473929485,15410.845872640459
test,1490,70,477.14862060546875,-112.74510192871094,24.758420944213867,-115.79901123046875,28.05929946899414,79.54144859313965,7208.606332939266,7205.1444639109895,48287.71794401823,2920.653004991121
test,1491,80,94.57376098632812,-116.35286712646484,27.806650161743164,-116.78218078613281,28.56778907775879,34.858214378356934,2069.1576492546665,2077.98975169974,34570.703682957625,871.1886654607679
test,1492,79,219.9395751953125,-80.71897888183594,30.871980667114258,-78.42072296142578,31.020660400390625,33.02835941314697,8609.492264096461,8610.804816068032,27013.245724895016,489.04561492894004
test,1493,70,344.2911376953125,-73.27569580078125,40.375999450683594,-69.21649932861328,40.45948028564453,25.437498092651367,7948.436968745959,7964.673234425234,24345.96671615146,3278.5476357536922
test,1494,80,68.24830627441406,-95.30850219726562,28.944499969482422,-94.84632873535156,28.503999710083008,0.4893849268555641,2962.671668021148,3028.4665127461367,1163.9673775906294,1020.4434477795172
test,1495,60,582.7465209960938,-82.4332504272461,43.103118896484375,-85.63648986816406,44.785919189453125,39.36983013153076,38986.60950121959,30187.15614680459,27503.09282028715,106081.06273803541
test,1496,60,28.58089828491211,-66.73522186279297,44.79962921142578,-66.81005859375,45.04684066772461,0.20914079109206796,1633.3227094368988,1691.533228062251,246.1635859250274,500.1006930715639
test,1497,60,29.605981826782227,-66.81006622314453,45.04682922363281,-66.73214721679688,44.78984069824219,0.07921157218515873,1300.8515452841768,1336.3803388850802,276.8702492631131,504.23664620760644
test,1498,60,31.05828857421875,-66.72679138183594,44.77735137939453,-66.81008911132812,45.04684066772461,0.046657655853778124,1659.426737471203,1684.9147530776834,680.1522514678257,516.8274755700766
test,1499,60,30.052701950073242,-66.81005859375,45.04684066772461,-66.7315902709961,44.78620910644531,0.05187901062890887,1369.1082885981486,1412.461938971755,375.8233309653971,483.17038510220107
test,1500,60,31.814313888549805,-66.72614288330078,44.77143096923828,-66.8100814819336,45.04684066772461,0.09276669472455978,1839.6615885648619,1874.1701060610292,109.8231553017415,483.63383866525203
test,1501,60,38.28911209106445,-66.01441955566406,45.18307876586914,-65.85501861572266,44.85811996459961,18.947232246398926,1792.4487604306514,1812.5976233694678,18257.707623515933,175.7634501133161
test,1502,70,300.9203796386719,-80.04267120361328,42.742820739746094,-83.13964080810547,41.83510971069336,14.210163235664368,13812.379529041233,13826.830108337404,11077.489177053809,21156.85491457708
test,1503,70,386.06219482421875,-83.45955657958984,41.69451904296875,-79.24800872802734,42.89242935180664,0.024443503934890032,9916.400710877091,9609.33593850543,1303.9881891512978,18000.194851037017
test,1504,81,24.269901275634766,-79.89201354980469,26.113079071044922,-80.12188720703125,26.092960357666016,2.458966851234436,1455.7429828553352,1445.5816338757752,2674.9802489102335,790.1545640498288
test,1505,81,418.294189453125,-80.1218490600586,26.09292984008789,-82.8355712890625,24.28952980041504,0.9368721884675324,7836.495588395609,7854.447768165695,2469.8791406677688,62498.00997839455
test,1506,70,1030.25244140625,-80.81311798095703,31.066814422607422,-74.36923217773438,37.78287887573242,85.33559608459473,29621.472093146323,29630.377997338222,51451.322982163394,78795.80815102815
test,1507,70,156.77560424804688,-74.36923217773438,37.78287124633789,-75.1248779296875,38.97185134887695,17.661643028259277,8396.100490626482,8399.317810611337,15260.149666414058,7465.662306948692
test,1508,70,422.9790344238281,-75.13249969482422,38.98609924316406,-74.67436981201172,35.2869987487793,34.08071327209473,8797.795430234113,8807.149491782844,27714.54367464968,18773.190895053107
test,1509,70,292.0420837402344,-88.66204833984375,47.519256591796875,-85.02420043945312,46.829471588134766,27.86595630645752,10814.283478960437,10803.539054855848,27119.413058077265,13490.88744501669
test,1510,70,252.83277893066406,-87.1906967163086,44.54942321777344,-87.82489013671875,42.36520004272461,60.600707054138184,7147.379209066605,7099.487605149252,38255.35696465461,5134.014985448342
test,1511,70,439.4355773925781,-87.81104278564453,42.36138916015625,-85.87190246582031,45.96955871582031,44.73708629608154,37666.60728179474,37468.50321834798,57446.8897149336,11446.77750406771
test,1512,70,239.55377197265625,-80.07372283935547,42.154640197753906,-82.72923278808594,41.54655075073242,6.713953256607056,8874.490363750972,8856.297149794522,9246.659040964094,4303.920567395403
test,1513,79,301.23748779296875,-89.82258605957031,47.326534271240234,-85.99127197265625,47.0943717956543,20.283926486968994,4646.519656856646,4669.869104438595,16519.377949558722,20471.50508433567
test,1514,70,604.673095703125,-91.67479705810547,47.01567840576172,-84.35111236572266,46.50307846069336,0.2529078349471092,9609.690979936338,9580.88626612237,6955.936671305368,51768.03357620331
test,1515,70,715.33203125,-84.35111236572266,46.50307083129883,-87.44329071044922,41.666221618652344,0.05944459605962038,36755.65556445683,36405.27334861295,111.68949708691821,69570.03759348679
test,1516,70,259.4673767089844,-87.41300201416016,41.64305114746094,-86.66475677490234,43.88787078857422,14.553850412368774,6766.232157503168,6767.031855958566,13221.27042363712,2841.218497465356
test,1517,70,73.8215560913086,-92.3048324584961,29.553340911865234,-91.92803955078125,29.006040573120117,3.4232698609121144,3921.544011233463,4024.2619876141,9882.676392676896,2519.389572242528
test,1518,60,41.420501708984375,-93.32489776611328,29.79514503479004,-92.98847198486328,29.69927978515625,12.889138363301754,3720.1879183852593,3859.5501426504784,11592.424706748756,4037.761921320841
test,1519,60,41.77079391479492,-92.98793029785156,29.702390670776367,-93.32447052001953,29.794700622558594,12.99639643728733,3923.4290688697533,4057.2124672521672,11044.409279082674,4422.187433950769
test,1520,60,41.96065139770508,-92.98763275146484,29.703250885009766,-93.32559204101562,29.79561996459961,12.959659241139889,3926.9254571695374,4057.1291647947614,11101.323527542607,4470.345765154853
test,1521,60,43.240264892578125,-93.32554626464844,29.795610427856445,-92.9734878540039,29.696430206298828,13.388152834028006,3905.7817768505984,4039.1118051268295,11933.491187963884,4167.149724443045
test,1522,60,28.298625946044922,-93.1226806640625,29.707380294799805,-93.32447814941406,29.794660568237305,8.52093842625618,3481.5786966998257,3691.3826956930156,6407.503117881428,3693.988401148974
test,1523,60,38.29714584350586,-93.34686279296875,29.772939682006836,-92.98763275146484,29.703020095825195,14.56613802909851,2096.9927154885827,2110.3195967588986,12868.736163636639,2453.8081038573623
test,1524,60,42.803836822509766,-92.97373962402344,29.696779251098633,-93.32559967041016,29.795669555664062,13.346868712455034,3648.664622110126,3778.757231814623,11745.324840179846,4161.866500084125
test,1525,60,41.53438186645508,-93.324462890625,29.794710159301758,-92.98802185058594,29.703479766845703,13.064594462513924,4100.317588837188,4226.639978065777,11390.356994427344,4426.4069787420985
test,1526,60,42.6185417175293,-92.97383880615234,29.696840286254883,-93.32444763183594,29.794679641723633,13.422300145030022,3548.7059743003383,3691.070765664655,11840.311124545336,3956.133842721104
test,1527,60,41.66610336303711,-93.32447052001953,29.794689178466797,-92.9878921508789,29.703319549560547,13.065523862838745,3939.6760760853526,4062.7918879186,11534.413943419948,4273.579876040289
test,1528,60,44.81852340698242,-73.55203247070312,40.438751220703125,-73.09358978271484,40.29444122314453,32.90257263183594,3001.748266275178,3016.4679418677506,30296.74065435301,2734.0007578391587
test,1529,60,52.56779098510742,-73.37471771240234,40.325950622558594,-72.99970245361328,40.5328483581543,32.92487144470215,5829.975853860681,5841.876755541705,20458.94042603035,5770.468633848411
test,1530,60,105.33296966552734,-72.96485137939453,40.56098937988281,-74.04357147216797,40.1026496887207,39.0817813873291,1154.9544662049213,1195.819432278959,29301.081392852062,801.0060503640403
test,1531,80,231.47120666503906,-94.17923736572266,27.33558464050293,-94.52941131591797,29.313899993896484,10.404738187789917,8116.987530008501,8121.536205095447,3840.0963543581356,7415.705340722186
test,1532,80,24.928077697753906,-94.52893829345703,29.31307029724121,-94.75103759765625,29.34762954711914,0.8746929466724396,1667.735544715293,1676.845736721388,778.48181329332,1688.9225882389794
test,1533,80,59.435089111328125,-90.02323150634766,28.865249633789062,-89.90791320800781,28.422969818115234,3.022063732147217,5278.189927150308,5276.50953563574,1618.742345223963,6474.436478226461
test,1534,80,133.3365020751953,-67.51368713378906,19.227985382080078,-68.06503295898438,18.169740676879883,7.654794335365295,5753.465107963945,5783.093844459112,11289.04557410748,5151.200128891079
test,1535,70,533.9448852539062,-76.2772445678711,34.1019287109375,-74.4586181640625,38.38151931762695,50.61197853088379,17649.053197073314,17657.853126153615,48386.03616647389,45365.164410202255
test,1536,89,57.49217987060547,-94.47886657714844,29.16427993774414,-94.42481231689453,28.662919998168945,3.0908453464508057,1825.5158112499741,1846.2902371054622,3609.6481163313783,2176.2334223069233
test,1537,70,260.25640869140625,-88.03238677978516,30.657350540161133,-87.30702209472656,28.506149291992188,5.266191005706787,7906.201132069199,7918.340684677094,3085.430662229901,8481.856735915055
test,1538,71,124.24128723144531,-113.2618637084961,23.958589553833008,-112.30621337890625,23.2664794921875,40.67593193054199,3038.18832988098,3053.4984995295627,39454.233239364556,869.9683676164435
test,1539,89,206.30984497070312,-66.2269515991211,16.748674392700195,-64.7503433227539,17.698169708251953,35.77877041697502,13742.795873218925,13752.903031313976,48011.49445088971,7345.859853400434
test,1540,70,333.9411315917969,-113.66737365722656,25.737600326538086,-115.79901123046875,28.05929946899414,27.466522216796875,3657.9627687793236,3685.2918896768847,24759.12484368579,1202.9195354249453
test,1541,70,387.9288024902344,-79.24578094482422,42.89984130859375,-83.11402130126953,42.25642013549805,1.0499874651432037,9566.91032787958,9110.651343751659,569.0285862374807,42252.38880682642
test,1542,89,226.90142822265625,-96.48819732666016,27.690359115600586,-94.47843170166016,26.959869384765625,33.41475772857666,12654.307976249762,12642.822459350778,37309.051765189,12273.643120706845
test,1543,82,370.79205322265625,-122.25146484375,30.107694625854492,-118.53666687011719,31.049209594726562,29.806086540222168,8843.238380987352,8841.467843919221,89044.99907506804,715.4570788511644
test,1544,80,43.10015106201172,-79.71404266357422,43.37208938598633,-79.21224975585938,43.483131408691406,13.025237560272217,877.4560398409674,897.836089441507,13422.344379979386,924.0472069705919
test,1545,70,112.72931671142578,-66.3677978515625,20.333810806274414,-65.61493682861328,21.06294059753418,48.04787254333496,3582.3755993654995,3614.0361569074553,48042.82914707159,156.94266369179476
test,1546,70,413.7098693847656,-117.29842376708984,32.54182434082031,-120.71144104003906,30.665050506591797,39.99002933502197,21610.576943577154,21605.46245097227,46139.76293010788,37446.332675926285
test,1547,80,40.19778060913086,-93.69738006591797,29.244659423828125,-93.51580047607422,28.94230079650879,3.1475415229797363,2022.0906020689772,2025.4163789058764,2445.20302809764,1844.8033572083657
test,1548,60,26.701156616210938,-66.81049346923828,45.046878814697266,-66.74124908447266,44.81460189819336,0.15556323528289795,1227.687628222539,1302.9370830036066,205.66956733445917,472.9371339177441
test,1549,60,28.58089828491211,-66.73522186279297,44.79962921142578,-66.81005859375,45.04684066772461,0.20914079109206796,1633.3227094368988,1691.533228062251,246.1635859250274,500.1006930715639
test,1550,60,29.605981826782227,-66.81006622314453,45.04682922363281,-66.73214721679688,44.78984069824219,0.07921157218515873,1300.8515452841768,1336.3803388850802,276.8702492631131,504.23664620760644
test,1551,60,31.05828857421875,-66.72679138183594,44.77735137939453,-66.81008911132812,45.04684066772461,0.046657655853778124,1659.426737471203,1684.9147530776834,680.1522514678257,516.8274755700766
test,1552,60,30.052701950073242,-66.81005859375,45.04684066772461,-66.7315902709961,44.78620910644531,0.05187901062890887,1369.1082885981486,1412.461938971755,375.8233309653971,483.17038510220107
test,1553,60,31.814313888549805,-66.72614288330078,44.77143096923828,-66.8100814819336,45.04684066772461,0.09276669472455978,1839.6615885648619,1874.1701060610292,109.8231553017415,483.63383866525203
test,1554,60,29.103668212890625,-66.81006622314453,45.04684066772461,-66.73470306396484,44.79441833496094,0.1217209619935602,1360.0858517631007,1407.6916101211846,359.6018337811588,470.01010073926506
test,1555,60,27.61036491394043,-66.81004333496094,45.04684066772461,-66.74299621582031,44.80690002441406,0.1302798327524215,1081.7940090162317,1156.5415005373477,234.04412454181616,649.4575858790784
test,1556,70,415.8199462890625,-86.76895141601562,47.2661247253418,-91.9981918334961,46.727989196777344,6.072504758834839,9728.639071841268,9740.791864785826,4141.792417115546,27315.117905564362
test,1557,80,106.92576599121094,-94.61863708496094,29.23509979248047,-94.42150115966797,28.360660552978516,1.284862458705902,4277.909085207447,4268.767117364793,953.6227511413837,8238.780346777765
test,1558,70,453.74127197265625,-84.05197143554688,45.653316497802734,-87.61316680908203,43.369850158691406,48.14738464355469,14556.535250340488,14551.387456707762,22216.50658810155,64198.49671047754
test,1559,70,602.1600952148438,-87.90145874023438,43.016380310058594,-83.40608215332031,45.06829071044922,41.2188663482666,43179.40820868268,42979.761208570504,61186.742238348146,90976.53676580563
test,1560,70,47.38385772705078,-87.61544036865234,43.36627960205078,-87.90148162841797,43.0163688659668,2.6874077320098877,2982.9220714768294,2995.6237176705527,2562.0127314638166,2307.881119831274
test,1561,70,298.8221130371094,-83.8797607421875,45.985618591308594,-83.84906005859375,43.614891052246094,18.005725115537643,16540.172460154354,15990.855848065916,21645.242400684652,34340.3751759581
test,1562,70,239.55377197265625,-80.07372283935547,42.154640197753906,-82.72923278808594,41.54655075073242,6.713953256607056,8874.490363750972,8856.297149794522,9246.659040964094,4303.920567395403
test,1563,79,688.6708374023438,-87.32511138916016,41.615089416503906,-84.3429183959961,46.50326156616211,5.618633834645152,36940.2755910765,36734.9644528054,3497.8992471666306,58304.58792013643
test,1564,79,564.5430297851562,-84.35047912597656,46.50299072265625,-91.28154754638672,47.06378936767578,12.165337722748518,7338.751649262864,7282.174529894897,5194.775649104128,40998.54956692055
test,1565,79,708.0886840820312,-84.3541488647461,46.502899169921875,-87.31218719482422,41.72496032714844,5.334337289445102,32170.033507708304,32012.55598611553,1349.2882428266228,71206.24717854457
test,1566,70,688.7211303710938,-87.41300201416016,41.64305114746094,-84.35350036621094,46.50291061401367,1.9326295927166939,40464.09887478466,40295.28535561478,2340.363675620422,56955.93863256544
test,1567,72,115.64896392822266,-82.622802734375,24.224639892578125,-81.48455810546875,24.267990112304688,7.379117965698242,4203.793087260352,4196.4116478278775,6898.018231690016,626.8516917433051
test,1568,68,51.39357376098633,-97.06159973144531,27.847610473632812,-96.55101776123047,27.766809463500977,2.9363580122590065,1838.3892653647763,1916.9909125587762,3335.211463888575,493.2402486010775
test,1569,60,97.3263168334961,-118.21871948242188,33.76128005981445,-117.89871978759766,33.10710144042969,8.12208378314972,6087.936388924511,6113.256500834052,9916.812385089966,6870.8746464803135
test,1570,60,67.33412170410156,-117.91184997558594,33.11861038208008,-117.7580795288086,32.87546157836914,22.20505690574646,7959.26468198388,7963.21684481361,18347.890528767777,8010.800926394868
test,1571,89,235.15435791015625,-80.12193298339844,26.09115982055664,-80.79228210449219,24.47723960876465,6.863403722643852,6568.896342519377,6592.631538121376,14604.86632663681,35037.49563938381
test,1572,60,41.53438186645508,-93.324462890625,29.794710159301758,-92.98802185058594,29.703479766845703,13.064594462513924,4100.317588837188,4226.639978065777,11390.356994427344,4426.4069787420985
test,1573,60,42.6185417175293,-92.97383880615234,29.696840286254883,-93.32444763183594,29.794679641723633,13.422300145030022,3548.7059743003383,3691.070765664655,11840.311124545336,3956.133842721104
test,1574,60,41.66610336303711,-93.32447052001953,29.794689178466797,-92.9878921508789,29.703319549560547,13.065523862838745,3939.6760760853526,4062.7918879186,11534.413943419948,4273.579876040289
test,1575,60,42.88465118408203,-92.97367858886719,29.6966495513916,-93.32444763183594,29.794689178466797,13.423544347286224,3798.9107598787346,3919.740269089096,11719.303137155614,4332.0717840945845
test,1576,60,42.66539764404297,-93.324462890625,29.79460906982422,-92.9740219116211,29.697050094604492,13.458806559443474,3987.39659271988,4120.198521044356,11930.357678304468,4284.84557724771
test,1577,60,40.43671417236328,-92.99949645996094,29.69614028930664,-93.32556915283203,29.795650482177734,12.264042720198631,3546.5874304524045,3696.6671829592506,10683.142836701436,3938.428396822637
test,1578,60,41.68027114868164,-93.32559204101562,29.79561996459961,-92.98764038085938,29.702730178833008,12.983121674507856,3816.247597297439,3956.102383581786,11609.12819400044,4142.620118061078
test,1579,60,39.99861145019531,-92.99929809570312,29.696449279785156,-93.32444763183594,29.794649124145508,12.358673810958862,3507.4275485242747,3648.837154937972,10684.30057876397,3883.794887587956
test,1580,60,40.62150955200195,-93.32447814941406,29.794689178466797,-92.9999771118164,29.696460723876953,12.367984265089035,3480.2618970063045,3604.324090713319,11202.479953279508,3703.6253747319024
test,1581,60,40.434181213378906,-92.99951934814453,29.695859909057617,-93.32557678222656,29.79561996459961,12.25537410005927,3608.383415029869,3753.8654154797687,10622.024239519582,4020.431219122208
test,1582,60,41.97395324707031,-93.3255615234375,29.79561996459961,-92.98741912841797,29.70269012451172,12.992075737565756,3962.6032383407332,4095.022096559264,11466.830814799008,4293.811983690267
test,1583,60,41.22024917602539,-92.98835754394531,29.703250885009766,-93.32483673095703,29.7950496673584,12.97858339548111,3746.1414410428824,3893.4209829715655,11162.732027919876,4253.365051087131
test,1584,70,91.81825256347656,-89.2786865234375,28.86547088623047,-90.1707992553711,29.042800903320312,0.11973749473690987,2322.2668957409114,2326.6699946175177,1941.3862831275112,2654.75830987495
test,1585,70,101.97367095947266,-90.1865234375,29.049060821533203,-89.18063354492188,28.798099517822266,8.790425181388855,6889.506379735873,6900.865638325495,8592.38941080137,399.4157775320162
test,1586,60,105.33296966552734,-72.96485137939453,40.56098937988281,-74.04357147216797,40.1026496887207,39.0817813873291,1154.9544662049213,1195.819432278959,29301.081392852062,801.0060503640403
test,1587,60,74.94629669189453,-74.04357147216797,40.10261917114258,-73.42536926269531,40.497928619384766,20.451338708400726,5331.744436639618,5394.609095710131,20773.670162350278,4936.944082416912
test,1588,70,477.0360107421875,-69.24556732177734,19.808494567871094,-64.7699203491211,19.288930892944336,69.0561752319336,6836.255007799691,6841.463019103195,68826.5493196513,8394.211860984153
test,1589,70,74.19778442382812,-80.12149810791016,26.094789505004883,-79.65077209472656,25.719629287719727,2.406896710395813,4519.061615459778,4567.4079380974,3569.0121570827423,4942.368752038137
test,1590,80,317.2189636230469,-94.72393798828125,29.349760055541992,-96.86956024169922,27.776859283447266,2.033901184797287,14728.047817467352,14737.549156197065,2818.1778385346297,26357.424167848465
test,1591,70,219.74464416503906,-118.16175079345703,33.73297119140625,-117.5480728149414,31.86465072631836,4.777961730957031,5716.298718656349,5675.239137077117,3571.820890553275,4403.75287052435
test,1592,70,289.2163391113281,-66.86023712158203,17.736080169677734,-66.66912078857422,17.654050827026367,27.281359672546387,15920.186860568976,15934.845276074782,20876.449188196093,14279.91034795922
test,1593,80,360.0751953125,-95.33383178710938,28.936710357666016,-92.9136962890625,26.880859375,5.367506146430969,10980.927088163422,11007.716234507128,6576.346358520965,16920.18615630996
test,1594,80,36.5380859375,-111.12631225585938,22.41633415222168,-111.42086791992188,22.600460052490234,23.912415504455566,874.3406264567446,907.883418592505,23896.5485058361,69.17401955686388
test,1595,80,123.07476043701172,-73.78740692138672,37.972171783447266,-74.85420227050781,38.677940368652344,15.141906976699829,3182.34860510211,3175.6991826158855,15211.687337512141,3373.154706346298
test,1596,70,236.52212524414062,-122.72808074951172,37.4951286315918,-121.92365264892578,35.4869384765625,28.8132541179657,7666.60144204949,7679.848558316218,28256.569661323596,5661.868753407753
test,1597,70,69.88651275634766,-83.87007141113281,46.02246856689453,-84.31468200683594,46.496028900146484,1.0980406701564789,3801.6684808692694,3797.0904466780685,634.5207155394088,2744.6395956044908
test,1598,70,62.68218231201172,-114.88569641113281,24.907304763793945,-114.46634674072266,24.502220153808594,48.676422119140625,2028.6123391047345,2057.7680006235546,46054.37219424008,2863.5886706200654
test,1599,60,43.27359390258789,-85.58467102050781,45.18402099609375,-85.56964111328125,44.933250427246094,33.009108543395996,6656.625255572046,6671.699325995409,32287.37240967292,6957.603135763049
test,1600,70,72.08956146240234,-80.11543273925781,26.06572914123535,-79.48272705078125,25.878129959106445,2.1882944107055664,3091.642842468133,3102.9471322452487,3054.7393300077433,4392.7996243010875
test,1601,84,93.51629638671875,-96.76976013183594,27.810909271240234,-96.11224365234375,27.343570709228516,6.67794394493103,8876.951165507684,8844.70941124049,8081.599670615596,7847.603363208189
test,1602,60,520.3284301757812,-78.76513671875,26.122495651245117,-82.86966705322266,24.241220474243164,22.604756355285645,24511.41180080922,24530.95865391023,26381.491822486143,40882.53936327802
test,1603,70,69.15229797363281,-94.60381317138672,29.212169647216797,-94.42730712890625,28.68964958190918,4.06152468919754,4630.256187813782,4637.690657142695,3812.8041244913693,7679.266620317723
test,1604,60,28.909273147583008,-66.73509216308594,44.79664993286133,-66.81006622314453,45.04684066772461,0.14267032174393535,1648.4952954563064,1702.096407555616,319.3396891667374,506.5313888071279
test,1605,60,30.157989501953125,-66.81006622314453,45.04682159423828,-66.7301025390625,44.78496170043945,0.0602932961191982,1280.4095740317107,1324.974857027406,294.04152138614273,525.0583102167336
test,1606,60,35.48373794555664,-66.81046295166016,45.046878814697266,-66.74713134765625,44.76123046875,0.021501924144104123,2574.317478089143,2660.6830792299806,458.2200107439716,1907.7705245989234
test,1607,60,35.49431228637695,-66.81006622314453,45.04682922363281,-66.74720001220703,44.761199951171875,0.008398443227633834,2431.837705932311,2519.6695702850843,492.1975472961426,1680.4853975252702
test,1608,60,35.55003356933594,-66.74716186523438,44.761199951171875,-66.81006622314453,45.04682159423828,0.00766007462516427,2320.1251868520194,2416.718884413502,373.43179553783125,1643.2748889032216
test,1609,60,35.28864669799805,-66.74720001220703,44.75914001464844,-66.81037902832031,45.04690170288086,0.10094250738620758,2296.502607927941,2351.169293633983,248.9773846559049,1558.5847429766577
test,1610,60,31.796527862548828,-66.80462646484375,44.99790954589844,-66.74336242675781,44.8206901550293,2.447367161512375,5490.5580232992825,5488.8855984944175,3581.214745537264,4777.343016183314
test,1611,60,35.176456451416016,-66.81004333496094,45.04682159423828,-66.74720001220703,44.7611083984375,0.009544985368847847,2125.8392595836176,2210.64084784721,319.27374934259575,1491.7796100110766
test,1612,60,35.64003372192383,-66.74712371826172,44.76124954223633,-66.81006622314453,45.04685974121094,0.006550574442371726,2272.8785155486366,2369.2405777376307,408.98413029889423,1701.745054445776
test,1613,60,27.014875411987305,-66.81008911132812,45.046878814697266,-66.7403793334961,44.812889099121094,0.2094595916569233,1167.8063249666586,1230.717998666721,355.59287704971587,582.3870363680701
test,1614,70,353.6754455566406,-83.05103302001953,42.32123565673828,-80.07691955566406,42.782039642333984,4.127083629835397,8695.277253775388,8415.958994949598,5724.165247230245,50862.84799740575
test,1615,70,49.510353088378906,-80.07689666748047,42.78199005126953,-80.18219757080078,42.40871810913086,4.13421156257391,4953.542724114905,4946.336419102626,4919.36927313067,6657.45382978878
test,1616,70,52.388336181640625,-80.19806671142578,42.413150787353516,-80.07694244384766,42.78205871582031,7.579845087602735,4572.71480101203,4606.59498067135,7781.400988190372,5668.384061464008
test,1617,70,86.96160888671875,-80.07689666748047,42.78200149536133,-80.57022094726562,42.237308502197266,12.790247030556202,7732.642172414372,7744.165310410224,13683.216864376946,11915.93795679812
test,1618,80,106.92576599121094,-94.61863708496094,29.23509979248047,-94.42150115966797,28.360660552978516,1.284862458705902,4277.909085207447,4268.767117364793,953.6227511413837,8238.780346777765
test,1619,70,439.6845397949219,-87.49449157714844,44.998111724853516,-83.40618896484375,45.06814956665039,40.40300941467285,18926.5053440015,18904.662301679637,35403.80781256536,61774.77462833039
test,1620,70,91.58206176757812,-83.40702056884766,45.067230224609375,-82.35679626464844,45.193111419677734,11.076879262924194,15130.04071761705,15069.620714088529,10629.241286291497,6631.991392871933
test,1621,70,92.88470458984375,-82.34890747070312,45.2065315246582,-83.40998840332031,45.06914138793945,64.23727607727051,9190.326836274231,9020.493126452564,37034.06015025912,7294.027515941513
test,1622,70,322.2335510253906,-83.40702056884766,45.06727981567383,-86.11083984375,45.68254089355469,31.21046495437622,32044.461115668353,31928.714881692456,44714.18033145598,44301.799166351746
test,1623,79,593.4609375,-84.37779998779297,46.501888275146484,-91.6717529296875,47.01459884643555,1.1560978293418884,12216.97592020697,12227.20375056536,1474.7459767761902,42620.10320565209
test,1624,79,53.454246520996094,-91.67173767089844,47.01454162597656,-91.02709197998047,47.17401123046875,11.390926004387438,1397.2153228289824,1428.7858871389699,11415.819220694051,1097.1894525144332
test,1625,70,212.52040100097656,-86.8760986328125,43.52254104614258,-87.30413055419922,41.638240814208984,13.470290660858154,3653.455180470241,3659.7115053068396,13859.81607603121,257.13431528576945
test,1626,67,35.35382080078125,-89.11492919921875,29.580259323120117,-89.08030700683594,29.26888084411621,15.913625240325928,2017.3906503552103,2062.316106839224,15665.832591404338,1376.623839265386
test,1627,67,38.406890869140625,-89.08030700683594,29.268770217895508,-89.10016632080078,29.600980758666992,15.006100535392761,3188.63065363936,3168.97024031945,11011.526217668841,1956.311698657296
test,1628,70,46.15534591674805,-92.3047103881836,29.55385971069336,-92.46392822265625,29.166629791259766,4.754265386611223,1984.4633758646632,2083.1689435620133,4695.842421921471,644.0271696350146
test,1629,68,39.82332229614258,-96.89726257324219,27.78546905517578,-96.50225830078125,27.745649337768555,3.6595258712768555,1253.0448839710107,1270.1656502727776,2777.836288075278,552.7767610724985
test,1630,60,83.9305419921875,-117.75953674316406,32.89339065551758,-117.89362335205078,33.09872817993164,25.637147903442383,3463.7697918118965,3466.399599748988,29361.182948252368,4346.66201186327
test,1631,60,41.97395324707031,-93.3255615234375,29.79561996459961,-92.98741912841797,29.70269012451172,12.992075737565756,3962.6032383407332,4095.022096559264,11466.830814799008,4293.811983690267
test,1632,60,41.22024917602539,-92.98835754394531,29.703250885009766,-93.32483673095703,29.7950496673584,12.97858339548111,3746.1414410428824,3893.4209829715655,11162.732027919876,4253.365051087131
test,1633,60,40.38098907470703,-93.3248291015625,29.79503059387207,-92.99947357177734,29.696399688720703,12.36127395927906,3817.4956132456,3944.9641000691618,10870.754420896026,4092.0999794837558
test,1634,60,125.14752197265625,-93.32447052001953,29.794679641723633,-92.35189056396484,29.191980361938477,4.578836441040039,3430.573712061455,3490.9480915677645,5563.865269528905,7405.181996295464
test,1635,60,190.4131622314453,-72.75942993164062,40.5860595703125,-71.1902084350586,41.0897102355957,37.6863317489624,15322.650396302843,15337.653124075334,35243.34277747227,12192.94848866653
test,1636,60,54.39378356933594,-72.20037078857422,40.884029388427734,-71.91737365722656,40.95330810546875,35.15637016296387,3941.9176736127265,3950.4335275648846,35849.364351936645,4200.537481596056
test,1637,60,97.13391876220703,-71.1905288696289,41.07590103149414,-72.23197174072266,40.9232292175293,29.096003532409668,5254.788933956039,5259.3162539352015,28604.75161527017,3212.320772260214
test,1638,84,254.70022583007812,-94.32475280761719,26.832550048828125,-95.10124206542969,28.834430694580078,33.115462481975555,15537.122011136531,15532.83256448455,14639.246595408697,18016.500306662358
test,1639,84,85.36576080322266,-95.30728912353516,28.938430786132812,-94.72528076171875,28.37696075439453,0.8912608340906445,3131.254039268948,3167.111995404964,1536.0733222661584,672.3691413335121
test,1640,84,27.625680923461914,-95.10327911376953,28.831829071044922,-95.30722045898438,28.938539505004883,0.31218752078711987,3001.8742813870576,3062.6797295314104,1700.7536505441135,2710.540337333105
test,1641,80,36.5380859375,-111.12631225585938,22.41633415222168,-111.42086791992188,22.600460052490234,23.912415504455566,874.3406264567446,907.883418592505,23896.5485058361,69.17401955686388
test,1642,89,185.19667053222656,-94.45783233642578,29.125659942626953,-96.04358673095703,28.215740203857422,27.18473720550537,5724.026006518954,5731.811352722256,27794.981929552036,1021.0768235035981
test,1643,89,27.5435733795166,-96.04363250732422,28.215639114379883,-96.22212982177734,28.37969970703125,27.48147201538086,3109.1465494326812,3122.356676940819,19570.690955881346,2526.2109666037522
test,1644,79,50.27305603027344,-118.12236022949219,33.6668701171875,-118.6209487915039,33.608489990234375,26.063862323760986,1820.4735451340493,1825.308511957906,19065.237165117614,4141.3054286132065
test,1645,70,40.42216491699219,-64.9460220336914,18.33517074584961,-64.79528045654297,18.00227928161621,0.2505570091307163,1376.1062221734205,1492.9675266321221,622.029975226936,405.6990545026456
test,1646,70,627.8890991210938,-84.39469146728516,46.4995002746582,-92.05671691894531,46.766170501708984,2.9349863529205322,8392.903491386165,8373.447522818551,9863.0080331553,53495.46862880117
test,1647,70,26.54143714904785,-96.83673858642578,27.812570571899414,-97.07317352294922,27.842880249023438,1.243244744837284,2069.682040809342,2203.63417610419,2175.563711719219,2122.317369030058
test,1648,71,176.60716247558594,-67.73294830322266,18.818069458007812,-66.64531707763672,20.01837921142578,13.496117115020752,2667.140313851675,2678.0048580570606,10818.173047267293,3689.833070967467
test,1649,70,202.42625427246094,-65.98707580566406,18.57316017150879,-64.14029693603516,18.721420288085938,24.777400970458984,13849.574937234018,13856.356618256543,17377.603591592553,11116.407278190276
test,1650,70,69.15229797363281,-94.60381317138672,29.212169647216797,-94.42730712890625,28.68964958190918,4.06152468919754,4630.256187813782,4637.690657142695,3812.8041244913693,7679.266620317723
test,1651,60,34.31048583984375,-66.74076843261719,44.75312042236328,-66.81006622314453,45.046871185302734,0.5010639461688697,2244.7789789595163,2287.5358812703926,622.4861888350865,728.0755908960335
test,1652,60,28.06059455871582,-66.81005096435547,45.04682159423828,-66.73760986328125,44.803321838378906,0.08308895421214402,1322.2810262794746,1382.2901948280548,425.8775574840871,469.4346573220216
test,1653,70,653.21240234375,-83.40711212158203,45.067161560058594,-87.90145111083984,43.016380310058594,64.71234130859375,40443.09400563019,40424.51862410387,68125.94662007663,111884.59667019075
test,1654,70,602.8251953125,-87.90145874023438,43.01633834838867,-83.40617370605469,45.068241119384766,41.21734809875488,43052.293814257246,42865.00849127166,60911.39751468144,90766.54130236451
test,1655,70,498.56744384765625,-85.8718490600586,45.96929931640625,-82.4244613647461,42.99740982055664,21.5791460191831,13136.068368170889,12989.173026147313,18137.36681312525,66348.44678790709
test,1656,70,358.7093505859375,-86.23567962646484,43.0719108581543,-85.87188720703125,45.96718978881836,0.5799880400300026,18275.220915549296,17746.87367270872,11968.109103506706,36562.39106275588
test,1657,70,279.6222229003906,-82.41886901855469,42.98147964477539,-83.41973114013672,45.29668045043945,12.21191930770874,9577.868801144345,9627.147949027003,15446.434499876808,18204.346910386572
test,1658,79,69.82688903808594,-83.90019226074219,46.034515380859375,-84.3504409790039,46.5030403137207,1.2449240759015083,2657.8231950464656,2521.3487711303133,1665.165135162476,2319.388971610694
test,1659,79,586.0816040039062,-84.35043334960938,46.5030403137207,-91.38091278076172,46.81660079956055,15.454599304124713,4680.979117350792,4756.899368445406,6201.297424325109,52915.23819719227
test,1660,79,57.44654846191406,-91.38085174560547,46.817359924316406,-92.09703063964844,46.759239196777344,19.099116563796997,1004.4915979466042,1046.7557246450356,12216.34762828773,3242.171270930541
test,1661,79,721.1161499023438,-84.35417175292969,46.5029182434082,-87.32512664794922,41.615089416503906,5.6922245267778635,30373.232514983512,30273.549920811016,11591.106777443585,72410.81687505818
test,1662,70,714.4352416992188,-84.3510971069336,46.50307083129883,-87.43791198730469,41.67549133300781,0.006100936094298959,36843.553177321606,36486.277883202034,1547.1196698414067,69150.66221033473
test,1663,60,173.08026123046875,-117.23561096191406,32.69356918334961,-119.0355224609375,32.6874885559082,1.4228031244128942,5525.120120257286,5562.754080055703,1528.5200920090679,3189.3416520001133
test,1664,67,35.35382080078125,-89.11492919921875,29.580259323120117,-89.08030700683594,29.26888084411621,15.913625240325928,2017.3906503552103,2062.316106839224,15665.832591404338,1376.623839265386
test,1665,67,38.406890869140625,-89.08030700683594,29.268770217895508,-89.10016632080078,29.600980758666992,15.006100535392761,3188.63065363936,3168.97024031945,11011.526217668841,1956.311698657296
test,1666,70,62.30935287475586,-92.3047866821289,29.553470611572266,-92.08544921875,29.043439865112305,3.897140569984913,989.7318018323105,1074.7068719408742,8224.031644418643,2417.091908795415
test,1667,68,31.280437469482422,-96.9393081665039,27.811059951782227,-96.63455200195312,27.735410690307617,3.984456181526184,1472.4124213091477,1490.4040834394566,4710.436105808002,380.91492476290904
test,1668,89,73.21126556396484,-96.90766143798828,27.815040588378906,-96.32302856445312,27.442480087280273,6.862247943878174,5228.703841776223,5224.286193095603,3919.5751581465674,4040.8335283509978
test,1669,70,186.8699951171875,-79.59480285644531,25.53922462463379,-80.50316619873047,24.254840850830078,2.1922813653945923,3539.685510700694,3534.0393240563285,3256.5729077133556,19694.513277428166
test,1670,80,105.65306854248047,-94.52210235595703,29.268070220947266,-95.15293884277344,28.830469131469727,3.3228039741516113,5327.227633807013,5319.398687271246,3805.0264806399446,12306.537311727923
test,1671,79,314.42816162109375,-122.80137634277344,29.749929428100586,-120.1036605834961,28.192899703979492,55.52669334411621,2715.759047783117,2723.2354158484923,31981.706328323893,388.1588775294548
test,1672,83,108.06488037109375,-94.57743072509766,28.98686981201172,-93.5625,28.637929916381836,22.95323657989502,4073.2091267225865,4079.8655245453333,16504.95709058752,3916.030883373551
test,1673,70,319.6986999511719,-66.6160888671875,17.971139907836914,-67.24777221679688,19.797950744628906,19.559246063232422,52021.302925232885,52012.14856858299,19385.779566495927,59974.33774968534
test,1674,80,62.39086151123047,-94.48282623291016,28.829509735107422,-93.88735961914062,28.666210174560547,11.38736867904663,3167.520473338641,3188.84278012566,8996.196875850836,1907.984927153984
test,1675,80,62.51240158081055,-94.61675262451172,29.20775032043457,-94.42437744140625,28.752349853515625,0.657978355884552,4517.525307288059,4525.08668308391,792.2002628251548,7611.127863974749
test,1676,80,85.25373077392578,-93.72173309326172,29.565349578857422,-94.45984649658203,29.27191925048828,1.6677852869033813,6749.918469228562,6761.145152178171,3672.211704467033,3891.296517060269
test,1677,70,40.42216491699219,-64.9460220336914,18.33517074584961,-64.79528045654297,18.00227928161621,0.2505570091307163,1376.1062221734205,1492.9675266321221,622.029975226936,405.6990545026456
test,1678,70,149.93211364746094,-80.16757202148438,25.769590377807617,-79.5189208984375,24.85116958618164,1.3082236349582672,10808.883375384727,10829.445570282494,5685.342361434001,20819.744885136988
test,1679,70,434.7716064453125,-79.96869659423828,25.344314575195312,-79.67066192626953,29.229469299316406,43.79924201965332,12808.270621028114,12820.541479587624,24361.065758615317,9100.746906774873
test,1680,80,172.3443603515625,-88.51106262207031,30.329620361328125,-87.5299301147461,29.121349334716797,1.22672438621521,3765.6176819387747,3754.3249810296606,2454.3435883073817,5946.703689554583
test,1681,70,162.83306884765625,-68.7093276977539,40.663143157958984,-70.62364959716797,40.53588104248047,17.793945789337158,2746.802351905378,2766.2381488249616,10409.465611942689,3311.8393011390044
test,1682,80,35.83123016357422,-79.71402740478516,43.37208938598633,-79.2820816040039,43.42361068725586,13.567357063293457,581.7912409965247,612.1769777627886,11693.491443703793,355.9960855313664
test,1683,60,21.95342254638672,-66.74968719482422,44.85871887207031,-66.81006622314453,45.046871185302734,1.4086662931367755,1099.677807817428,1144.3949757207354,9993.812294838968,448.9472348011458
test,1684,60,35.35930252075195,-66.81005859375,45.04684829711914,-66.74714660644531,44.76124954223633,0.006494996370747685,2456.3706699820696,2538.9954004353967,408.40161401455754,1606.2287614260877
test,1685,60,35.502471923828125,-66.74714660644531,44.7612190246582,-66.81005859375,45.04685974121094,0.006046221125870943,2335.969470438231,2427.4109163114517,383.61732106957624,1568.1888983416386
test,1686,60,30.029115676879883,-66.81006622314453,45.04685974121094,-66.73387908935547,44.78578186035156,0.016473331954330206,1367.8150393914268,1408.3705721035294,292.4222568702122,462.0991879333981
test,1687,70,340.1139221191406,-80.07685852050781,42.7818603515625,-83.48441314697266,41.679161071777344,1.3594884127378464,11037.751102060645,11004.81927504782,1373.3069506078084,20956.499328617836
test,1688,70,21.415246963500977,-82.731689453125,41.4587516784668,-82.52639770507812,41.5672607421875,2.2936066389083862,1168.4232262278238,1131.8375577828617,1367.1466308556967,584.610193024919
test,1689,81,387.9345397949219,-80.12191772460938,26.09296989440918,-82.57109069824219,24.31174087524414,0.8488596230745316,5491.544942466692,5506.029518027733,1740.0358794902522,58514.78514807503
test,1690,70,33.73844909667969,-83.10415649414062,45.10961151123047,-83.41973114013672,45.29668045043945,8.49657392501831,1761.2320773794743,1789.8035616457428,5964.676609569306,2645.0480101586354
test,1691,70,217.778076171875,-85.87185668945312,45.96929931640625,-83.3454818725586,45.30025863647461,2.663977852091193,8777.166611726707,8696.21193182779,878.7853122261715,8495.34541016048
test,1692,79,441.96240234375,-86.1872787475586,45.47732162475586,-87.32512664794922,41.615089416503906,23.676568508148193,11555.505515413271,11556.10127259096,24495.626801434584,10046.61543871439
test,1693,60,172.92185974121094,-117.23561096191406,32.69356918334961,-119.0338363647461,32.68754959106445,1.4526465740054846,5514.181424360373,5535.7958895792635,1531.9937620110563,3189.7989537701174
test,1694,60,179.0281219482422,-117.23536682128906,32.69486999511719,-119.09539031982422,32.68954086303711,0.8618593234568834,5473.3417600053535,5503.192856378196,506.0904476774961,3481.767372397634
test,1695,70,126.51667022705078,-92.30484771728516,29.5533504486084,-93.330810546875,29.78421974182129,17.195694983005524,10443.657861479294,10187.47183652285,19069.475359763986,14086.603755441609
test,1696,60,123.0479507446289,-117.84150695800781,32.95354080200195,-118.2187271118164,33.76129150390625,5.907549023628235,8624.383808224064,8619.947881558764,7534.204533963143,10023.678558093916
test,1697,70,85.19009399414062,-92.30484008789062,29.55324935913086,-92.57312774658203,28.825149536132812,2.516430176794529,2350.9351871494,2403.2593190662033,6175.7605648339,959.6360689435577
test,1698,80,50.935890197753906,-96.8549575805664,27.7868595123291,-96.47344207763672,27.514490127563477,3.858089327812195,4515.32737786266,4518.2418754014025,2226.2281293767574,3423.3158170859215
test,1699,70,144.53456115722656,-66.40203857421875,19.619140625,-65.0328598022461,19.526920318603516,29.80313014984131,2551.7638737567604,2566.425093621765,20190.91887165074,2476.060416858887
test,1700,80,35.6120491027832,-94.79662322998047,29.309080123901367,-94.55175018310547,29.18770980834961,1.8642081916332245,4510.203188579446,4677.891399190547,1157.4773230864976,5268.967619270165
test,1701,80,100.20823669433594,-94.5513916015625,29.18631935119629,-93.719482421875,29.5728702545166,4.612267374992371,6200.757153590532,6206.621508710145,4614.322969542222,4754.106007513468
test,1702,80,113.41807556152344,-93.72000885009766,29.574010848999023,-93.7256088256836,29.090900421142578,6.484787225723267,19737.69299065313,19759.887909338595,23639.101539816398,18365.634955594585
test,1703,80,119.2724609375,-95.30850219726562,28.94438934326172,-94.49002075195312,28.152849197387695,0.6586981862783432,3296.3696019738136,3333.7226131831367,1143.2746906655498,522.4514192378901
test,1704,80,35.02215576171875,-94.51374816894531,28.8151798248291,-94.41957092285156,28.52528953552246,1.9217990636825562,1227.799477086073,1237.419998269354,2506.6196440657386,2245.411795514894
test,1705,80,82.42292022705078,-95.3387222290039,28.93745994567871,-94.77234649658203,28.414609909057617,1.2325565814971924,2497.790917109287,2615.9887911330716,1660.5549324062952,1826.4718694905048
test,1706,70,61.155487060546875,-67.50737762451172,19.305444717407227,-67.24777221679688,19.797950744628906,16.192959308624268,4084.0213802682206,4065.702439972762,16664.64208538231,216.522804285863
test,1707,80,62.43147277832031,-94.61585235595703,29.207685470581055,-94.42437744140625,28.752349853515625,0.6973710656166077,4487.256024626973,4483.857710268992,824.7884732478403,7576.225481959328
test,1708,80,42.68608093261719,-94.6678466796875,29.198999404907227,-94.52307891845703,28.919490814208984,1.6287557482719421,4094.977958617667,4107.401525391082,4784.91544510937,3195.2804163293513
test,1709,70,88.82302856445312,-73.86360931396484,39.81684875488281,-74.06281280517578,39.03351974487305,26.051116228103638,5716.891861933557,5712.63362455453,26282.635518505507,455.1251158343473
test,1710,71,56.145687103271484,-118.24555969238281,33.7327995300293,-118.70033264160156,33.80820846557617,1.7533423900604248,4700.955688443705,4635.412981245508,1268.762674755637,7459.473889547304
test,1711,80,61.73301315307617,-94.53082275390625,28.792070388793945,-94.49443817138672,29.252899169921875,2.879196882247925,4815.19594974461,4820.479122724681,1706.3633784946437,7831.330221256992
test,1712,70,27.068777084350586,-79.41870880126953,26.928749084472656,-79.50663757324219,26.698450088500977,8.3609459400177,1282.4447458236307,1293.1162194601025,4779.319010066323,194.36323569153134
test,1713,70,407.1689453125,-79.5663070678711,26.53911018371582,-82.23626708984375,24.32349967956543,33.98024654388428,16372.436523436196,16364.034850236905,21161.110824166088,49742.026714228086
test,1714,80,81.28639221191406,-94.66768646240234,29.06867027282715,-94.45748138427734,28.449670791625977,3.946083664894104,5908.263939265259,5921.904924591844,3716.238558601854,8578.489520414752
test,1715,70,42.7094612121582,-64.94602966308594,18.33510971069336,-64.78002166748047,17.987529754638672,1.3776107802987099,1607.5585341773121,1703.5635343513632,1824.6367092776673,628.6693138393669
test,1716,70,88.98654174804688,-79.6565933227539,25.641550064086914,-79.5189208984375,24.85116958618164,12.379893779754639,3743.8965478443,3733.9388846158786,7072.488543072,187.62782680249552
test,1717,60,153.1705322265625,-84.43536376953125,45.65848159790039,-83.43406677246094,45.066619873046875,14.145976305007935,13819.670225059774,13692.5508645622,25351.441746317996,19725.773670570114
test,1718,60,144.6079559326172,-85.6117172241211,45.12948989868164,-84.43514251708984,45.65835189819336,19.798999071121216,12004.843099062775,11054.110468014094,16769.881902032183,21168.705478881875
test,1719,60,150.46014404296875,-83.43411254882812,45.066619873046875,-82.63140869140625,43.8460807800293,23.090705394744873,5109.063771309298,5091.946054033839,15777.957198888475,2572.5454077358327
test,1720,60,151.79539489746094,-90.87519836425781,26.120250701904297,-89.87732696533203,25.093679428100586,64.93750381469727,9096.272958247217,9090.449029473664,52345.61076160187,97.99277988638639
test,1721,60,29.909353256225586,-66.81005859375,45.04682159423828,-66.73207092285156,44.78752136230469,0.07264765002764761,1383.6241566498938,1426.6149015275969,245.55983070552858,476.9128650778759
test,1722,60,33.34129333496094,-66.72750091552734,44.78125,-66.81089782714844,45.022090911865234,0.8848921060562134,4035.4732937100566,4047.364980703312,2845.5816341160676,2774.9361539601005
test,1723,60,35.80034255981445,-66.81005859375,45.04684066772461,-66.74720764160156,44.76118087768555,0.008190480759367347,2507.5277528548563,2598.779653874039,540.694148860626,1834.2528564952574
test,1724,70,68.88123321533203,-79.87992858886719,42.47906494140625,-80.6350326538086,42.21348190307617,5.681406140327454,1703.0469020359428,1722.0272847443869,5430.415311986436,250.79910404234656
test,1725,70,40.91349411010742,-76.39620208740234,38.48911666870117,-76.4032974243164,38.847740173339844,15.805469989776611,2796.4310709830925,2787.007798639605,16470.388014425538,2292.194264306512
test,1726,70,409.3425598144531,-76.39959716796875,38.865089416503906,-74.04009246826172,36.98976135253906,21.359436988830566,20202.232450536358,20201.15974159566,18033.900322335816,70411.21598956619
test,1727,70,303.2901306152344,-117.68836212158203,30.9919490814209,-117.50955963134766,28.26930046081543,47.01219940185547,3145.641707297756,3153.9993642369445,43281.253418203516,866.7318083959536
test,1728,70,71.9316177368164,-87.29920196533203,45.268619537353516,-87.79637908935547,44.75297927856445,35.95888042449951,3983.474682895671,4010.655904159158,19375.439701327112,2342.404359665286
test,1729,70,84.09980773925781,-82.9506607055664,44.7640266418457,-83.46199798583984,45.40372085571289,16.09192156791687,6868.6662483485725,6882.593922473426,12229.419364381343,5189.3336971493745
test,1730,70,119.31024932861328,-83.47248077392578,45.41611862182617,-83.1852798461914,44.43561935424805,22.796879768371582,3353.783037107628,3361.772080355944,13743.241665394791,11103.825269198207
test,1731,70,159.44361877441406,-83.18257141113281,44.41817855834961,-83.78666687011719,45.41083908081055,18.963356520980597,16184.236394319314,14298.064631061328,15917.36671756668,27841.490523781267
test,1732,79,35.050537109375,-88.20520782470703,47.627685546875,-87.74154663085938,47.600341796875,15.605441570281982,1295.2289011095836,1322.4287850150345,10097.29933711634,509.8576985501466
test,1733,70,126.51667022705078,-92.30484771728516,29.5533504486084,-93.330810546875,29.78421974182129,17.195694983005524,10443.657861479294,10187.47183652285,19069.475359763986,14086.603755441609
test,1734,60,123.0479507446289,-117.84150695800781,32.95354080200195,-118.2187271118164,33.76129150390625,5.907549023628235,8624.383808224064,8619.947881558764,7534.204533963143,10023.678558093916
test,1735,79,31.975969314575195,-71.2038803100586,41.217498779296875,-71.40766143798828,41.43164825439453,22.992478370666504,2110.5704723156978,2116.062454533867,16411.870253583587,1919.5742298356256
test,1736,79,224.51995849609375,-71.40818786621094,41.431640625,-73.4986801147461,40.527278900146484,13.122483730316162,4254.587559755367,4256.968807634869,16736.335974203124,22513.38632612354
test,1737,79,59.46940231323242,-89.37167358398438,28.837820053100586,-88.8177490234375,28.679929733276367,27.45553731918335,2419.3226417016544,2431.861557762965,35935.61439182188,3976.7592954334878
test,1738,71,33.25629425048828,-79.11712646484375,26.40764045715332,-78.87169647216797,26.461380004882812,12.099696636199951,3769.01655783658,3780.522431164025,9939.896899360952,3532.647041997733
test,1739,80,222.02749633789062,-115.94432830810547,24.47120475769043,-117.71488189697266,25.659969329833984,71.46784782409668,1475.7310906342127,1498.894593139923,43133.78410108586,856.0013182108269
test,1740,89,23.827747344970703,-96.47624969482422,27.763399124145508,-96.30242919921875,27.85862922668457,23.908857345581055,4954.722540247279,4968.325046238413,18771.55354362492,2298.7423287101988
test,1741,89,63.36410903930664,-96.29863739013672,27.859800338745117,-96.21578979492188,27.529199600219727,14.763957619667053,10702.670292866798,10694.838083923396,13691.007128051631,10706.49793683797
test,1742,70,187.5997314453125,-73.66602325439453,40.514530181884766,-73.43000793457031,39.11159133911133,3.5456249713897705,10316.40141379137,10317.64082461753,11604.609704187798,15377.72132852066
test,1743,80,275.4316711425781,-118.12914276123047,33.70709991455078,-120.86441802978516,34.43758010864258,4.98103654384613,8210.620300864879,8196.53290507216,4544.529219054417,5486.534759515587
test,1744,70,23.369125366210938,-83.91486358642578,23.832544326782227,-84.14404296875,23.846759796142578,27.654303550720215,1583.2572643284502,1629.8405157410355,27757.44056899784,145.9576013864397
test,1745,80,26.763221740722656,-121.9969482421875,32.708473205566406,-121.74394226074219,32.59661102294922,36.28259038925171,240.51521244952474,293.5732059540795,36091.44606810213,129.19460327564133
test,1746,80,42.68608093261719,-94.6678466796875,29.198999404907227,-94.52307891845703,28.919490814208984,1.6287557482719421,4094.977958617667,4107.401525391082,4784.91544510937,3195.2804163293513
test,1747,80,147.68678283691406,-94.52306365966797,28.919370651245117,-94.68862915039062,29.19738006591797,3.420799970626831,22429.879878808842,22435.95088270348,18955.31296856847,22502.778256131027
test,1748,70,34.301090240478516,-75.84252166748047,34.44779968261719,-76.08821868896484,34.22163009643555,23.546403408050537,3463.637158486224,3468.524349188624,19980.893745319892,1409.128557610357
test,1749,71,106.69596862792969,-120.1657943725586,34.27942657470703,-121.2763900756836,34.55379867553711,18.395158767700195,3543.902819959974,3541.1655038155163,8207.03367996558,1287.3775016073278
test,1750,70,142.05419921875,-80.54418182373047,31.98381996154785,-79.77503204345703,30.92490005493164,7.671162247657776,3886.376700813121,3892.7259161158413,7761.6296152638515,3374.9357311146123
test,1751,89,120.82012176513672,-94.6156005859375,29.300390243530273,-95.21048736572266,28.90233039855957,9.91640329360962,14874.618117412552,14882.135853575832,9100.082471229387,20458.557058002425
test,1752,70,35.53056335449219,-64.9460220336914,18.33510971069336,-64.78569030761719,18.057819366455078,3.1505569741129875,1864.7954714847917,1988.044210380218,3700.534464525268,862.6069200149628
test,1753,80,135.67799377441406,-94.70369720458984,28.448230743408203,-94.78195190429688,29.31768035888672,13.621303081512451,20794.850094691403,20822.288089292775,62770.86350634393,23476.697943352996
test,1754,80,32.22570037841797,-94.5354232788086,28.63874053955078,-94.70292663574219,28.431499481201172,7.342676639556885,1389.509928710379,1404.9527194810603,4453.755067193997,2038.7698472296147
test,1755,80,128.93313598632812,-94.78204345703125,29.31757926940918,-94.42633056640625,28.384090423583984,4.5776625871658325,9366.796117864302,9400.870405898253,4515.432485270331,15376.283580476453
test,1756,70,318.3824462890625,-68.2881851196289,40.75342559814453,-71.1522216796875,38.92673873901367,39.85162353515625,7604.040432549137,7618.7715966059495,25435.08458500619,3776.3236198247255
test,1757,89,406.92041015625,-68.4561996459961,17.209999084472656,-64.7503662109375,17.698230743408203,26.023975372314453,9946.182908298395,9967.176256150977,49666.6836931754,6526.562606126518
test,1758,84,350.0610656738281,-91.90928649902344,27.148500442504883,-94.46566772460938,29.26020050048828,11.41601276397705,10768.175594528273,10784.088976675892,10319.339688019765,9357.345920902113
test,1759,70,429.8515319824219,-92.10604095458984,46.76927185058594,-86.72160339355469,47.347938537597656,3.3327168226242065,5833.1252841772075,5841.996349871227,4315.431325727582,30505.283411487548
test,1760,71,187.09033203125,-118.27345275878906,33.75149917602539,-119.99624633789062,34.24314880371094,2.0724952816963196,6139.099422890958,6155.90418973409,717.9495387677733,8936.231171166213
test,1761,70,93.2762451171875,-62.43054962158203,44.12556457519531,-63.33866882324219,43.60126876831055,76.76066398620605,1950.1102907034424,1959.6999458588134,66209.27710727924,102.4420295940729
test,1762,70,47.891761779785156,-89.1709213256836,48.427730560302734,-89.08228302001953,48.104820251464844,11.81261420249939,8363.112445045883,8376.669816845348,11576.854087872367,7280.575985004651
test,1763,80,29.61599349975586,-79.71402740478516,43.37208938598633,-79.36443328857422,43.29935073852539,10.59634017944336,785.8815712874585,803.0036236034446,10165.61451697775,398.70942168070314
test,1764,80,30.95868682861328,-79.3518295288086,43.28971862792969,-79.71405792236328,43.372039794921875,7.229722738265991,1705.8892216275108,1709.5735871661,6347.031800252097,507.58196008409465
test,1765,70,320.1524353027344,-120.76463317871094,33.181861877441406,-118.21708679199219,33.769710540771484,23.69224750995636,41211.09232200041,41174.012694852405,23025.04739562367,45177.586993406294
test,1766,70,347.9341125488281,-118.21707153320312,33.769691467285156,-121.0483169555664,32.628631591796875,7.3493756875395775,21069.500824591294,21066.051445699562,6702.812492732999,37517.77230117368
test,1767,60,30.345569610595703,-66.80487823486328,45.0059700012207,-66.74783325195312,44.75904083251953,1.1004009172320366,2830.252440944525,2862.39850708923,1260.30803280765,1738.7145703952642
test,1768,60,34.35318374633789,-66.72991180419922,44.763179779052734,-66.81027221679688,45.0194091796875,1.1046743988990784,2570.744467606511,2586.1260545607,3632.57053180525,2631.7368371129733
test,1769,60,33.34129333496094,-66.72750091552734,44.78125,-66.81089782714844,45.022090911865234,0.8848921060562134,4035.4732937100566,4047.364980703312,2845.5816341160676,2774.9361539601005
test,1770,81,59.82144546508789,-82.4272689819336,24.318279266357422,-83.0171127319336,24.297819137573242,10.647466659545898,1835.5680240491831,1785.0886061120352,10425.578478858753,92.05836222888402
test,1771,70,107.29490661621094,-66.3162612915039,40.48838424682617,-66.97884368896484,39.667808532714844,56.86844062805176,2088.9236707437753,2111.713435709795,35222.58941865508,311.78794187857227
test,1772,70,194.74996948242188,-83.15294647216797,44.62763977050781,-84.54759979248047,45.740989685058594,43.562591552734375,4550.969020788009,4570.019573171184,24632.39681720278,26677.022108819918
test,1773,79,310.60955810546875,-91.67191314697266,47.01462936401367,-87.6844482421875,47.59592819213867,10.627634286880493,5712.926628405626,5741.978210808641,10607.037426353088,7923.907870395255
test,1774,70,80.3344497680664,-83.63682556152344,45.703460693359375,-83.0262680053711,45.125938415527344,22.786272525787354,3062.8548209877717,3083.1564769980037,12442.77572728493,1085.387161917172
test,1775,60,182.12014770507812,-117.23536682128906,32.69456100463867,-119.12976837158203,32.70832824707031,0.675372526049614,4918.754211053045,4965.332901865045,1271.0240144720983,3912.6980617623813
test,1776,60,178.7727508544922,-119.12950897216797,32.70872116088867,-117.2317886352539,32.66481018066406,2.836434006690979,4364.971321151387,4367.152595808271,14146.41025643228,1278.8898087267712
test,1777,60,175.47438049316406,-117.23124694824219,32.68022918701172,-119.07904815673828,32.70589065551758,1.9433485269546509,6561.406711449644,6516.526244320727,1952.2730457171488,1816.631836150736
test,1778,60,27.199411392211914,-118.2706298828125,33.73501968383789,-118.0451431274414,33.66228103637695,0.0031211551977321506,3009.2430966029424,3065.805148560277,3150.604432357546,2419.6095308674826
test,1779,70,157.7413330078125,-92.79483032226562,28.207429885864258,-92.30467224121094,29.554109573364258,32.63822269439697,3015.816216569522,3060.272079476416,33596.67130959316,933.2607044040267
test,1780,60,71.23216247558594,-74.0435791015625,40.10261917114258,-73.9659194946289,40.497520446777344,9.72185754776001,7999.345859512577,6971.2405030323325,9308.30381461307,8458.304989724467
test,1781,70,77.4884033203125,-96.4064712524414,27.660430908203125,-95.80668640136719,27.303869247436523,20.95500087738037,5035.9004093391895,5050.297421369367,14735.629901257667,3465.532517305386
test,1782,80,29.549299240112305,-96.35579681396484,27.66489028930664,-96.20767974853516,27.498899459838867,3.426040768623352,3762.326507600492,3766.233772623819,4361.2007170678635,2844.5922443343293
test,1783,80,302.5689392089844,-93.85054016113281,29.706209182739258,-92.14000701904297,27.548349380493164,5.703315019607544,3360.417628925777,3402.3048674530064,3116.296388733218,14274.09972610856
test,1784,80,99.27789306640625,-94.46941375732422,28.97553062438965,-95.30889892578125,28.94001007080078,9.90447449684143,8546.38631530998,8587.689980039237,6220.4010611606245,9048.275522859616
test,1785,80,153.3723602294922,-95.30889129638672,28.94001007080078,-94.4274673461914,27.865259170532227,1.1446724757552147,3591.612144430817,3614.843206520824,2599.7400646007954,7295.525578479096
test,1786,80,101.7252197265625,-73.68054962158203,40.4911003112793,-73.06334686279297,39.786800384521484,9.519660949707031,7714.263225595095,7749.240409148552,6226.709155528644,7096.712965643642
test,1787,70,67.5845947265625,-88.0933609008789,30.083650588989258,-88.0322494506836,30.657440185546875,0.25225116312503815,1679.1323278243676,1765.6172348446453,734.4274280607573,2994.697558185158
test,1788,70,23.444896697998047,-88.03235626220703,30.657289505004883,-88.01380157470703,30.447689056396484,0.6631594432983547,1747.3824149060983,1808.4202319369674,655.0975689664702,188.66184888324577
test,1789,89,50.97159194946289,-95.31710815429688,28.943410873413086,-94.97235107421875,28.603519439697266,4.140041157603264,2939.8930831926104,3012.3377069356375,4009.6512555089116,793.5126070411106
test,1790,70,46.52121353149414,-64.94599914550781,18.33509063720703,-64.7751235961914,17.952110290527344,0.265121890231967,1525.574638480883,1632.9154140342848,426.00793520391244,279.1612563007578
test,1791,84,96.76271057128906,-79.43920135498047,26.22620964050293,-79.34423065185547,27.085979461669922,5.378544092178345,2484.543467590808,2480.054508912588,2509.777875484788,1804.0847868541396
test,1792,79,144.97906494140625,-85.05351257324219,46.891944885253906,-86.70243835449219,47.55916976928711,39.07946968078613,5633.293759107218,5613.983125157045,37461.482364972864,314.4213147946773
test,1793,80,124.8311538696289,-124.535888671875,33.19562530517578,-123.31134033203125,33.65843963623047,62.913421630859375,1700.7103799079453,1724.8517645089412,55192.87573282041,892.8373755717512
test,1794,60,191.075927734375,-92.38928985595703,27.69853973388672,-93.84042358398438,28.827749252319336,19.711602210998535,5427.549515491832,5431.727580660117,9143.146485718968,5089.109202049903
test,1795,70,125.18781280517578,-117.51371765136719,31.867385864257812,-117.05323791503906,31.34634017944336,12.921708106994629,12008.468622607414,12019.030995667146,22976.26835081169,11529.80439368103
test,1796,70,354.8845520019531,-84.3517074584961,46.502281188964844,-82.40762329101562,43.74544143676758,0.7394388169050217,13885.19970586043,13861.848263767972,1644.1736994595271,14267.12887164378
test,1797,70,84.650390625,-86.58689880371094,28.4002742767334,-87.10415649414062,29.011550903320312,22.792437970638275,2631.0981094129575,2700.3527486537705,20951.3910863948,149.60942834079617
test,1798,70,171.65206909179688,-82.50743103027344,43.70116424560547,-83.3809814453125,45.03826141357422,20.616579055786133,4352.134455913904,4359.752360520228,17474.507747338917,7247.087806103806
test,1799,70,115.55779266357422,-86.45650482177734,45.03059387207031,-85.87187957763672,45.96965026855469,8.354471683502197,2540.1543192381437,2537.7584717740056,8548.700316007536,2665.02021609662
test,1800,70,75.83001708984375,-85.87184143066406,45.9687614440918,-86.53784942626953,45.51390075683594,20.034420013427734,8112.089786995614,8110.769173838946,16961.745037868495,5810.892228478105
test,1801,70,77.23722076416016,-86.5556411743164,45.51539993286133,-85.87187194824219,45.969478607177734,3.8726368080824614,6682.987149299478,6675.395939020192,4012.6300135123874,4735.537101165306
test,1802,70,100.933349609375,-85.87190246582031,45.96931838989258,-84.65296936035156,45.7859001159668,10.633688760455698,6429.111058185806,6416.443576608853,10266.398942774116,2579.2251803921063
test,1803,79,103.3983383178711,-91.67192077636719,47.01464080810547,-90.38855743408203,47.30479049682617,4.08122869534418,3362.423277394268,3360.2900964979926,5758.784954278706,1350.263610881098
test,1804,70,39.243507385253906,-88.86112976074219,29.29442024230957,-89.04522705078125,28.988840103149414,5.025735855102539,1744.9005434546202,1777.1071568455707,8214.953108636326,1782.4990419598344
test,1805,60,48.165557861328125,-87.60384368896484,41.83386993408203,-87.24031066894531,42.16912078857422,17.914092540740967,1084.9718640048716,1108.90047698813,12244.216940745715,496.60084270136474
test,1806,70,118.03709411621094,-118.22216796875,33.73305892944336,-117.8682632446289,32.74924087524414,1.7753515243530273,4016.808377812394,4025.4379971023313,1060.7853208802794,3016.383876716949
test,1807,89,24.65052604675293,-96.45255279541016,27.75752067565918,-96.21421813964844,27.777130126953125,16.313993453979492,2643.2217795365796,2661.421951417232,16768.624870199896,1477.4609780122094
test,1808,70,74.93196868896484,-75.23600006103516,39.01124954223633,-74.75141143798828,38.4657096862793,16.264522790908813,2730.0616579055363,2732.028918998007,15521.341300531689,627.0592806357508
test,1809,70,89.69160461425781,-117.99694061279297,27.11666488647461,-117.30011749267578,26.602760314941406,37.6252965927124,1128.9687579809606,1146.5714179353213,37393.29500512874,62.055590220853674
test,1810,70,25.380149841308594,-73.20651245117188,37.26097869873047,-73.22637176513672,37.488460540771484,31.668540954589844,1107.9869938284912,1138.829884970584,26462.72444176636,285.6196214735399
test,1811,89,158.6688232421875,-65.62784576416016,19.338674545288086,-66.14926147460938,18.663959503173828,38.45939636230469,22576.048179112844,22589.012760251295,57244.46393151251,22948.212294289766
test,1812,80,317.469482421875,-119.35977935791016,31.93151092529297,-119.22715759277344,29.404830932617188,85.8291015625,28040.219880370812,28048.718130356556,124168.82966823528,26596.85951434475
test,1813,70,345.2288818359375,-84.3533935546875,46.50288009643555,-82.43817138671875,43.824378967285156,1.3182340608909726,12964.919941132088,12954.515030441691,1243.242505572231,14502.171777603578
test,1814,70,23.81252098083496,-118.20791625976562,33.74354934692383,-118.2012710571289,33.545841217041016,1.5863203704357147,1685.013858091757,1735.4839075220948,1360.6492878739766,1152.7281523217478
test,1815,70,103.34465789794922,-80.11998748779297,26.089250564575195,-79.57808685302734,25.387910842895508,3.580805480480194,3009.0334627746397,3043.196002143679,5141.472983236006,10402.286003924524
test,1816,70,116.11434936523438,-74.48914337158203,37.7552604675293,-74.91136169433594,38.70711898803711,10.388054370880127,8329.23197234421,8328.507606596066,7134.094334101416,7627.298485617221
test,1817,84,88.95507049560547,-81.524658203125,24.380325317382812,-82.39656829833984,24.303220748901367,7.425678133964539,2355.947425120174,2370.420333590239,9009.698033288205,892.6021095732335
test,1818,70,61.57090759277344,-89.18721008300781,48.44581985473633,-88.48050689697266,48.23344039916992,2.810482978820801,4190.6558438994925,4163.562936472544,1892.5276431538123,5458.091929581048
test,1819,70,492.38818359375,-84.92822265625,46.77751159667969,-91.13252258300781,47.013370513916016,26.156289100646973,10338.218414745174,10349.816773816694,16859.13000192432,36058.55637110522
test,1820,70,354.8845520019531,-84.3517074584961,46.502281188964844,-82.40762329101562,43.74544143676758,0.7394388169050217,13885.19970586043,13861.848263767972,1644.1736994595271,14267.12887164378
test,1821,70,112.93318176269531,-79.3079833984375,31.79080581665039,-80.44983673095703,31.974760055541992,20.556512117385864,5397.637304920837,5407.1117355596525,21026.56074268164,5923.952679337257
test,1822,70,26.870176315307617,-76.4359130859375,38.606815338134766,-76.4189224243164,38.847328186035156,9.155501365661621,2274.3970902700553,2283.3171011029362,9593.864762552772,508.0851687131975
test,1823,70,110.21000671386719,-87.28993225097656,43.87890625,-87.90145111083984,43.01639938354492,38.09211540222168,7966.57203013565,7950.887335279265,30609.367073544447,3058.401103737777
test,1824,70,286.07781982421875,-87.9014663696289,43.0163688659668,-85.86427307128906,45.083560943603516,19.943286955356598,10613.067192413238,10610.08324461584,14968.193342321607,4485.8549233483645
test,1825,70,211.22027587890625,-89.51555633544922,47.315574645996094,-92.13572692871094,46.75212860107422,2.0882323384284973,7899.159632655237,7897.5897023817615,1654.5159668183994,4329.963248420255
test,1826,60,156.6573486328125,-117.23526763916016,32.69459915161133,-118.81717681884766,32.76740646362305,4.078822288662195,5223.448257519105,5260.492445839903,26717.99284425274,5499.552902440282
test,1827,70,56.710453033447266,-116.45234680175781,30.223520278930664,-116.32613372802734,29.72606086730957,27.71349811553955,1534.6855702450841,1544.101250266898,27852.076569944416,244.29443939246022
test,1828,80,32.646240234375,-121.4982681274414,34.08323669433594,-121.30380249023438,33.83794021606445,22.127371788024902,290.58237095570615,342.3466197814415,21717.184163356927,57.93477837579854
test,1829,89,119.52667999267578,-65.07430267333984,18.759475708007812,-64.10041809082031,18.603830337524414,30.590687036514282,17238.09710531744,17228.18366449179,27788.68175086591,12801.495096680685
test,1830,79,171.64212036132812,-79.52731323242188,30.93538475036621,-81.29051971435547,30.73594093322754,45.54408073425293,5014.4383599605035,5029.825570462607,38102.907761949806,2091.1797073771736
test,1831,70,119.32225036621094,-80.42233276367188,42.32279968261719,-79.24620056152344,42.897769927978516,1.7272020280361176,3758.754787749907,3802.2440678957237,1417.554568190364,6895.075918739987
test,1832,70,28.6121768951416,-116.36636352539062,28.459674835205078,-116.28643035888672,28.212169647216797,25.018067359924316,767.4067142092224,791.5645305978416,25031.5634295633,32.26612123572277
test,1833,84,135.06419372558594,-95.33136749267578,28.934850692749023,-94.42144775390625,28.047550201416016,1.5627574622631073,2802.099678501704,2844.2505364375493,1265.3800933383545,2160.5333425557237
test,1834,60,306.4377746582031,-94.27359771728516,29.069679260253906,-91.96012878417969,27.250730514526367,4.116642951965332,7422.111426736039,7427.08400393359,2258.3311058108097,8229.975743813522
test,1835,60,33.83899688720703,-66.8006591796875,44.993919372558594,-66.73648071289062,44.80897903442383,2.6807907819747925,5582.885624477439,5580.484277368237,2975.4461450657786,4982.698571318871
test,1836,60,26.925113677978516,-66.73548889160156,44.81483840942383,-66.81017303466797,45.04718017578125,0.13364075310528278,1603.1182249224169,1639.350611978514,319.1886593056319,407.0316240460115
test,1837,60,28.316673278808594,-66.73548126220703,44.801979064941406,-66.81005859375,45.04682159423828,0.07844745670445263,1574.3783220748805,1625.2098287977676,183.93247091294174,508.5295841219976
test,1838,60,33.818634033203125,-66.81005859375,45.04682159423828,-66.73629760742188,44.754188537597656,0.1517896386794746,1739.7790002538175,1813.9801938712892,458.19576997276204,592.3336993563515
test,1839,70,303.10638427734375,-83.79078674316406,45.86824035644531,-82.38432312011719,43.42734909057617,22.157400608062744,9962.724948869938,9985.263615341999,13558.441661510951,18934.97317320404
test,1840,70,76.57034301757812,-92.018798828125,46.69969940185547,-91.17537689208984,47.0654411315918,1.7210763562470675,2871.9742070962507,2880.6223273838773,1892.4139690727118,376.91681423616666
test,1841,80,96.84004211425781,-76.17668914794922,37.69860076904297,-75.96128845214844,36.93600845336914,11.5324387550354,5237.149637503267,5246.917281605717,6301.8789437484775,5163.609705814208
test,1842,70,216.75758361816406,-85.11738586425781,45.828006744384766,-83.40617370605469,45.06821060180664,13.549736738204956,21654.97038112965,21827.73169363162,26083.52211705188,25322.70451762411
test,1843,70,489.0886535644531,-83.4062728881836,45.06808853149414,-87.80487060546875,44.7453498840332,38.375868797302246,28803.22626732315,28820.529389537493,60461.23986074736,71421.3254558326
test,1844,70,176.52235412597656,-87.81533813476562,44.73088073730469,-86.15142822265625,45.67121124267578,14.6388019323349,8619.655413071945,8547.497799570854,14147.786689839135,9967.300650829631
test,1845,60,156.8004608154297,-117.23526763916016,32.69459915161133,-118.81867218017578,32.7675895690918,4.037317428737879,5219.736028864846,5238.46434685548,26666.549913770737,5501.747998631571
test,1846,60,21.706144332885742,-118.80271911621094,32.76588821411133,-119.00752258300781,32.84471893310547,12.805418491363525,941.5317948316422,964.403681030069,13086.594939053719,595.0110707065145
test,1847,70,54.70378875732422,-89.64937591552734,28.851455688476562,-89.1319580078125,28.66122055053711,13.04047441482544,2375.980102192909,2387.220303239174,7554.96817589704,140.3423532761918
test,1848,70,67.76398468017578,-88.8611068725586,29.29435920715332,-89.20110321044922,28.849510192871094,7.131837368011475,4753.014522086307,4771.189861511205,5984.462937922089,7926.042353757417
test,1849,79,234.70167541503906,-74.06938171386719,40.62928009033203,-71.51908111572266,41.025489807128906,15.863060295581818,10109.906918436112,10086.676134177222,20659.700391470502,17342.829631856268
test,1850,60,68.01809692382812,-73.40933990478516,40.34100341796875,-72.6989517211914,40.6256217956543,26.75899600982666,3145.288085643499,3181.1684455219693,16451.039160362903,260.66681506983167
test,1851,60,47.90428924560547,-72.6863021850586,40.63631057739258,-73.1809310913086,40.42612838745117,19.615196228027344,1036.472691076342,1051.3277666744352,15732.416164886825,121.17864719264894
test,1852,74,30.615684509277344,-120.37049865722656,34.286251068115234,-120.04766845703125,34.21866989135742,3.3118468821048737,770.0265374918179,783.5517401447172,3039.6817738128607,47.5402197596682
test,1853,70,113.9448013305664,-94.44709777832031,29.232820510864258,-94.416259765625,28.221359252929688,11.68868350982666,5087.086128593073,5101.5085646692505,9500.210463644216,1410.9552915254665
test,1854,80,28.791858673095703,-94.41213989257812,28.898235321044922,-94.49523162841797,29.133760452270508,6.4368122816085815,793.8970794820409,815.1032459518818,10231.588938730358,1982.5347263373778
test,1855,74,45.815433502197266,-74.69435119628906,34.156166076660156,-74.6789779663086,34.567718505859375,33.65815734863281,1915.6049020437279,1955.9340932203734,33056.89072752854,251.84299839090275
test,1856,80,38.20058059692383,-115.44642639160156,25.576955795288086,-115.14647674560547,25.365619659423828,20.766987800598145,383.74995016414806,430.7313944429303,20462.70107865836,54.143973814598716
test,1857,80,299.8197326660156,-79.15228271484375,26.299129486083984,-80.49040222167969,24.169570922851562,5.692753076553345,11080.298671059516,11069.911738676448,4825.098685851181,20652.88206442566
test,1858,70,146.79788208007812,-68.99931335449219,40.56294631958008,-70.72373962402344,40.621829986572266,14.662830352783203,3686.7629842963174,3687.1056157710063,10291.612903799905,2546.3438059105465
test,1859,80,195.02688598632812,-79.55958557128906,25.56849479675293,-80.4938735961914,24.24555015563965,10.149027824401855,4553.7399136717695,4546.055977194349,10176.038857371332,21267.486748734627
test,1860,80,933.8721923828125,-118.24198150634766,33.765018463134766,-124.71891784667969,39.43107986450195,20.307740688323975,15807.71097569926,15816.857454764033,19910.853467718305,87114.75323632661
test,1861,84,64.19830322265625,-92.6102523803711,27.904569625854492,-92.15001678466797,27.496999740600586,8.264312744140625,1491.7466805711445,1515.141198405272,4913.829798446033,512.5326175739009
test,1862,80,131.5597381591797,-72.06717681884766,40.52682113647461,-73.61798858642578,40.484718322753906,13.57666826248169,3529.273072438724,3516.591464149251,12496.841446077455,614.6972009466206
test,1863,80,31.934972763061523,-95.24679565429688,27.687349319458008,-95.42310333251953,27.580150604248047,23.255035400390625,4560.29593142839,4578.529870731872,16580.278901936243,4611.11114223873
test,1864,70,283.2770080566406,-89.34947967529297,28.89314079284668,-88.03642272949219,30.70284080505371,14.596266150474548,11658.305735631706,11468.048232435955,12764.93210845484,20645.534148702212
test,1865,71,200.78033447265625,-116.59880828857422,29.572664260864258,-115.87442779541016,27.9000301361084,16.208512783050537,7078.811801831926,7102.467451613995,16766.055237718647,4897.442804217366
test,1866,70,103.11814880371094,-120.23626708984375,34.301021575927734,-121.32849884033203,34.49850082397461,1.2653695344924927,5645.989469682343,5647.842862706534,974.1161204097873,1799.0100247706187
test,1867,84,120.7130126953125,-80.18375396728516,25.021589279174805,-79.48188018798828,25.902679443359375,15.87206220626831,6108.42197158861,6112.405418344855,14201.468723353984,412.20932486010474
test,1868,70,90.8194580078125,-81.76863861083984,41.82221603393555,-82.73155975341797,41.45909118652344,18.212423011660576,3468.250307261767,3481.221887639663,10627.975311518658,1196.7044743357947
test,1869,70,139.43377685546875,-82.73204040527344,41.45766067504883,-83.45950317382812,41.69491958618164,8.678327329456806,25790.581359319633,25787.861679245805,5762.3281389423355,30329.852400163996
test,1870,70,159.37388610839844,-83.45945739746094,41.69485855102539,-81.6672134399414,42.011539459228516,22.86805808544159,7558.624254519225,7353.257760120953,12484.640257179051,4875.4170290959655
test,1871,74,525.674560546875,-79.95481872558594,27.21820068359375,-82.73613739013672,24.299970626831055,26.909352958202362,10719.239262373689,10718.087612726908,25991.495626588145,83515.48651904608
test,1872,70,29.4379940032959,-88.05616760253906,30.07155990600586,-87.85939025878906,29.916650772094727,4.9050376415252686,4784.72319445029,4787.560747721518,5615.456009086231,3018.9714902838814
test,1873,70,86.1001205444336,-84.70433807373047,45.81200408935547,-83.77806091308594,45.42940902709961,5.091914176940918,2315.874189741306,2316.0209928812073,3534.1709256375243,2787.0237075712403
test,1874,70,233.2672882080078,-83.1148681640625,45.105838775634766,-82.41230010986328,43.08995819091797,11.551428079605103,9248.162973368004,9271.945893636836,10119.597427993018,7059.309976929242
test,1875,70,185.93154907226562,-82.41409301757812,43.07289123535156,-83.54206085205078,44.238311767578125,7.035130858421326,13400.466290677965,10275.824068204169,3760.447752683972,26934.986461403663
test,1876,79,47.33012771606445,-84.68017578125,45.8231315612793,-85.25945281982422,45.855831146240234,9.245992660522461,2342.979585986674,2341.5514466424565,7436.6779406008445,1224.1045857334916
test,1877,79,87.39144897460938,-85.25218200683594,45.85401153564453,-86.15509033203125,45.55731964111328,19.216694355010986,3264.373222305739,3269.817783687753,9962.7424345661,10514.241753341832
test,1878,70,204.8787384033203,-87.41133117675781,41.64390182495117,-87.74330139160156,43.38505935668945,13.453388452529907,4044.1918951072653,4058.790778074556,11145.41233722013,6517.367039780533
test,1879,60,32.533973693847656,-89.30187225341797,29.360000610351562,-89.11473846435547,29.579870223999023,15.723297595977783,3545.6673158404765,3490.0611228834096,14977.321042467438,2322.095933184554
test,1880,68,68.8505859375,-97.06114959716797,27.847089767456055,-96.36846923828125,27.835800170898438,1.1374088716693223,2211.206408670883,2252.339508750178,1945.597972592563,1091.2341077723981
test,1881,89,109.339599609375,-80.12193298339844,26.09115982055664,-79.93878173828125,26.198789596557617,24.633426904678345,7281.088280895007,7205.138462940676,17604.6307430192,8645.08640431382
test,1882,89,51.64537048339844,-79.899658203125,25.787269592285156,-79.84832000732422,25.33238983154297,33.306349754333496,3082.014289602769,3074.30138759584,27003.392649233723,2116.816338700934
test,1883,89,24.03929901123047,-79.85276794433594,25.32101058959961,-79.95008087158203,25.123729705810547,41.29632568359375,1757.5400142130172,1770.8463131377532,41454.535282522185,84.86663234254324
test,1884,70,34.714271545410156,-90.29273223876953,28.837600708007812,-90.42285919189453,28.54715919494629,11.497600078582764,2098.3267906130354,2109.2878408251595,11928.317749944194,113.483796195241
test,1885,60,62.102943420410156,-72.539306640625,40.69852828979492,-73.1809310913086,40.42612838745117,38.02326774597168,530.2533305483438,588.5471812396695,29696.00872893772,114.13512500813242
test,1886,71,181.31784057617188,-120.29576873779297,34.27031326293945,-118.48686218261719,33.66545104980469,18.80035924911499,9444.493198428809,9293.243315557856,26759.400462817383,5271.066141407545
test,1887,70,106.91975402832031,-124.64299011230469,38.434326171875,-123.47702026367188,38.14476013183594,41.85252094268799,3103.032483647589,3101.4228773417285,23462.93683633817,276.7039629180563
test,1888,80,38.25828552246094,-94.4948501586914,29.13258934020996,-94.7074203491211,29.344829559326172,0.9093904793262482,2925.882099127083,2942.9116891950885,825.2422149595046,4621.18454981116
test,1889,80,24.820743560791016,-94.72386932373047,29.34518051147461,-94.53294372558594,29.212860107421875,1.3946672081947327,1429.0289286983827,1440.8174942771286,987.963067560053,1512.2039655285535
test,1890,70,44.388404846191406,-76.12973022460938,37.175689697265625,-76.23486328125,37.00706100463867,0.3644992485642433,6666.846032383631,6679.475655528885,833.8755657071919,8986.179430275779
test,1891,74,551.206298828125,-75.07939147949219,35.23430633544922,-79.55682373046875,32.170528411865234,23.13086223602295,5815.472780464312,5814.726022413847,24051.07386095839,28463.87868425916
test,1892,80,247.45718383789062,-94.63999938964844,29.190330505371094,-96.35637664794922,27.700719833374023,5.206033080816269,16038.41893786839,16044.390029373822,30437.939449150093,8421.850638665706
test,1893,80,173.76593017578125,-96.35582733154297,27.699430465698242,-95.60778045654297,27.747779846191406,8.972068428993225,24216.61715402032,24217.910029500716,18071.10286016405,25350.655330060166
test,1894,71,46.24322509765625,-119.88571166992188,27.445995330810547,-119.53401184082031,27.17160987854004,13.8507080078125,146.92544811288005,239.18480195542983,13832.390710953621,46.49369220816055
test,1895,70,84.25287628173828,-80.1622314453125,29.487470626831055,-79.65699005126953,28.871509552001953,51.581960678100586,4203.05230488529,4190.189787658923,48605.463890265884,152.46073158780487
test,1896,89,189.6503143310547,-65.24443817138672,19.61805534362793,-64.10336303710938,18.60784912109375,15.406882762908936,6151.091438990619,6161.818239573795,10986.880380209055,8720.228596849882
test,1897,89,50.736549377441406,-79.59239959716797,25.42695426940918,-79.55098724365234,25.880680084228516,35.12760925292969,987.1471104579704,1019.2133681912405,35247.41774990387,463.4788977302501
test,1898,74,34.031089782714844,-69.63002014160156,18.424789428710938,-69.69436645507812,18.159700393676758,19.695905338041484,4499.511308618652,4510.60830179663,17451.147795366694,2441.6506905909855
test,1899,70,54.31516647338867,-80.0000228881836,24.5574951171875,-79.66414642333984,24.89727020263672,11.501962661743164,3847.6147433372967,3863.854952510222,8600.82698326286,4993.864370347501
test,1900,70,73.44173431396484,-80.12001037597656,26.090330123901367,-79.9979476928711,25.480140686035156,8.747808575630188,1777.2020568254882,1829.5613573764697,8693.951479656022,4460.069892776802
test,1901,70,76.5151596069336,-79.99797058105469,25.476699829101562,-80.32058715820312,24.879240036010742,25.251681327819824,2387.9756410673367,2387.767519132496,13710.901243485023,5193.77732253249
test,1902,70,166.4723663330078,-80.11998748779297,26.089290618896484,-79.43450927734375,24.826509475708008,0.305405663093552,4294.868848623454,4320.6006218735165,1153.283580968679,13529.410766401437
test,1903,60,118.74663543701172,-80.12007904052734,26.096050262451172,-79.02542877197266,26.374380111694336,2.9591372162103653,3892.6486149619054,3921.581496325197,4993.818883040486,4376.167736228349
test,1904,70,23.884233474731445,-85.0171890258789,46.81644821166992,-84.80795288085938,46.669830322265625,11.519017696380615,2472.982072764787,2435.7755969204113,12142.267615048177,1760.131617168363
test,1905,60,58.20705032348633,-70.75334167480469,41.648101806640625,-71.34906005859375,41.43387985229492,19.456221103668213,4530.901560354525,3512.0638582918373,11104.45119930084,5031.948432108236
test,1906,70,29.4379940032959,-88.05616760253906,30.07155990600586,-87.85939025878906,29.916650772094727,4.9050376415252686,4784.72319445029,4787.560747721518,5615.456009086231,3018.9714902838814
test,1907,70,32.70796203613281,-75.97232055664062,36.83198165893555,-75.85102081298828,37.085418701171875,15.82921028137207,3132.1852163258823,3192.8745352957435,9223.40600242089,2358.590886552807
test,1908,70,31.108530044555664,-75.85102081298828,37.085418701171875,-75.9709701538086,36.83015060424805,17.698447227478027,1344.7329462481666,1410.105362894618,13396.68167515779,1215.965869977834
test,1909,70,354.644775390625,-92.07215118408203,46.73191833496094,-87.6423110961914,47.5702018737793,4.159220457077026,9750.262695048561,9768.66880910053,3299.1534907115633,12997.734248795648
test,1910,79,157.58392333984375,-91.6718978881836,47.01462173461914,-89.69223022460938,47.40803146362305,14.857309999875724,3115.018840386379,3114.074345208235,14860.319245101105,2385.0862690617614
test,1911,70,361.7023010253906,-92.01856994628906,46.69744873046875,-87.49022674560547,47.546478271484375,4.588196232914925,6433.526419714504,6436.735381380363,5096.027031124711,16895.463295190642
test,1912,68,89.38893127441406,-97.06114196777344,27.847070693969727,-96.16056060791016,27.835140228271484,13.638203620910645,2759.7144763404203,2822.2252943538233,20842.48820330108,1143.3467258161127
test,1913,70,173.61770629882812,-94.39607238769531,27.9106502532959,-94.78292846679688,29.3227596282959,23.1290922164917,5930.071161675008,5973.994681634258,25480.205797383693,8829.79256958249
test,1914,70,93.9400405883789,-94.78289794921875,29.322750091552734,-93.841796875,29.203920364379883,11.22716760635376,5286.5976552037,5323.258953828172,8866.281893845986,2765.659292610988
test,1915,79,20.865938186645508,-71.24819946289062,41.38274002075195,-71.13691711425781,41.21588134765625,19.98431968688965,1472.6823259568982,1498.749542483933,35313.54979247085,75.17322609983695
test,1916,79,26.803712844848633,-71.12993621826172,41.21213150024414,-71.32814025878906,41.377071380615234,22.58735466003418,1000.7143724487357,1014.2489716585428,22427.644181095944,1616.0455642907125
test,1917,70,48.744022369384766,-90.03334045410156,28.980335235595703,-89.66192626953125,28.9381103515625,5.290162322111428,6531.624024138804,6539.424683802838,10278.423706033233,7194.050405028009
test,1918,70,59.274444580078125,-74.58062744140625,37.80210494995117,-74.7994384765625,37.298118591308594,27.300694942474365,3615.696900979562,3616.4758093410915,14020.98085135857,119.44972114129645
test,1919,70,901.0488891601562,-118.21611785888672,33.73297882080078,-124.99761962890625,38.630889892578125,16.517605543136597,11349.976739859148,11268.37122341812,25397.81527374405,85167.054009388
test,1920,70,26.480070114135742,-83.04766845703125,27.62247085571289,-82.79717254638672,27.609970092773438,2.0941686630249023,1988.8798376181796,1957.8045180625866,1452.7524164588344,1665.9494625177688
test,1921,70,73.07206726074219,-82.78353118896484,27.611530303955078,-83.52332305908203,27.60453987121582,16.032403230667114,1831.3460565152857,1834.8009489696199,10255.902305124006,767.7855205852564
test,1922,89,102.31229400634766,-95.05284881591797,28.15730094909668,-94.83403015136719,28.371959686279297,21.371893882751465,11655.769609173187,11670.872800734473,22052.80951649756,11045.982053160282
test,1923,70,207.9141387939453,-89.34441375732422,28.082979202270508,-90.26627349853516,26.402509689331055,71.8209171295166,4218.4355569238805,4223.183265479663,68730.08000718355,127.60815240700474
test,1924,80,102.82772827148438,-95.33872985839844,28.937450408935547,-94.62911224365234,28.277589797973633,1.0067529082298279,2755.491413582437,2828.9429105471786,1059.6152287427735,1657.3750845505926
test,1925,80,51.65046310424805,-95.23431396484375,28.439285278320312,-94.9541015625,28.822450637817383,15.380287408828735,4462.256138450558,4462.796844786515,13632.560145203624,2197.7130430567863
test,1926,70,65.60957336425781,-94.41227722167969,26.74403953552246,-94.4169692993164,26.154029846191406,33.48141860961914,1539.7937537928228,1564.3164126935208,32593.55374549574,64.82389238537579
test,1927,89,118.40779876708984,-67.36995697021484,18.79659080505371,-67.63890838623047,17.910249710083008,34.24731159210205,17504.299325185304,17502.20764516487,21126.739059060634,15609.432348366578
test,1928,89,214.88491821289062,-67.62490844726562,17.902740478515625,-66.42748260498047,18.735450744628906,43.53510665893555,36948.68313072419,35575.49283808601,41822.92224310438,37550.33577262736
test,1929,80,57.194984436035156,-94.60001373291016,29.192380905151367,-94.4250717163086,28.77798080444336,2.3694231510162354,4353.722339857569,4347.237875196173,1634.714512367805,7386.160020943819
test,1930,83,32.37540817260742,-79.3104019165039,27.21966552734375,-79.34355163574219,26.930049896240234,5.971488833427429,891.6533443454432,910.6475846362574,5362.938280395033,137.36823333748643
test,1931,70,49.71588897705078,-60.498931884765625,45.2760009765625,-60.9557991027832,44.96828079223633,68.62677955627441,640.6691417450567,696.9442520828179,67732.7250186837,818.5292740824273
test,1932,73,134.0818328857422,-88.03375244140625,30.669179916381836,-87.61827087402344,29.611019134521484,25.305283021181822,7926.152905028802,7981.6014492376835,24667.15189777466,10203.358320650786
test,1933,70,189.2063446044922,-79.43702697753906,30.580110549926758,-80.52725982666016,31.976619720458984,11.173971772193909,4440.114600767658,4458.416513639227,10726.52700435482,4965.551536293983
test,1934,70,73.44173431396484,-80.12001037597656,26.090330123901367,-79.9979476928711,25.480140686035156,8.747808575630188,1777.2020568254882,1829.5613573764697,8693.951479656022,4460.069892776802
test,1935,70,76.5151596069336,-79.99797058105469,25.476699829101562,-80.32058715820312,24.879240036010742,25.251681327819824,2387.9756410673367,2387.767519132496,13710.901243485023,5193.77732253249
test,1936,70,57.8638801574707,-80.1200180053711,26.09033966064453,-80.02371978759766,25.617490768432617,5.16679835319519,2544.641312674373,2576.0570412309044,5009.489219127058,4673.190221970136
test,1937,80,318.47430419921875,-71.5044174194336,38.259464263916016,-73.67298126220703,40.50785827636719,28.78816270828247,6555.705554014768,6571.3966600322965,27722.188887633823,5611.318131114812
test,1938,60,338.3724670410156,-78.9522933959961,26.18644905090332,-80.42759704589844,24.789119720458984,22.82998013496399,39869.061275508844,39854.779558361726,26620.557209879807,33983.05989642163
test,1939,60,35.30320739746094,-66.74712371826172,44.761199951171875,-66.8100814819336,45.04682159423828,0.006492110900580883,2305.8991175985925,2394.40203762965,421.63614442079444,1523.2110393694777
test,1940,60,35.41805648803711,-66.8100814819336,45.04679870605469,-66.7471923828125,44.7612190246582,0.009376409463584423,2447.300780343076,2531.2671286482196,516.0772626950098,1680.2436473451137
test,1941,60,27.744565963745117,-66.73808288574219,44.80656814575195,-66.81004333496094,45.04682922363281,0.20863397349603474,1535.2978824240856,1566.0662159061073,218.19646104678853,473.05041743741594
test,1942,60,35.88590621948242,-66.81005096435547,45.04679870605469,-66.74714660644531,44.76123046875,0.0070298295468091965,2535.5719148789035,2622.956290255117,559.6150552378234,1834.7707175820815
test,1943,60,35.63279342651367,-66.74713897705078,44.76123046875,-66.81005859375,45.04685974121094,0.005837719887495041,2325.8139329955297,2420.3787326796332,382.68351473113387,1679.6614145595477
test,1944,60,30.94977378845215,-66.81005859375,45.04685974121094,-66.73001861572266,44.77799987792969,0.24590405775234103,1362.5280413585572,1397.069128040845,361.77993576801657,460.86855833145034
test,1945,60,32.8101921081543,-66.72308349609375,44.76258087158203,-66.81009674072266,45.04684066772461,0.5989153049886227,1778.87141690834,1784.5643669973747,650.2531809636083,515.9861411843372
test,1946,60,28.990087509155273,-66.81009674072266,45.04684066772461,-66.73335266113281,44.79512023925781,0.19917794037610292,1218.8881673468932,1252.3206609493834,278.10255953632816,537.1875450402017
test,1947,70,174.68409729003906,-83.18683624267578,45.269535064697266,-84.37226104736328,46.50202178955078,2.6584770679473877,7026.06945941885,6872.16606329374,2744.6331870574677,3503.7409308396614
test,1948,70,388.84747314453125,-84.3883285522461,46.500709533691406,-80.27179718017578,44.97414016723633,23.890380144119263,24710.68416483843,24633.74612346824,13182.096757015797,25482.109443992696
test,1949,70,170.5305938720703,-80.42761993408203,42.339500427246094,-82.27239227294922,41.65359115600586,21.519153118133545,3532.865493734532,3527.4357000750674,20582.572569587843,562.3409710914511
test,1950,70,46.36384582519531,-82.25626373291016,41.658321380615234,-82.73201751708984,41.45507049560547,12.77038374170661,1833.1950715437201,1833.5167702719718,6431.0110837868015,1103.0624391695999
test,1951,70,36.19356918334961,-79.35527801513672,26.098615646362305,-79.05799102783203,26.273090362548828,13.142596006393433,1518.241646844702,1548.8388980550453,12302.235259111569,1635.6424923652585
test,1952,70,108.42606353759766,-83.83238220214844,45.520111083984375,-83.4060287475586,45.06814956665039,1.0462756678462029,17667.0554671048,17519.28687014854,853.4287079762689,18949.219354477056
test,1953,70,145.34889221191406,-83.40699768066406,45.06721115112305,-83.95059967041016,45.642330169677734,14.461254894733429,19105.42263537288,18813.31638710632,12448.884931015476,27090.503789964416
test,1954,70,38.45292663574219,-81.70622253417969,41.498741149902344,-82.09735870361328,41.67673873901367,3.7700816094875336,2178.642325300512,2190.5729876153723,3281.420063153565,796.462014991723
test,1955,70,198.44863891601562,-83.0125732421875,44.8819694519043,-84.21514129638672,46.37173080444336,9.60429972410202,10313.075344798168,10331.369459726897,8901.512956789162,4529.368579859312
test,1956,70,35.115081787109375,-84.22795867919922,46.38079833984375,-84.01496887207031,46.125240325927734,8.469025611877441,2833.822326851834,2851.463676222125,8789.23062795936,2612.5373688794884
test,1957,68,21.43519401550293,-96.85376739501953,27.836029052734375,-97.0626220703125,27.848600387573242,3.2199222445487976,1066.6612513178002,1209.595759159265,6238.164097409272,901.3200957053449
test,1958,68,49.9621696472168,-96.94774627685547,27.756450653076172,-96.49506378173828,27.571889877319336,3.7396519780158997,1977.5311028355343,1976.8967307157504,2822.40286030878,1181.846313261809
test,1959,70,81.15343475341797,-94.66246032714844,29.337940216064453,-93.841796875,29.203920364379883,12.306938171386719,3917.5096910362568,3924.905465764469,17628.37584766036,1040.828049023461
test,1960,79,26.803712844848633,-71.12993621826172,41.21213150024414,-71.32814025878906,41.377071380615234,22.58735466003418,1000.7143724487357,1014.2489716585428,22427.644181095944,1616.0455642907125
test,1961,79,92.95720672607422,-90.18708801269531,28.924089431762695,-89.35697937011719,28.911619186401367,23.581831455230713,11696.244913174687,11701.697414801878,13020.917005029272,10990.731761577732
test,1962,79,52.64618682861328,-89.35697937011719,28.911640167236328,-89.60492706298828,28.52349090576172,14.12101411819458,4228.496634770167,4245.446817600491,10224.11813349537,3041.1269098658577
test,1963,70,160.33934020996094,-74.77233123779297,36.466949462890625,-75.17046356201172,35.0649299621582,31.970884323120117,3319.2435394766576,3329.6796521145493,31042.690525606766,1262.437224376288
test,1964,80,29.312458038330078,-90.51537322998047,25.380144119262695,-90.53955078125,25.63751983642578,40.439252853393555,1366.1244501923022,1366.3013209730525,37883.268615818546,865.2116992040347
test,1965,82,70.12620544433594,-95.30850219726562,28.944490432739258,-94.83621215820312,28.47846031188965,1.3553022742271423,2501.490016225256,2552.631060983337,1151.761908603394,574.2365276565879
test,1966,84,60.51043701171875,-93.34105682373047,29.7751407623291,-93.21605682373047,29.26470947265625,1.7249536961317062,2743.8616534578046,2778.6534564059903,1817.550162908466,1921.9720775917076
test,1967,80,94.60082244873047,-94.64849853515625,29.319869995117188,-94.28507995605469,28.748580932617188,7.9286415576934814,8616.931664281732,8630.18948696454,8261.945159080622,7863.381362591837
test,1968,84,240.09524536132812,-94.74022674560547,29.352779388427734,-92.83598327636719,28.16330909729004,20.401447296142578,7211.291136212524,7182.821459917442,19725.162505912027,5505.19236746686
test,1969,80,214.337158203125,-68.42008972167969,42.08325958251953,-67.17816925048828,43.77164077758789,61.190486907958984,5673.458114788552,5675.893013525315,62520.537813086456,5483.204237025147
test,1970,70,22.918622970581055,-80.12325286865234,26.094789505004883,-79.89926147460938,26.104209899902344,0.6139663308858871,1483.8562488653613,1642.6008358030365,653.2567735334358,616.943829184297
test,1971,80,42.2733154296875,-96.45198822021484,27.839059829711914,-96.86628723144531,27.800140380859375,2.154370740056038,1935.5451759087928,1947.1552556022746,5748.2897098187295,1156.7883121601897
test,1972,80,39.111175537109375,-122.45093536376953,25.524049758911133,-122.08892059326172,25.39427947998047,57.58880805969238,623.2555960920894,664.4972032748417,57519.45959783566,113.15076860411988
test,1973,70,234.3931884765625,-80.1200180053711,26.09033966064453,-81.05039978027344,24.508169174194336,2.071391224861145,2867.5123379730153,2887.6133969555767,2364.9574859595414,32230.618057208943
test,1974,70,211.84243774414062,-81.15409851074219,24.480880737304688,-80.11383056640625,25.757770538330078,12.387831926345825,6754.602125340944,6754.924935616403,13389.454645101754,28639.2012386786
test,1975,70,183.9549102783203,-80.11540222167969,26.069080352783203,-79.5291519165039,24.790910720825195,2.1718931794166565,12847.578675363564,12884.086275694477,8829.928916180364,24043.443421146698
test,1976,60,240.4945526123047,-65.3613510131836,18.52801513671875,-67.22734832763672,19.781339645385742,16.71832513809204,1518.293711242315,1549.4357553432237,8950.701937266624,234.52951532877026
test,1977,70,180.5607147216797,-94.80451965332031,29.308300018310547,-94.42109680175781,27.935020446777344,2.0866628885269165,9652.080393329396,9685.301775402175,2186.670147872446,18415.816726165536
test,1978,60,28.99043846130371,-66.81009674072266,45.04684066772461,-66.73335266113281,44.79512023925781,0.19917794037610292,1218.9996815044854,1252.4480048481234,278.29983878931455,537.2803713005352
test,1979,70,227.53077697753906,-80.22006225585938,42.21736526489258,-82.73201751708984,41.45507049560547,13.303297519683838,9238.090058604626,9247.090302489189,16831.812898033197,8426.020425057906
test,1980,80,189.63067626953125,-88.50863647460938,30.34033966064453,-87.59744262695312,28.968050003051758,0.4283338114619255,6552.716412139953,6591.429766436174,836.5940915902992,8175.158227598718
test,1981,70,444.4410705566406,-76.35499572753906,33.924041748046875,-80.44821166992188,31.99616050720215,14.593792915344238,5573.776401306195,5587.10584268135,15626.167619600626,14575.752330656931
test,1982,80,80.10852813720703,-118.22026062011719,33.73365020751953,-117.85099792480469,33.18244171142578,5.42285418510437,5570.141286851396,5579.967079671155,2346.2984989152874,7435.897509390841
test,1983,80,372.3347473144531,-117.82071685791016,33.18278121948242,-117.60346221923828,31.526809692382812,32.5834321975708,42902.84930586961,42902.29486674148,18416.574207564856,44029.50360383225
test,1984,70,125.26106262207031,-117.82868957519531,29.03248405456543,-118.43800354003906,30.01202964782715,56.865488052368164,4352.402992246965,4388.246860392012,41254.0324889659,4243.696634082479
test,1985,70,439.9234619140625,-87.81597900390625,42.36112594604492,-85.87183380126953,45.96965026855469,44.80595684051514,37816.82093320876,37632.30688938276,57554.075017753494,11575.635586696964
test,1986,70,236.20315551757812,-85.87185668945312,45.96931076049805,-83.15178680419922,45.32981872558594,6.752621417865157,7134.692649232282,6966.438820709231,10970.484901959086,12886.847840450475
test,1987,79,523.1290283203125,-87.32518005371094,41.615028381347656,-85.0042724609375,45.82633972167969,13.161888599395752,30228.95600541768,30214.62076242709,12712.88269153516,29812.669699104816
test,1988,70,293.90447998046875,-86.63681030273438,45.29942321777344,-83.42176055908203,45.297508239746094,42.32354259490967,8859.730143155264,8858.567666631621,40708.8882036699,39956.95960627124
test,1989,70,162.1146240234375,-83.42050170898438,45.29697036743164,-84.35357666015625,46.50291061401367,0.06256115902215242,4278.60927746453,4174.891687661344,465.917783189316,3698.6937998531444
test,1990,60,35.543880462646484,-88.7574462890625,29.252769470214844,-89.03569793701172,29.400680541992188,0.062249552458524704,2239.0714341362864,2243.383268260426,2460.0125604745276,1683.3714644958588
test,1991,70,152.03262329101562,-88.74665069580078,29.164369583129883,-89.96852111816406,29.25482940673828,6.374504089355469,9723.416204903002,9762.836972200503,6616.9990368391345,22670.96817783905
test,1992,60,41.39588928222656,-119.20217895507812,34.14826965332031,-119.50850677490234,34.383968353271484,0.016004922101274133,1318.9040903017449,1253.6923252277436,439.1203226526102,2758.247488893189
test,1993,60,24.042522430419922,-119.50778198242188,34.38410186767578,-119.41864013671875,34.18252182006836,0.029763298109173775,543.0934249255196,571.3310486071821,108.99216554227078,324.665745064869
test,1994,70,106.1026840209961,-88.9407958984375,28.590255737304688,-89.94136047363281,28.961639404296875,5.266857624053955,1791.349728871154,1799.6332423765234,3230.651467155461,459.5625974291111
test,1995,70,92.2694320678711,-89.95702362060547,28.969890594482422,-89.08952331542969,28.640199661254883,3.861904263496399,2726.743255876038,2742.9627461208293,2897.9430194603433,694.3214530397227
test,1996,60,33.608848571777344,-90.22447204589844,29.09375,-90.5289077758789,29.055700302124023,8.386188745498657,2912.4318159856593,3014.095507540351,4262.407940871624,3919.103684554336
test,1997,70,172.5706329345703,-88.66500854492188,29.234390258789062,-89.97112274169922,29.254779815673828,11.723056999500841,11916.580018435428,11958.030194513252,18014.75690223481,23169.998130845874
test,1998,70,50.97575759887695,-89.7003402709961,28.587299346923828,-90.08976745605469,28.888160705566406,8.348885536193848,1434.738833642768,1454.130289137561,4077.681270357008,1116.4337936566913
test,1999,80,213.66183471679688,-118.2414779663086,33.75157165527344,-117.81411743164062,31.955610275268555,5.921458721160889,8083.07298947987,8090.979155321904,17516.0694407119,8998.379746196522
test,2000,80,250.5627899169922,-80.11486053466797,26.0733699798584,-80.27339935302734,24.43178939819336,12.431971549987793,19517.851110532018,19534.503885212027,37324.3787588248,41176.28890625416
test,2001,70,124.497802734375,-79.62218475341797,24.784629821777344,-80.6029281616211,24.16703987121582,9.351162433624268,2848.3731906430057,2878.961638481523,7956.489219437476,4950.623313693336
test,2002,70,103.71704864501953,-120.01311492919922,34.20957565307617,-118.96279907226562,33.89326858520508,6.3938469886779785,5473.689002570115,5404.878269620268,3301.738697371237,2835.028515544517
test,2003,70,36.8073844909668,-80.08753204345703,24.49699592590332,-80.38863372802734,24.31174087524414,7.461221933364868,1230.5050767273642,1245.5663932653658,7476.200584214944,224.57998098127754
test,2004,70,141.2237091064453,-88.03257751464844,30.65420913696289,-87.94013214111328,29.59433937072754,1.1939537823200226,10896.052655110943,10910.197276379335,1439.0474136029354,13096.720661645577
test,2005,70,289.8313293457031,-89.21407318115234,48.3916015625,-85.91097259521484,47.16432189941406,2.5047863721847534,9102.909161350688,9120.739743827307,1093.1599151944204,3476.498303719331
test,2006,70,112.88800811767578,-88.84233093261719,29.184965133666992,-89.23188018798828,28.27741050720215,15.302281141281128,3299.912489598204,3299.461000357421,16849.691835181253,5959.08540956971
test,2007,80,87.414794921875,-95.33381652832031,28.936769485473633,-94.71292114257812,29.06174087524414,0.7702890336513519,10354.149774128075,10460.485311759072,985.7502830407795,14074.493913436905
test,2008,80,40.908973693847656,-94.71299743652344,29.061159133911133,-94.41722869873047,28.904890060424805,2.8443718552589417,3900.8590469709425,3902.0724613275074,5364.803797984525,5025.042849495716
test,2009,80,23.179553985595703,-122.6948013305664,37.761558532714844,-122.91358184814453,37.64569091796875,22.36599063873291,2548.7354457763627,2575.065270312699,13847.433960616287,89.36127153604528
test,2010,70,85.56403350830078,-118.27387237548828,33.74285888671875,-118.96363067626953,33.93450927734375,3.3509169220924377,6124.335376571521,6076.101647694028,2677.478695151632,9698.8472357985
test,2011,70,390.74200439453125,-75.35697174072266,34.742164611816406,-74.05908966064453,38.02627182006836,40.97870635986328,6224.9951941811105,6226.192963158153,36800.94031948761,13189.552404617736
test,2012,70,44.64071273803711,-64.94579315185547,18.33492088317871,-64.74861145019531,17.987760543823242,2.700251627713442,2066.3695852338587,2182.001191629749,3214.036305405214,874.2323202588736
test,2013,70,31.56985855102539,-64.9263916015625,18.33064079284668,-64.69757843017578,18.192760467529297,6.760604977607727,1353.9262091065382,1462.4660121656761,5881.858227635916,2739.0475264594857
test,2014,80,42.2733154296875,-96.45198822021484,27.839059829711914,-96.86628723144531,27.800140380859375,2.154370740056038,1935.5451759087928,1947.1552556022746,5748.2897098187295,1156.7883121601897
test,2015,70,145.36163330078125,-80.56095886230469,24.729150772094727,-80.11383056640625,25.757770538330078,10.241117715835571,7599.419981552836,7593.358568084019,7301.705189544338,18672.496714270586
test,2016,70,33.18328094482422,-80.13005828857422,25.762060165405273,-80.03479766845703,26.006410598754883,7.718700885772705,3170.6441604549445,3170.2502453485718,11089.600662385685,3860.074119819918
test,2017,70,56.38417053222656,-80.03510284423828,26.021509170532227,-80.00948333740234,25.51927947998047,13.920198440551758,2563.933653968663,2549.5520760448094,16538.05326116926,1109.5249127189418
test,2018,70,65.94384002685547,-82.06147766113281,24.2152099609375,-81.4201889038086,24.288589477539062,19.238070964813232,1536.7907774213525,1556.790891616205,18212.249328512586,1389.3909842640912
test,2019,70,325.27374267578125,-84.35369110107422,46.502891540527344,-82.46173858642578,44.0201416015625,3.083796538412571,11270.86333075211,11266.28739482173,3473.6491611406045,12757.72939410296
test,2020,70,244.96603393554688,-82.48332977294922,43.431358337402344,-83.41663360595703,45.492469787597656,24.349900245666504,20064.362907533934,20079.549699679646,25382.510520336746,5119.434349068724
test,2021,70,131.71438598632812,-79.47807312011719,25.831710815429688,-79.78244018554688,24.68242073059082,9.452411651611328,3512.7491249861555,3511.9007143484932,9336.952535288237,1511.9804630009876
test,2022,70,64.18407440185547,-80.82878112792969,30.48550033569336,-80.57565307617188,31.013290405273438,21.689172744750977,3387.639939702348,3393.075747390202,23563.3815314901,1359.2603383666765
test,2023,80,361.3376159667969,-117.75172424316406,33.071929931640625,-117.42001342773438,30.24799919128418,37.93214225769043,19352.789147516978,19354.432064201137,34362.92194196736,20234.90057395468
test,2024,70,57.088924407958984,-90.22559356689453,29.05545997619629,-90.43833923339844,28.590139389038086,5.183670282363892,2569.53603481757,2568.2082299336234,2992.4078681863944,2055.441771623738
test,2025,70,148.56649780273438,-83.40702819824219,45.06718826293945,-84.00071716308594,45.651580810546875,15.863891519606113,19366.045757144435,18907.01097900056,14472.423109896838,27235.531294366454
test,2026,79,211.17965698242188,-92.13546752929688,46.751949310302734,-89.58255767822266,47.424461364746094,14.029119491577148,6830.535641587616,6833.472897351258,13587.933435873425,6615.535101585083
test,2027,68,51.19666290283203,-97.06278991699219,27.848770141601562,-96.56107330322266,27.824880599975586,2.608401298522949,1979.9236170057818,2041.7555539350953,2423.491520072563,1007.1897615167198
test,2028,60,24.042522430419922,-119.50778198242188,34.38410186767578,-119.41864013671875,34.18252182006836,0.029763298109173775,543.0934249255196,571.3310486071821,108.99216554227078,324.665745064869
test,2029,60,62.87118148803711,-119.20217895507812,34.14826965332031,-119.55329132080078,34.33522033691406,0.03982046619057655,7095.043721094173,7036.526406719536,7005.164187629587,6858.343477456723
test,2030,70,41.30884552001953,-89.68771362304688,29.018184661865234,-89.97112274169922,29.254779815673828,4.497190311551094,3355.6154455571673,3419.6123010335023,3578.176704409545,2470.933780689395
test,2031,79,113.3952865600586,-71.23226165771484,41.335418701171875,-72.31755828857422,40.77172088623047,37.765045166015625,3538.685471839824,3561.94141569674,28257.848616871725,5282.584108119241
test,2032,70,199.98609924316406,-76.15390014648438,37.17118453979492,-74.1055908203125,37.2033805847168,31.11611557006836,6624.496379160188,6596.335866721884,31432.241567704663,13868.129117044035
test,2033,70,156.1325225830078,-118.20664978027344,33.74673843383789,-117.70511627197266,32.43806076049805,4.045378565788269,4221.27803178894,4236.251613927298,2360.9960251348098,3346.6432970833985
test,2034,71,251.8286895751953,-79.95711517333984,31.923809051513672,-80.43450927734375,31.93391990661621,12.404362201690674,10668.889151803012,10697.511259805677,16491.79136047334,10699.478911093054
test,2035,71,101.6547622680664,-80.45201110839844,31.936420440673828,-80.0398178100586,31.20635414123535,23.99259042739868,11107.526377137461,11106.61744715777,16717.35150611372,9783.938077290577
test,2036,70,31.724477767944336,-79.29197692871094,43.22679138183594,-78.97078704833984,43.37377166748047,14.58816123008728,1187.3330496951883,1187.8189656945212,12705.437957295275,1337.882203510076
test,2037,80,117.90316772460938,-119.36415100097656,31.895570755004883,-118.86054992675781,31.369020462036133,26.137511253356934,13966.776719127494,13966.120145722723,32214.32662668488,14341.129965831515
test,2038,70,240.24301147460938,-87.36107635498047,28.581295013427734,-88.02114868164062,30.51375961303711,18.061537742614746,8419.105501448552,8422.491679937206,12423.748708471061,9447.484236093882
test,2039,70,141.80984497070312,-88.02261352539062,30.527700424194336,-87.48368072509766,29.447330474853516,5.236246943473816,6425.673836539961,6425.567524821207,3549.5302815352297,10146.72143488711
test,2040,70,107.4757308959961,-76.69220733642578,34.573856353759766,-77.05255126953125,33.65523910522461,30.61258602142334,1963.893718000973,1980.0353677254038,30583.282009876526,456.84824436395667
test,2041,80,144.55648803710938,-118.2598876953125,33.763301849365234,-119.48722076416016,34.12876892089844,2.9783752262592316,7106.25001989787,7121.070098433314,3875.983469298635,11572.049424909099
test,2042,70,43.00238037109375,-64.94593811035156,18.335050582885742,-64.6987075805664,18.070470809936523,6.5367406867444515,2996.785368028486,3099.694306336784,3475.4833875137747,3986.192352686284
test,2043,80,459.83441162109375,-116.6003646850586,28.859710693359375,-117.87217712402344,32.79283142089844,36.31525540351868,13297.688612346457,13327.328396917015,39369.00739111834,15460.233635576056
test,2044,80,42.85612487792969,-118.45121765136719,33.9043083190918,-118.38054656982422,33.617008209228516,7.785799980163574,6075.286209993891,6081.718910424889,8443.461082241598,7056.175632967231
test,2045,80,100.2295150756836,-95.30885314941406,28.939960479736328,-94.62776947021484,28.27783966064453,0.7076305449008942,2890.1199643010295,2949.0294123049466,544.9225702838978,678.95651008543
test,2046,80,109.91201782226562,-94.61817932128906,29.23263931274414,-95.1504135131836,28.836109161376953,3.2568116188049316,8715.545650198543,8719.628541298349,10462.466987037677,15568.427064112906
test,2047,70,92.2297134399414,-123.25537872314453,48.687164306640625,-123.89727783203125,48.28715896606445,1.192047543823719,10086.768378170571,9189.072287590336,1057.9868341631063,15289.732160876416
test,2048,70,180.69143676757812,-80.11473846435547,26.072940826416016,-79.6484603881836,24.768600463867188,1.7477802634239197,16014.502738438638,16016.575920764883,18707.258663025015,21732.87516527253
test,2049,80,50.006568908691406,-96.95182800292969,27.785259246826172,-96.53111267089844,27.536439895629883,3.3970106840133667,2353.231583919616,2352.301142429699,2215.7033996382484,1072.3773018970899
test,2050,70,137.10147094726562,-81.23535919189453,24.457469940185547,-82.42022705078125,23.88998031616211,19.59976816177368,9749.005302578433,9735.94521481474,19533.642598970862,4587.495463333536
test,2051,70,75.91564178466797,-87.5423812866211,41.71263122558594,-87.54006958007812,42.328609466552734,17.093832969665527,4166.400660337483,4237.230709065573,11321.951146886044,5319.84000655636
test,2052,70,291.31396484375,-84.37110900878906,46.50236892700195,-82.9139633178711,44.2448616027832,14.210044860839844,9755.723757769185,9750.81167293213,10631.223261877094,10308.673414256597
test,2053,81,339.7243347167969,-80.12226104736328,26.0933895111084,-81.01126861572266,24.542789459228516,0.6262801140546799,40177.66984848881,40194.91148697917,40780.42895437475,54053.846685072844
test,2054,70,82.73960876464844,-88.62255096435547,47.46385955810547,-89.6959228515625,47.304359436035156,18.941591143608093,7691.615042405452,7709.897278412418,18770.71465207968,148.2727136763388
test,2055,69,40.75859832763672,-118.53041076660156,33.4687385559082,-118.27323150634766,33.73136520385742,2.2916838228702545,1983.2395888705971,2035.6112706306808,3501.130377287173,1991.1150620248627
test,2056,70,36.346134185791016,-89.96624755859375,29.258399963378906,-89.85981750488281,29.0020809173584,0.14154626056551933,2442.5758811121996,2519.3441152341643,1598.162155312653,2800.6129644041193
test,2057,70,20.64089012145996,-89.85990142822266,29.002029418945312,-90.05615234375,28.937129974365234,2.296008332632482,1301.0475991618416,1309.9153561672874,2402.747992926226,153.15567843626368
test,2058,68,70.0025634765625,-97.06278991699219,27.8487606048584,-96.41626739501953,27.728849411010742,2.994207203388214,2186.437054403255,2229.3420653534117,4763.119289608485,1828.9375095553341
test,2059,89,53.4452018737793,-80.12194061279297,26.091129302978516,-79.88725280761719,25.712650299072266,5.638271749019623,3605.888241651691,3655.1695797297166,12391.244903917413,5451.317176836728
test,2060,79,23.491361618041992,-73.64481353759766,40.44799041748047,-73.4498291015625,40.341819763183594,23.687364101409912,3560.173127253947,3543.459072178616,18809.950222269814,3100.9665197856934
test,2061,79,32.08882141113281,-73.73621368408203,40.45827865600586,-73.45105743408203,40.33988952636719,26.434239387512207,1362.5901121874876,1363.9115097891734,23290.018291468867,2116.472786538907
test,2062,70,70.41023254394531,-70.2456283569336,40.424781799316406,-69.41412353515625,40.44411087036133,11.753808856010437,1729.3578097849797,1753.7709871028778,11672.690707685115,29.99998363770414
test,2063,70,47.55129623413086,-115.25826263427734,22.905284881591797,-115.68785858154297,23.067720413208008,24.986809730529785,1378.0978940771865,1391.0071307971275,24980.264852818957,136.3816272512024
test,2064,70,240.77337646484375,-94.2718734741211,28.744529724121094,-93.47679901123047,28.584579467773438,13.032113909721375,29221.35013327273,29219.63775698213,38793.97820458613,29112.668503894645
test,2065,80,147.1763916015625,-89.33544158935547,28.895339965820312,-89.89244842529297,27.77825927734375,21.16874670982361,16428.333404639987,16437.200853150156,11884.769731477838,12604.388810474336
test,2066,80,313.515625,-118.22078704833984,33.77248001098633,-117.19413757324219,31.114500045776367,2.069349765777588,3868.896314764664,3918.3176859798496,1709.8377692651827,3503.910429860253
test,2067,70,293.59844970703125,-118.92585754394531,30.97760581970215,-121.36212158203125,32.61363983154297,91.2160758972168,4889.057074663885,4906.391572904137,75310.7481952887,744.1452390675306
test,2068,70,97.83492279052734,-97.07301330566406,27.842849731445312,-96.18009948730469,27.581090927124023,9.029918730258942,6962.326414153278,7030.405186204952,14535.188579150637,7495.153161040604
test,2069,70,597.3355102539062,-118.14098358154297,33.6597785949707,-124.2485122680664,35.249290466308594,35.51808309555054,35683.123205276446,35688.2350319605,23921.326808238133,8085.002135873591
test,2070,80,35.25301742553711,-123.50700378417969,36.998779296875,-123.72885131835938,37.26184844970703,12.027442216873169,1484.3874784245168,1496.6911288072433,37197.887274377914,78.60145826857782
test,2071,89,75.76160430908203,-94.72705078125,29.350250244140625,-94.4239730834961,28.792320251464844,3.2263635396957397,3883.4755235108923,3880.844388307853,1847.5349821828265,7961.359137897871
test,2072,70,46.132057189941406,-118.25891876220703,33.73143005371094,-118.58802032470703,33.753761291503906,4.290373921394348,5422.850072430251,5353.898169564789,2384.212982874695,7822.232012701282
test,2073,80,216.2096710205078,-93.33338165283203,29.69825553894043,-92.65299987792969,27.94430923461914,14.182019233703613,8301.936627543666,8312.075800531193,7590.933209502305,12161.01213911185
test,2074,70,122.99333190917969,-72.8948974609375,40.36568832397461,-71.444580078125,40.396820068359375,2.3656212091445923,1283.7165323064585,1312.884566261388,1809.3404962132408,197.6766701646726
test,2075,80,258.2381286621094,-73.67028045654297,40.51322937011719,-74.20011138916016,38.248069763183594,16.627188801765442,11357.64762647771,11358.829834405424,14402.608509428077,2649.0905698855336
test,2076,70,85.74195861816406,-80.11997985839844,26.089500427246094,-79.61614227294922,25.530269622802734,3.202207624912262,3036.4838404124853,3072.968037606069,2002.6247570434457,8066.829983464107
test,2077,80,88.70392608642578,-94.55884552001953,28.23100471496582,-95.1573715209961,28.82893943786621,6.9263834953308105,2449.293817054054,2436.796241285827,6880.733613399921,711.9656840128146
test,2078,70,132.35821533203125,-90.09882354736328,28.801259994506836,-89.09976196289062,28.033540725708008,13.050870418548584,2580.6593315251107,2582.8386085575507,13588.752339496026,2257.335200469836
test,2079,70,262.8420104980469,-73.57655334472656,39.77022171020508,-73.65544891357422,40.28907012939453,11.240210056304932,16501.712418473493,16522.08856019584,19699.684495632326,16549.84514196464
test,2080,82,52.50186538696289,-64.74890899658203,17.69617462158203,-64.77245330810547,17.229530334472656,13.15421587228775,1292.4657123868915,1299.4845443950671,12473.400461105815,769.7853834569735
test,2081,70,83.29911804199219,-88.5982437133789,29.033910751342773,-89.41184997558594,28.80573081970215,6.540215253829956,4163.995992215187,4170.670964237644,7073.3258854869555,910.8955794012293
test,2082,79,240.30279541015625,-83.89080810546875,45.981380462646484,-86.62023162841797,45.463741302490234,33.283203125,11305.688792153513,11152.327203255045,22272.352495536277,13546.331009723868
test,2083,70,147.74281311035156,-82.66075134277344,44.12641906738281,-83.42179107666016,45.29750061035156,6.783868074417114,3737.3742515885237,3744.9612167128475,5681.248942512392,7642.595186159407
test,2084,70,115.06353759765625,-83.42160034179688,45.297428131103516,-84.07244110107422,46.167808532714844,10.025972843170166,2730.30042817948,2714.5021624716223,6785.399002498587,2704.048001279899
test,2085,70,640.2742309570312,-84.0860366821289,46.17477035522461,-87.29093170166016,41.946815490722656,11.604068517684937,26017.540004331047,24724.063870996524,7582.796314905694,72611.06555366714
test,2086,69,41.605628967285156,-118.2541275024414,33.711761474609375,-118.31478881835938,33.34886932373047,4.564449787139893,886.3890005949356,908.8047897563985,4580.518762747559,1251.3917397073958
test,2087,69,32.48159408569336,-118.34275817871094,33.42805862426758,-118.21083068847656,33.626686096191406,2.595899283885956,3510.8286058570934,3520.016453439495,1773.8860385211776,3383.824397940052
test,2088,70,90.18695831298828,-89.96991729736328,29.25503921508789,-90.22442626953125,28.571880340576172,15.714091029949486,5942.963138781972,5977.559144389786,14402.55150530578,5683.539128529386
test,2089,70,29.294055938720703,-88.82588958740234,28.742040634155273,-89.06330108642578,28.886560440063477,0.016858001705259085,1266.5021600461446,1294.8540310176531,1325.1466064741705,1194.664453066496
test,2090,70,91.38119506835938,-89.06330108642578,28.886089324951172,-88.23815155029297,29.26983070373535,0.018646640703082085,5660.656429427107,5664.9484057822365,1683.9811821866022,1789.3720019917664
test,2091,70,35.783302307128906,-87.88636016845703,29.36096954345703,-88.23812866210938,29.26984977722168,3.9538843259215355,466.107564221011,507.7549427837298,3857.2427963921587,731.8335995058002
test,2092,70,66.61652374267578,-88.23812866210938,29.26983070373535,-88.92227172851562,29.305950164794922,0.5866454001516104,1333.5302927788377,1354.7482138729297,760.1089749629464,341.81594833726325
test,2093,70,34.33504104614258,-88.16808319091797,29.181800842285156,-87.88643646240234,29.36103057861328,1.5210214569233358,1952.6762940076871,1958.9653020960252,1253.3149426314976,320.3492913346455
test,2094,60,184.5832977294922,-81.43182373046875,30.400470733642578,-80.84007263183594,30.410810470581055,28.96540927886963,17943.036639164555,17934.599323716706,19853.013125620975,16897.4224520506
test,2095,70,46.06105422973633,-93.2668228149414,28.448240280151367,-92.87963104248047,28.214679718017578,10.313520908355713,1067.7366878891403,1081.5486523835887,10264.673848865034,269.01599174598516
test,2096,80,148.7731170654297,-94.15885925292969,27.290010452270508,-94.41487121582031,28.363759994506836,8.470245122909546,16800.883676026813,16802.61774869202,13645.776081796446,16608.165869206558
test,2097,70,67.96420288085938,-68.45630645751953,18.87216567993164,-68.2662582397461,18.35862922668457,23.21369743347168,5124.571884594987,5118.7047638976655,21852.972823619046,7794.802519060154
test,2098,70,203.2361297607422,-94.76010131835938,29.349340438842773,-93.05628967285156,28.326250076293945,8.604844093322754,3144.5650237115838,3165.419108672275,8601.630605943727,1575.8897273202565
test,2099,80,37.18032455444336,-96.21383666992188,27.6730899810791,-96.33502960205078,27.986270904541016,5.131300628185272,1905.2533361142125,1920.8121148227258,9716.003847562828,366.3621305867005
test,2100,80,209.4916229248047,-96.33445739746094,27.985519409179688,-94.56513977050781,28.914709091186523,2.6131059527397156,10846.038616699496,10855.477642991338,3491.0704288716242,6798.71675652919
test,2101,80,197.6588592529297,-94.56034088134766,28.917259216308594,-93.06564331054688,28.326210021972656,12.097120761871338,17054.75868319263,17099.148727730666,12103.82673369278,16592.08006140847
test,2102,80,262.8542175292969,-118.11604309082031,33.345314025878906,-117.19413757324219,31.114500045776367,26.289231300354004,3427.336812423423,3441.7240323675214,18502.16356857358,243.13154550389882
test,2103,80,304.0598449707031,-96.40934753417969,27.767120361328125,-94.44325256347656,26.241060256958008,27.185484409332275,17366.130170933884,17356.762518843258,29056.24504877627,20658.803235213214
test,2104,80,272.2510070800781,-118.26000213623047,33.76348114013672,-120.83331298828125,34.42898178100586,7.327524662017822,8038.34304615818,7968.827001558397,4939.053900045543,10668.673346984944
test,2105,70,628.8002319335938,-118.27410888671875,33.7523193359375,-123.13629913330078,37.04113006591797,12.660607814788818,8901.146797979265,8846.10139672198,9376.10719194748,57305.88111223596
test,2106,70,146.84954833984375,-80.15730285644531,25.7662296295166,-78.89353942871094,26.40682029724121,2.532748783007264,4033.22367750861,4058.8817199230975,1822.373408308419,2478.7479022997195
test,2107,80,180.16232299804688,-79.66999816894531,25.021894454956055,-79.00090789794922,26.36277961730957,7.733423948287964,16136.311037880845,16164.5793554382,10049.318043235804,19018.94941444263
test,2108,80,145.16090393066406,-118.21819305419922,33.75624084472656,-117.7923583984375,32.532081604003906,1.702401489019394,3529.170000534488,3566.9586362232826,2520.0881193972155,2729.1607655604134
test,2109,89,26.58439826965332,-64.90350341796875,17.2077693939209,-65.01973724365234,17.002090454101562,21.71165370941162,4515.004634481597,4528.875217847248,13338.123691774292,844.020303544583
test,2110,84,25.84263038635254,-95.1311264038086,28.87310028076172,-95.33386993408203,28.93667984008789,2.7854516357183456,2141.0488261095115,2430.131930077504,1591.1321486403663,1914.6994196855812
test,2111,84,132.24459838867188,-95.33387756347656,28.936670303344727,-94.50177001953125,29.288549423217773,14.839135438203812,10909.07993301244,10973.131876235357,20415.365979120288,20301.69370599421
test,2112,84,24.34322166442871,-94.49958038330078,29.28904914855957,-94.72342681884766,29.350820541381836,1.6687496900558472,1536.4141189457894,1566.3303604877724,1136.367513659169,1257.7605266357343
test,2113,70,25.74714469909668,-68.15535736083984,17.14113426208496,-67.91333770751953,17.134559631347656,28.65438747406006,3480.7955203670244,3481.549830156844,26250.292800915882,255.63176077640946
test,2114,60,80.27213287353516,-80.12004852294922,26.096059799194336,-79.98652648925781,25.416370391845703,1.598714217543602,1680.9160911953954,1728.6781417234934,4479.012351341447,4775.488990882279
test,2115,70,328.9842834472656,-88.03633880615234,30.702909469604492,-89.60576629638672,28.45741081237793,7.138803482055664,13522.545173977527,13572.956789038124,3670.807915380421,15755.425832193641
test,2116,70,431.4454650878906,-86.61366271972656,47.225318908691406,-92.01850891113281,46.697208404541016,6.076977014541626,7114.9656107460305,7105.047201494236,3434.06830321691,30831.027811660457
test,2117,70,164.81480407714844,-92.01850891113281,46.697200775146484,-90.09571075439453,47.34661102294922,0.7160769402980804,3716.074056001731,3746.3494315197872,750.7653574097745,6038.212956993619
test,2118,70,347.4715270996094,-79.61034393310547,42.681461334228516,-83.11549377441406,42.25366973876953,7.328760862350464,8729.588783290208,8605.675616423181,6407.914083881878,37082.98228738597
test,2119,70,391.9955139160156,-83.10930633544922,42.2564582824707,-79.24627685546875,42.89751052856445,0.4205846907570958,4405.537199641996,4373.772769626646,161.39626827477238,45705.65045038411
test,2120,70,528.0227661132812,-85.3740234375,45.886688232421875,-87.32518768310547,41.61766815185547,7.327031850814819,13775.473236594706,13789.636623860417,10164.287723679507,37194.870756563076
test,2121,60,57.26725387573242,-119.20218658447266,34.14828109741211,-119.50556182861328,34.375240325927734,0.01029655011370778,6010.0249467418835,5948.1360491631785,6288.082558195864,6835.029998423868
test,2122,60,24.741199493408203,-74.90869903564453,38.94860076904297,-74.70954895019531,39.061859130859375,6.201565235853195,2272.7798944740593,1731.2833402033675,4081.7906569948336,2600.5717870322173
test,2123,80,27.583383560180664,-94.41451263427734,23.146909713745117,-94.41622924804688,23.39491081237793,21.25793206691742,2134.8081771284033,2137.9276403312037,20269.276270396746,148.2173252755941
test,2124,80,26.69742202758789,-94.46112060546875,29.269729614257812,-94.68907165527344,29.34054946899414,2.001791775226593,2267.776132910941,2298.7199917020876,1991.0069043800138,2357.6384100537434
test,2125,80,88.60228729248047,-94.70362091064453,29.343870162963867,-94.42616271972656,28.661680221557617,0.9774706959724426,4312.9013762893655,4323.0392505739555,1213.2416083145738,9162.341320064133
test,2126,70,105.10405731201172,-94.6111068725586,29.294559478759766,-93.82776641845703,28.793489456176758,3.1756744384765625,8103.039655761849,8109.2386751329395,2699.12183681071,8803.713399819444
test,2127,80,22.547103881835938,-123.41593170166016,37.49034118652344,-123.67127990722656,37.484920501708984,20.655744552612305,2250.2363488872616,2210.2379967075944,21043.460212746595,59.611048919321135
test,2128,80,65.20206451416016,-117.48320770263672,32.306949615478516,-117.31961822509766,31.73740005493164,22.986197471618652,2355.8734698456256,2365.3341277047994,17221.10537490508,250.99559363027203
test,2129,70,432.1734619140625,-76.20733642578125,38.01814651489258,-73.04564666748047,35.64257049560547,47.77973175048828,13936.609475480076,14214.04426687242,49451.68036661377,40050.21869827048
test,2130,70,29.626129150390625,-124.44700622558594,48.385948181152344,-124.08647918701172,48.26995086669922,10.402590990066528,1015.0131146724126,1035.7383028313734,25341.99349284508,62.9569210588761
test,2131,80,65.6124496459961,-94.63494110107422,29.229110717773438,-94.42440032958984,28.769529342651367,2.1566747426986694,4691.450175551142,4685.346772300921,1726.3443374289534,7629.306586946258
test,2132,80,76.06930541992188,-116.9520034790039,29.15096092224121,-116.58126068115234,28.549100875854492,44.008358001708984,881.2221836840569,904.441571901882,39023.88455677843,419.38197720392725
test,2133,89,86.3251724243164,-65.07111358642578,17.444320678710938,-64.69194793701172,17.417749404907227,26.07674217224121,12272.403012523482,12272.14523269814,24333.343776663874,12421.859606951859
test,2134,70,39.07883834838867,-124.65251922607422,43.557708740234375,-124.58226013183594,43.90504837036133,24.79383087158203,1427.495736405151,1420.432243210308,25335.34687503781,207.726148522684
test,2135,83,29.351327896118164,-122.77519989013672,37.81047821044922,-123.0652084350586,37.94132995605469,17.66289186477661,1973.7865141501748,1979.5405605468738,17397.22732753768,196.3443443538307
test,2136,70,31.877073287963867,-80.12123107910156,26.072879791259766,-79.88897705078125,25.977529525756836,4.308987140655518,3483.3248219134653,3539.273396834739,2748.0886279820265,3416.152163546159
test,2137,70,371.3864440917969,-119.24756622314453,34.11089324951172,-122.38803100585938,35.932559967041016,8.442168951034546,5247.952124545959,5254.994038792513,5076.31276979736,30103.119825434114
test,2138,60,28.193986892700195,-89.26750946044922,29.421300888061523,-89.08667755126953,29.249839782714844,9.762511014938354,3394.520452075585,3306.2639397055646,7421.73084581272,3064.0151924672755
test,2139,60,52.884735107421875,-89.086669921875,29.249820709228516,-89.1149673461914,29.580289840698242,18.338601112365723,9814.909576576643,9827.234435606006,20688.563874556323,7745.557820569705
test,2140,68,42.743221282958984,-97.09186553955078,26.82532501220703,-97.06253814697266,27.206159591674805,42.98682975769043,2193.72516663541,2225.471529442611,44822.583139043076,181.74078914113372
test,2141,89,164.7984619140625,-80.11785125732422,26.09023094177246,-80.23416900634766,24.839359283447266,23.854808926582336,12526.296170651247,12525.122051611703,27729.27129761409,21784.44690389489
test,2142,80,59.855865478515625,-94.59729766845703,29.178539276123047,-94.71268463134766,28.67537498474121,2.7419416531920433,1259.9702904602022,1287.7882806060986,3697.902230676485,3701.033065402009
test,2143,80,24.106443405151367,-89.99725341796875,28.890459060668945,-89.89862060546875,28.718069076538086,2.3884694911539555,2323.1312591071537,2330.155018355547,1971.9035643741286,2489.3856232178246
test,2144,80,95.29939270019531,-95.33869171142578,28.937469482421875,-94.67575073242188,28.333229064941406,0.8279460966587067,2670.046965548273,2726.13132676339,955.1605815373883,1741.5123304061724
test,2145,79,44.93680191040039,-118.15057373046875,33.73503112792969,-118.52716827392578,33.72745895385742,21.795037984848022,4712.4107936745195,4643.899013929736,14059.007999149968,6549.402475075428
test,2146,70,22.115354537963867,-64.94580078125,18.334949493408203,-64.83393859863281,18.169389724731445,2.4838749170303345,2380.57035871302,2574.4293123524576,2402.4015255560603,351.1715707103253
test,2147,70,28.915136337280273,-64.84082794189453,18.185319900512695,-64.73686981201172,17.944799423217773,11.946390986442566,1822.4332768846712,1830.696138777245,11350.631503797831,1.4214220653603125
test,2148,70,195.64666748046875,-73.38980865478516,38.71998977661133,-73.80136108398438,40.44689178466797,10.478025674819946,7122.4180548785225,7126.199170703292,14480.206080802753,2875.834018394181
test,2149,84,73.3721694946289,-94.80522918701172,29.308359146118164,-94.56121063232422,29.340240478515625,3.0522916316986084,12815.243242581351,13018.72913499831,12501.245211095078,13841.712056036808
test,2150,69,197.87905883789062,-66.59732818603516,18.893325805664062,-64.92292022705078,18.332799911499023,29.974864602088928,6053.123994990804,6157.955311832591,34436.135221159464,6162.073405218748
test,2151,69,59.110321044921875,-64.9229507446289,18.33283042907715,-64.42503356933594,18.179750442504883,3.6767252683639526,971.7846264286634,997.1980693340959,2798.99289730745,3373.812892831004
test,2152,84,115.61824035644531,-79.42207336425781,26.060739517211914,-79.4012680053711,27.092369079589844,5.966880917549133,3395.032943510877,3412.259742770252,7541.269904859947,1418.1178359356577
test,2153,70,58.67192459106445,-82.65509796142578,23.76324462890625,-83.1134262084961,23.4471492767334,31.443034172058105,3201.597945877804,3223.1505946258726,27850.719065678975,1044.1603815553697
test,2154,70,88.56614685058594,-79.36712646484375,25.88101577758789,-80.11543273925781,26.065719604492188,0.655592437426094,3743.884181091567,3769.436555056056,3509.882786251721,3617.4388298149443
test,2155,70,73.33116149902344,-80.11544036865234,26.06572914123535,-79.45375061035156,25.88636016845703,1.3486653100699186,2516.5616574582127,2558.1255795350244,3083.0842502006208,3465.290606631268
test,2156,70,65.74539947509766,-87.48584747314453,29.451169967651367,-87.37113952636719,28.872339248657227,15.055921077728271,2624.271120102399,2655.169714037003,9098.37780834164,591.9342120200504
test,2157,70,79.75161743164062,-80.14720916748047,42.7180290222168,-79.24626159667969,42.89799118041992,4.699497103691101,1436.764966602437,1472.1812966321756,7800.445998561687,3669.289111129408
test,2158,82,57.39856719970703,-64.74846649169922,17.699520111083984,-64.80792236328125,17.191680908203125,15.391120076179504,2708.7959912324736,2717.8902000700073,14280.743644912096,957.2400214384443
test,2159,70,47.71967315673828,-111.77965545654297,23.24564552307129,-112.14354705810547,23.514869689941406,6.623982071876526,1313.902055517015,1336.6327824149944,6675.183849996257,104.77945211289342
test,2160,79,63.17815017700195,-84.97200012207031,46.621551513671875,-85.0919189453125,47.13138961791992,31.5380802154541,5333.223845072048,5320.901576609833,19639.13244004099,5896.661119141356
test,2161,60,32.31768798828125,-89.10659790039062,29.57387924194336,-89.30883026123047,29.418270111083984,9.013986110687256,4014.9278927498317,3944.966521634036,10519.959965137441,2959.862336931863
test,2162,60,30.799406051635742,-119.5077133178711,34.38420867919922,-119.40104675292969,34.1256103515625,0.003987287986092269,725.1707454363569,755.4884107093308,646.3143494152974,334.1514611240884
test,2163,60,53.36068344116211,-119.27713775634766,34.117740631103516,-119.50778198242188,34.38414001464844,0.007128648110665381,5614.036134132096,5607.122907582376,4437.724669351008,5480.3106029757755
test,2164,70,53.72934341430664,-89.97083282470703,29.25480079650879,-90.15778350830078,28.910490036010742,2.925185214728117,5127.77431409533,5202.906373522447,2545.395197357069,5588.495705550894
test,2165,70,54.64038848876953,-90.15247344970703,28.89434051513672,-89.9719009399414,29.25452995300293,5.814592808485031,5586.708789295904,5645.762572720479,3421.1516653567714,5812.659820314271
test,2166,70,64.02850341796875,-89.97203063964844,29.254480361938477,-90.12899780273438,28.80401039123535,9.069160148501396,5843.244954251413,5914.799489542368,6125.047139877454,5743.475479704483
test,2167,79,39.89241409301758,-73.86209106445312,40.48649978637695,-73.44700622558594,40.3401985168457,26.24249839782715,1708.2699180092188,1723.2792249938952,26759.15538055655,1221.6306603648914
test,2168,60,221.85833740234375,-80.98309326171875,30.424930572509766,-81.43216705322266,30.400390625,35.27627182006836,29127.108842143203,29079.81831850275,45843.001353541724,29142.778812683235
test,2169,72,137.29986572265625,-118.23164367675781,33.75448989868164,-119.40382385253906,34.10258102416992,3.122636079788208,5957.151467213939,5921.985962832869,3282.790616225962,11268.536127218369
test,2170,80,60.09868621826172,-94.59729766845703,29.178539276123047,-94.71469116210938,28.67588996887207,2.8247645050287247,1132.7654212763437,1156.82868183005,3494.887752696654,3782.0984699739865
test,2171,80,100.55758666992188,-94.71456909179688,28.67639923095703,-95.43447875976562,28.061420440673828,17.320738792419434,1264.0550813898587,1274.8599018874343,17888.01702743813,2443.62661729519
test,2172,70,130.1483154296875,-79.58338165283203,25.30010414123535,-79.18508911132812,26.33740997314453,16.188591480255127,10248.215636363622,10265.762648464965,18359.14819998332,10034.291000273655
test,2173,70,570.560302734375,-87.15888977050781,41.63309097290039,-84.3386001586914,45.846500396728516,1.6094415783882141,24257.394373374013,24249.697742563476,1270.275474022859,56767.89891119825
test,2174,70,75.13166046142578,-114.89163208007812,26.84675407409668,-114.43849182128906,26.306129455566406,15.056554317474365,1162.0178254203254,1184.4714908406493,14899.98157750233,21.7701081651839
test,2175,70,158.86434936523438,-121.9453353881836,34.56467056274414,-120.28079986572266,34.27423858642578,9.419241845607758,2706.54954467456,2721.3465836260225,9866.478598093347,2048.5479885863188
test,2176,70,333.816162109375,-77.3838119506836,33.525840759277344,-80.42256927490234,32.03076171875,11.776477813720703,6999.9665130006315,7018.049752386854,17286.597260078186,8356.157485728341
test,2177,70,29.506744384765625,-80.42195129394531,32.03041076660156,-80.693359375,31.945310592651367,6.859652996063232,954.3311621060607,963.6300930210508,6066.743016510803,2077.254068917772
test,2178,70,255.08291625976562,-80.70326232910156,31.95911979675293,-78.3566665649414,33.0013313293457,39.2312650680542,7461.482498338391,7440.447834749014,28258.90072546158,8994.977627234208
test,2179,70,49.08159637451172,-64.94570922851562,18.33485984802246,-64.73686981201172,17.944799423217773,1.960750199854374,2412.059326318979,2495.5251654980666,2793.4859313791476,1173.293694586771
test,2180,89,318.8797912597656,-65.06250762939453,16.882404327392578,-67.94732666015625,16.938430786132812,23.95922088623047,33914.539329330655,33925.008733696915,20104.523652584525,9572.237359261338
test,2181,89,56.96226119995117,-67.95648956298828,16.949649810791016,-67.42147064208984,16.932859420776367,40.82634735107422,3844.275356601462,3856.9707133726592,25659.573859857315,257.68916725572586
test,2182,60,139.81568908691406,-79.61383819580078,25.351985931396484,-78.98043060302734,26.340900421142578,12.965144157409668,12527.601471548447,12521.58591231106,9286.422615405903,14365.508967616655
test,2183,70,44.69148254394531,-80.07923889160156,25.783309936523438,-80.12000274658203,26.090450286865234,4.047942591365427,5695.419185130978,5647.213896979589,6053.208778463297,6876.855296142812
test,2184,70,69.24809265136719,-80.12004089355469,26.090370178222656,-79.99694061279297,25.52845001220703,9.894627690315247,2557.0076969092065,2629.4803199862013,9278.630255700857,5602.013454210049
test,2185,80,37.98986053466797,-116.56334686279297,28.44206428527832,-116.74334716796875,28.744890213012695,19.571062088012695,1017.5207700379021,1040.8048495511841,18184.198297109782,83.63887724842269
test,2186,70,31.394062042236328,-84.99569702148438,45.848358154296875,-85.39695739746094,45.88872146606445,0.5471693128347397,2038.3337660860786,2076.175562819548,518.2756070597577,40.204546805928665
test,2187,81,260.84869384765625,-80.12187194824219,26.09295082092285,-81.30039978027344,24.459550857543945,1.7332555502653122,4006.7876791370445,4032.8722423098125,2962.226978905282,37856.9278882756
test,2188,70,31.24135971069336,-123.43534088134766,30.40813446044922,-123.15586853027344,30.268369674682617,29.791990280151367,511.4832397917609,537.0972800060933,29354.82686111236,304.5092820223765
test,2189,70,144.87322998046875,-90.27558898925781,28.85453987121582,-90.90718078613281,27.68117904663086,16.448052883148193,4392.735520482285,4406.68334206965,17374.59777981344,2334.307700060105
test,2190,70,133.88522338867188,-87.8886489868164,44.66511917114258,-86.7328109741211,45.43690872192383,18.20730495452881,4525.060346699702,4433.170069187846,16303.163800512806,9313.414098288691
test,2191,79,39.05640411376953,-83.86741638183594,46.027748107910156,-84.248779296875,45.88383865356445,33.64901542663574,2418.3569612069223,2384.312152307513,31526.008868034503,4000.506583698238
test,2192,70,193.1599578857422,-92.13188934326172,46.74946975708008,-89.81671905517578,47.37303161621094,3.4749903678894043,3395.3750746398814,3408.7021986111145,4122.708285777066,8099.477229319114
test,2193,60,25.654277801513672,-89.34773254394531,29.4725399017334,-89.11492919921875,29.579959869384766,15.514465808868408,1114.37958006002,1146.1119544580492,17271.988932019092,200.7523659169274
test,2194,60,30.30140495300293,-89.1148910522461,29.57990074157715,-89.33943939208984,29.475139617919922,11.911401271820068,2515.1069472437716,2529.6766062797537,8571.455833550239,2339.4960464634505
test,2195,70,51.871490478515625,-89.97001647949219,29.2549991607666,-89.62212371826172,28.946720123291016,4.698721289634705,6153.394360915794,6196.064245822873,40719.76788239906,2904.9897389689886
test,2196,89,81.99683380126953,-79.93218994140625,26.16983985900879,-80.12187957763672,26.09115982055664,28.496721267700195,9234.86525799829,9016.45902607863,34667.04870139283,9060.683823888852
test,2197,89,214.75328063964844,-80.12193298339844,26.09115982055664,-80.58769226074219,24.520179748535156,3.7877768360776827,6179.73993505657,6187.330514256546,6167.9099657091665,29121.386798702802
test,2198,60,51.333187103271484,-72.4809799194336,40.842079162597656,-73.00042724609375,40.67356872558594,35.826910972595215,1271.9949026291201,1249.8730260503996,35315.2305789514,1509.1273589548202
test,2199,60,51.684146881103516,-73.00050354003906,40.66756820678711,-72.48129272460938,40.84260177612305,33.8355712890625,878.6576203232526,855.5682327726851,32194.121351138358,1215.0597961150897
test,2200,70,64.02850341796875,-89.97203063964844,29.254480361938477,-90.12899780273438,28.80401039123535,9.069160148501396,5843.244954251413,5914.799489542368,6125.047139877454,5743.475479704483
test,2201,70,64.76273345947266,-90.13263702392578,28.788650512695312,-89.97025299072266,29.2549991607666,11.585277423262596,5709.957262456665,5755.835001908295,8127.550826447365,5448.47239196818
test,2202,60,38.518436431884766,-80.81381225585938,30.468299865722656,-80.65843963623047,30.685819625854492,6.716064453125,5223.208704357596,5221.413294796183,4008.2931916720577,6269.137958923703
test,2203,79,72.46009826660156,-89.51985931396484,28.666730880737305,-89.86842346191406,28.096139907836914,14.17286491394043,2346.1099855211914,2406.0526222621243,13110.946156626775,430.9043935949577
test,2204,72,191.36715698242188,-118.23164367675781,33.75448989868164,-119.970947265625,34.23347854614258,2.4975404739379883,6900.461858017129,6861.074745892278,1140.729712207943,10296.347575711283
test,2205,84,71.03890228271484,-95.30732727050781,28.93840980529785,-94.8289566040039,28.475130081176758,3.032516270875931,2849.8924305486507,2887.346552147405,3503.099145006302,952.2897665698966
test,2206,80,26.337940216064453,-94.46862030029297,29.2562198638916,-94.69744110107422,29.34284019470215,1.424358606338501,1237.202938744137,1246.2172509016457,1703.2701056684982,1319.4844073347963
test,2207,80,51.07966232299805,-96.80393981933594,27.863309860229492,-96.87645721435547,27.68585968017578,10.28348445892334,5727.8278058039605,5742.552558616217,9020.133883394119,5904.456099581038
test,2208,70,24.156400680541992,-64.66114044189453,18.10066032409668,-64.63381958007812,18.31488037109375,16.469725251197815,818.3901604601994,849.8474707985758,15748.40796360392,384.3287694754934
test,2209,89,174.66802978515625,-66.46719360351562,16.96902084350586,-67.9014892578125,16.803739547729492,38.225114822387695,26875.425597175534,26884.12628668137,33141.181943082716,20030.775032599387
test,2210,84,122.13468170166016,-94.74231719970703,29.349899291992188,-93.81388092041016,28.792940139770508,13.018696904182434,7357.77128961209,7364.557823377762,12991.243966971275,6891.394527142028
test,2211,80,51.891990661621094,-93.13910675048828,29.302200317382812,-93.3340835571289,29.700429916381836,4.420872628688812,2285.5105133947327,2289.7222914039144,3747.5199008706036,1870.8689303628523
test,2212,80,35.40626525878906,-93.33540344238281,29.711669921875,-93.22308349609375,29.422880172729492,6.037137031555176,1576.927807891904,1588.8023162956872,5964.810986460921,1334.7132735776383
test,2213,70,229.78619384765625,-86.49915313720703,47.47515106201172,-89.18718719482422,48.4190788269043,10.57902717590332,7627.144736664634,7581.192943289201,9283.948306480555,3867.0766295940584
test,2214,70,116.81713104248047,-89.21410369873047,48.391578674316406,-87.84517669677734,47.96192169189453,2.6456902027130127,3262.0204250835955,3268.152481860294,1467.3538039823275,3780.6502889541243
test,2215,73,192.89425659179688,-79.58014678955078,29.56354522705078,-81.26367950439453,30.429119110107422,45.62137031555176,4193.318364117191,4200.234123346629,42415.068292122785,6774.774831485494
test,2216,71,197.20980834960938,-68.16277313232422,18.357385635375977,-67.06307983398438,19.783540725708008,35.774861335754395,3125.016805889632,3130.321694166329,21444.251373777388,5030.874989831248
test,2217,70,43.754722595214844,-74.04413604736328,40.60197448730469,-73.65406799316406,40.49665069580078,14.781471252441406,6018.903203456034,5915.254207321413,6353.391408786981,6570.63827320034
test,2218,80,30.679636001586914,-65.36009216308594,15.899209976196289,-65.51918029785156,16.12885093688965,23.124624252319336,1683.2660961808078,1703.7939855160423,14638.729787773662,45.398822264084565
test,2219,70,245.4822998046875,-80.12000274658203,26.09040069580078,-81.13166809082031,24.4793701171875,0.5511257443577051,3121.9265872795045,3157.030226378758,1210.4126131326227,34434.41344387236
test,2220,80,39.864749908447266,-118.02623748779297,33.60932922363281,-118.34967803955078,33.64244079589844,9.173149585723877,3099.064148319938,3120.965471177847,9220.673675274295,4158.217159016699
test,2221,70,195.650390625,-83.45955657958984,41.69451904296875,-81.24859619140625,42.11677169799805,11.494563069660217,13565.753969637144,13091.572163210114,11476.949772209906,5035.971331680573
test,2222,70,105.5799331665039,-79.02982330322266,43.53580093383789,-77.86461639404297,43.65410614013672,23.149876594543457,7474.884637414094,7476.790514800856,21033.640120809374,5074.21744149865
test,2223,80,24.77167320251465,-95.31696319580078,28.943370819091797,-95.15016174316406,28.780559539794922,0.8877737554721534,1396.5883490921747,1544.751681670082,865.1337502193521,401.6880206711219
test,2224,82,123.67646026611328,-94.74153137207031,29.350830078125,-93.7238998413086,29.565549850463867,13.573612332344055,9733.03608397806,9717.991942567525,13185.285986436778,14325.715712299063
test,2225,80,124.4767074584961,-94.6585922241211,29.3239803314209,-94.41620635986328,28.289400100708008,1.4972633719444275,4237.4690111623195,4260.586800056321,11246.488333808464,9578.918533672366
test,2226,70,292.5916442871094,-120.53517150878906,33.407875061035156,-118.73766326904297,31.26197052001953,12.469788074493408,3702.4569799670935,3704.109579192448,5972.141305335221,1167.4175126855048
test,2227,70,89.71241760253906,-83.22618865966797,44.32577896118164,-83.40618896484375,45.068111419677734,14.134882926940918,3091.1772103806998,3079.5806138875246,8982.798302061801,8034.448994116539
test,2228,70,68.873291015625,-83.40699005126953,45.067230224609375,-83.11376190185547,45.36008834838867,12.543014407157898,12825.073014057189,12587.887007584488,13086.502297240308,14018.110359305585
test,2229,70,309.9998474121094,-83.1888656616211,44.489471435546875,-85.85511779785156,45.89223861694336,37.49832534790039,10199.631308953198,9818.729525139275,29588.8038330199,42224.710975988804
test,2230,79,137.03834533691406,-90.04112243652344,47.50459671020508,-91.67179107666016,47.014530181884766,17.827820702455938,5070.027063321174,5078.1041377933425,17211.539315107722,2249.8388957309066
test,2231,79,61.8746337890625,-91.6717300415039,47.01457977294922,-91.0884780883789,47.341529846191406,16.796995744574815,4902.743000359291,4889.302528743887,14805.426527312047,4697.27865831153
test,2232,70,241.06198120117188,-85.55433654785156,45.38585662841797,-84.39337158203125,46.4999885559082,17.131404757499695,16702.954475883416,16350.414035146126,15745.08947721423,34275.25602950078
test,2233,70,565.2490844726562,-84.35124969482422,46.50307083129883,-87.74459075927734,43.380210876464844,0.9551653936505318,36297.9166226401,35951.03952153322,10611.345261444585,61009.75559499824
test,2234,60,42.27248001098633,-90.22541809082031,29.08993911743164,-90.59137725830078,28.89896011352539,5.267228186130524,955.4249403634535,988.5110674501881,5056.794134101233,1302.2460789839774
test,2235,70,49.29109191894531,-89.97025299072266,29.254980087280273,-90.08258056640625,28.916839599609375,3.2577901296317577,4923.960409823769,4973.541729463429,3297.0043899671414,5151.986718510266
test,2236,80,118.91246032714844,-96.42558288574219,27.771499633789062,-95.41374969482422,27.196760177612305,7.008549928665161,2646.0951523787085,2627.3299258261854,7000.427264935719,1218.7697225533132
test,2237,70,189.20834350585938,-89.22102355957031,48.414058685302734,-87.09213256835938,47.61336898803711,2.463820695877075,4608.431652800222,4610.86569564928,2837.230356843432,3090.635486050458
test,2238,80,23.537487030029297,-118.07131958007812,33.5311393737793,-118.1604232788086,33.70415115356445,6.373765468597412,2093.006673429368,2115.5063865023562,10072.488156992087,2653.7486631233146
test,2239,80,82.1671371459961,-93.34105682373047,29.77518081665039,-93.2401123046875,29.07115936279297,5.4429442482069135,3331.0992111088913,3355.2203372541326,5015.8127425996145,3630.6818865982696
test,2240,70,171.94744873046875,-80.26515197753906,31.488964080810547,-79.55892181396484,30.101600646972656,31.574584007263184,5100.540140393745,5064.168605181799,18869.988508252867,5122.428298474494
test,2241,70,208.3992462158203,-75.74296569824219,36.784576416015625,-74.67420959472656,35.14569854736328,24.83722496032715,7900.126529764073,7901.917761654429,24707.222197727093,8527.757236040492
test,2242,82,173.52847290039062,-79.97191619873047,31.351024627685547,-79.83541107177734,29.813720703125,17.65077769756317,3631.1109871910853,3656.087194197411,17452.643873016677,4401.015505959249
test,2243,70,46.02141571044922,-64.94597625732422,18.335079193115234,-64.74494171142578,17.975330352783203,2.308400943875313,2176.415976816417,2260.10145950272,2879.6129757219223,955.365365520548
test,2244,80,155.72824096679688,-90.17910766601562,28.32529067993164,-90.40670776367188,28.389619827270508,32.598981857299805,14649.112053730174,14640.981215136393,35299.08537017537,15275.650433458171
test,2245,71,532.5608520507812,-118.27542114257812,33.75429153442383,-122.65348815917969,36.257659912109375,13.803153991699219,7814.836568288398,7835.077147875163,9686.177893074157,43292.128886041355
test,2246,69,125.44520568847656,-79.95883178710938,25.539100646972656,-79.51188659667969,24.486900329589844,15.331858158111572,4821.2258465399955,4833.5791729865,15131.704202468922,281.29511367417916
test,2247,71,116.00559997558594,-79.24076843261719,32.54517364501953,-79.82576751708984,32.73004913330078,8.779137134552002,10537.298196213505,10560.721720489528,10538.632787119246,11416.767292988538
test,2248,71,112.9450454711914,-79.84168243408203,32.73699951171875,-79.93161010742188,32.1203498840332,21.176111608743668,20073.52874409258,20079.41331543872,19704.241350073105,22395.45924965283
test,2249,80,82.82891082763672,-95.30802154541016,28.94285011291504,-94.62085723876953,28.94951057434082,1.6859658062458038,8609.120887112824,8620.624509778369,1483.8841893738074,9859.602528420677
test,2250,80,200.9646453857422,-94.62077331542969,28.949430465698242,-94.15099334716797,27.338260650634766,10.43177056312561,9777.34609495183,9779.313003991012,10817.180074160944,9803.17892416345
test,2251,80,199.60171508789062,-66.76216888427734,17.973430633544922,-68.40982818603516,17.27239990234375,13.403160989284515,4893.126244046373,4905.64664340314,13521.166383305967,13086.322429075879
test,2252,70,39.91714096069336,-82.4521484375,23.889015197753906,-82.12129211425781,24.081090927124023,25.824891567230225,1720.621520965893,1735.9886470855613,26250.785140764743,614.8956825804495
test,2253,70,74.38663482666016,-80.11541748046875,26.06574058532715,-79.48271179199219,25.82832908630371,3.257716522552073,1979.0412925961768,2023.7132583708853,4495.971729171573,2899.6772932527
test,2254,60,55.62674331665039,-79.47663879394531,24.4829044342041,-79.59242248535156,24.97197914123535,26.93535041809082,2863.943478829416,2882.743878510052,26949.63467264603,53.405546504301434
test,2255,80,39.864749908447266,-118.02623748779297,33.60932922363281,-118.34967803955078,33.64244079589844,9.173149585723877,3099.064148319938,3120.965471177847,9220.673675274295,4158.217159016699
test,2256,79,208.5137939453125,-79.79218292236328,42.61494445800781,-82.13047790527344,41.90232849121094,16.473968029022217,2791.7539929501627,2813.7069912873467,16200.026282629633,2409.1582160995044
test,2257,69,175.74049377441406,-76.44155883789062,44.19620895385742,-78.33525085449219,43.63711929321289,13.366999626159668,5517.360834428187,5455.221988091979,11477.810026800295,9604.665891740036
test,2258,70,109.89183807373047,-82.70020294189453,41.48118591308594,-83.15731811523438,41.82912826538086,4.178869009017944,18151.43467704631,18161.105787133172,4890.607133636383,21846.67688135863
test,2259,70,195.52044677734375,-83.29096221923828,41.77853012084961,-81.0586166381836,42.16484069824219,11.820127964019775,11529.636527606366,11536.162899221985,6984.333255770924,5492.546437664466
test,2260,70,259.7624206542969,-79.02982330322266,43.53580093383789,-76.22091674804688,44.20573043823242,10.781126499176025,12669.879854012568,12637.789637393824,9184.346783161967,15819.557654536608
test,2261,81,33.017860412597656,-80.12225341796875,26.093379974365234,-79.96365356445312,25.85363006591797,2.285001039505005,943.4810922045442,1042.8010198916472,1659.2172981773072,2112.5050729432564
test,2262,70,136.42156982421875,-84.34229278564453,46.50197982788086,-83.71569061279297,45.47978973388672,4.356297820806503,6206.370538972697,6214.508838092098,3395.9649542323245,4570.802866028704
test,2263,70,201.7616729736328,-83.70829772949219,45.49470901489258,-86.1771011352539,45.8726692199707,14.319355487823486,7326.040463614836,7253.794555097748,8470.144194556382,10192.51663425675
test,2264,70,71.49705505371094,-83.78601837158203,45.410789489746094,-83.89704132080078,46.032901763916016,2.7868198975920677,3229.5282304493658,3263.220128932854,2336.0604411996055,1070.7981477865421
test,2265,79,151.22666931152344,-84.76445007324219,45.819339752197266,-84.3504409790039,46.50300979614258,14.484904319047928,20691.813135115382,18939.7917048274,14321.309466492807,29999.064408212384
test,2266,70,245.74305725097656,-86.67568969726562,45.41872024536133,-87.74459075927734,43.380210876464844,22.382230758666992,11345.718792936019,9949.042435194913,21707.045097664617,9848.017223396355
test,2267,70,37.41159439086914,-90.03199768066406,28.945289611816406,-89.92928314208984,29.255929946899414,3.7094459533691406,1651.833204507917,1654.3106663291921,4677.135592035185,1217.1537127967867
test,2268,70,42.900508880615234,-89.97087097167969,29.25472068786621,-90.02938079833984,28.94993019104004,1.621040481608361,3978.7658958696984,4006.896770217475,904.6865176096228,4661.931719627506
test,2269,60,23.31252670288086,-119.47068786621094,34.18054962158203,-119.22499084472656,34.14202117919922,3.337967276573181,1350.354309402395,1376.3604120264024,4307.189521059318,664.0554405123827
test,2270,60,27.294933319091797,-119.41947937011719,34.181880950927734,-119.50810241699219,34.381500244140625,0.08269250579178333,2941.2768379596387,2945.62728902655,3123.920879298619,2822.9475481792238
test,2271,79,25.03162384033203,-91.91027069091797,27.959150314331055,-91.68995666503906,28.06658935546875,8.387280225753784,1732.7983243365618,1749.9363372773971,8489.769390500755,305.74283392197685
test,2272,89,187.921875,-81.06134796142578,24.397159576416016,-82.89057922363281,24.22212028503418,23.340167999267578,2904.5054030676065,2934.717054874782,19291.297429242983,5522.841745188739
test,2273,70,227.22894287109375,-118.5864486694336,23.349544525146484,-116.51223754882812,22.623449325561523,82.60263538360596,4878.307118482643,4904.957746213487,63113.92369753988,1379.5844186756171
test,2274,70,228.63548278808594,-69.09317016601562,40.540775299072266,-70.03302764892578,42.33108901977539,23.3735990524292,11021.46238303903,11029.531348623092,12412.256901549146,12216.011883176843
test,2275,70,252.9545135498047,-88.04210662841797,30.710420608520508,-87.25729370117188,28.65888023376465,5.784573674201965,7341.884138380925,7441.037127840898,5739.540785252508,9008.356820900055
test,2276,80,243.12374877929688,-120.42431640625,31.860319137573242,-121.80445861816406,33.71260070800781,54.30706310272217,10643.241226378686,10661.626974311444,54160.84236739999,546.6002442720976
test,2277,80,167.6698760986328,-79.58423614501953,25.555599212646484,-80.27857971191406,24.35487937927246,9.806539535522461,4360.781158315257,4373.43467820504,8100.782756546487,18125.4339595377
test,2278,70,235.18118286132812,-78.88794708251953,43.37913131713867,-76.29853057861328,44.1963996887207,6.572207570075989,10509.918979401195,10502.781291841691,6840.183298580911,12725.004001930252
test,2279,79,98.4921646118164,-93.33171844482422,29.687070846557617,-93.219482421875,28.825359344482422,18.715546131134033,3255.316220581402,3270.868339909309,16949.322461504456,3407.807595666437
test,2280,79,51.425533294677734,-78.85570526123047,31.51449966430664,-78.99822998046875,31.06852912902832,25.335002899169922,2714.3356535461835,2711.1571424572544,16447.121090025867,375.9711755426504
test,2281,70,75.45845794677734,-94.58023071289062,29.10215950012207,-93.8946304321289,28.85053062438965,5.197386741638184,6510.873482330583,6531.613983653047,12219.618015107322,5300.273508430807
test,2282,80,221.90716552734375,-88.7996826171875,26.924585342407227,-90.28740692138672,28.31635093688965,62.728309631347656,3144.1063240819944,3145.752732200525,44958.97712335787,6289.879541176408
test,2283,70,74.81562805175781,-75.54363250732422,37.012149810791016,-76.08979797363281,37.20069885253906,5.518643617630005,6071.503742442457,6048.713567922061,2493.959786275678,12324.471528262684
test,2284,70,42.28544235229492,-64.9460678100586,18.335119247436523,-64.76146697998047,18.001789093017578,2.032659884542227,2049.5134622381247,2140.7887050714166,2969.2516179281884,1049.560966739585
test,2285,60,72.8724594116211,-65.42265319824219,16.191499710083008,-64.80979919433594,15.90408992767334,25.497326850891113,3101.2541686536742,3126.0339593028884,17099.812423122814,19.39615281029914
test,2286,80,53.01943588256836,-79.65898895263672,25.124670028686523,-79.8370132446289,24.682079315185547,10.10884165763855,2379.8739559967253,2390.3633830388794,11532.572710793747,1380.9978202554469
test,2287,71,49.98079299926758,-79.64234924316406,32.64284896850586,-79.66954040527344,32.30400848388672,16.491182327270508,8168.733362350672,8166.127649240689,14522.063565089946,8643.528003672745
test,2288,60,145.0440216064453,-94.5290756225586,29.20453453063965,-93.3065185546875,28.473520278930664,3.1508586406707764,2337.3666099574484,2358.937428471309,3247.109907594036,1333.016402618828
test,2289,60,176.51095581054688,-93.2945785522461,28.48550033569336,-94.78170013427734,29.31797981262207,4.296640645712614,4698.272614406457,4778.1626083581605,4515.785986827534,4752.119330014766
test,2290,60,42.61978530883789,-94.78170013427734,29.317920684814453,-94.44422149658203,29.151275634765625,1.6425058841705322,3465.6735244796664,3614.7697104450776,1716.5978136212448,3843.2551286030243
test,2291,70,49.04570388793945,-82.731689453125,41.4587516784668,-82.23706817626953,41.690208435058594,13.851466178894043,2176.0843487322168,2169.2159442984853,12736.607505949683,908.1218975177978
test,2292,70,24.9260311126709,-90.77885437011719,28.8037052154541,-90.57232666015625,28.93613052368164,8.425942182540894,1648.9764888555294,1668.5644486108722,6936.149975983987,8.98999333690803
test,2293,80,27.728418350219727,-95.33363342285156,28.936630249023438,-95.14051818847656,28.779470443725586,0.39693114161491394,1732.2374222061749,1936.7430463546536,605.9558732205046,1288.5994897379867
test,2294,79,43.79857635498047,-93.33233642578125,29.783239364624023,-93.66796112060547,29.65991973876953,5.24697255785577,4962.029504848028,4988.528456420413,4447.678102677657,6157.2608404045795
test,2295,68,29.482192993164062,-97.06123352050781,27.847129821777344,-96.77921295166016,27.76791000366211,3.3205702900886536,1276.264473016135,1387.322318446666,2465.1909029352223,778.1518687189566
test,2296,79,37.30534744262695,-87.93327331542969,28.573930740356445,-88.28954315185547,28.57574462890625,13.187424182891846,2504.6170194799356,2516.0046249662873,14978.687793326284,1347.6300444351036
test,2297,89,51.15867614746094,-94.63752746582031,29.311960220336914,-94.4358901977539,28.92176055908203,8.802439212799072,1874.6832181745897,1896.761362914364,8543.082069345142,4661.99626181904
test,2298,82,35.03654098510742,-93.69322204589844,29.420940399169922,-93.66905212402344,29.113819122314453,17.878012478351593,1394.6223987893727,1406.9993285105247,16779.762716027413,991.4903083249089
test,2299,70,33.41661071777344,-64.89717102050781,18.231430053710938,-64.77806854248047,17.95305061340332,6.624573171138763,1639.5740376063954,1672.5296758991135,6121.544981334122,1.4572359684698701
test,2300,89,43.16550064086914,-64.71471405029297,17.532745361328125,-64.71114349365234,17.144670486450195,9.605986207723618,2946.944986524713,2966.8238101169627,12833.488181183584,232.56877888077005
test,2301,70,92.62992095947266,-78.1645736694336,32.906864166259766,-79.0268325805664,32.49776840209961,22.38986384868622,3027.3287915276637,3038.374932364807,26762.15618038084,136.8146662956644
test,2302,84,83.07742309570312,-94.75839233398438,29.346895217895508,-94.21009063720703,28.898529052734375,10.071162819862366,4016.431823574074,4055.2676355414637,8075.535289549103,4688.845199552047
test,2303,60,138.8358917236328,-65.54434204101562,17.80222511291504,-66.8294906616211,17.65131950378418,18.811357498168945,3798.849655240026,3819.791149762981,14562.258447608383,5822.715014594598
test,2304,70,92.56600189208984,-76.96202850341797,33.62609100341797,-77.70465850830078,33.071128845214844,9.311086177825928,3608.2913000901513,3578.7688571083595,8175.036762917166,274.1623132659088
test,2305,70,86.2233657836914,-80.086181640625,26.09248924255371,-79.30526733398438,25.845630645751953,2.9126362204551697,7446.334670619136,7458.076041962214,8163.55081769632,5868.33900046912
test,2306,60,43.58402633666992,-92.7990493774414,28.110780715942383,-92.53417205810547,27.796329498291016,15.313433170318604,1449.2603641164492,1465.5644225182753,10259.69738114896,80.10206765439823
test,2307,80,233.30215454101562,-118.16790008544922,33.72679901123047,-117.65220642089844,31.712949752807617,3.631079852581024,4136.836262437965,4127.5868026657445,7841.589651233985,4435.809357801783
test,2308,70,68.53170013427734,-84.30638885498047,46.49242401123047,-83.88929748535156,45.99436950683594,2.0804765224456787,3987.9399274024518,4027.64173696934,2540.7252832072577,2803.2351686805914
test,2309,70,40.77671813964844,-80.07689666748047,42.78199005126953,-80.10266876220703,42.460140228271484,1.8058554157614708,3373.382134280897,3393.937274465272,2185.6973498061257,4972.204084913185
test,2310,89,99.20484924316406,-86.05101776123047,45.75941848754883,-84.83174133300781,45.82460021972656,17.5735342502594,2758.906713235155,2753.4715519196825,8461.80872154445,7024.296002613566
test,2311,70,186.05133056640625,-118.25232696533203,33.76156997680664,-117.68598175048828,32.2041015625,3.259856700897217,4474.247121749954,4517.489786032593,3321.8509360660323,4235.368395619457
test,2312,70,95.90137481689453,-87.51053619384766,44.082298278808594,-86.88153839111328,44.81864929199219,56.43913650512695,9623.75674506244,9630.159985889928,54319.22533707418,79.24820773421712
test,2313,79,457.7811584472656,-91.01956176757812,47.17509078979492,-85.24272918701172,46.897640228271484,20.98537540435791,5882.739222384702,5896.1267697781495,11945.893055147755,34185.46541347384
test,2314,79,43.21699142456055,-93.3315200805664,29.783390045166016,-93.66674041748047,29.66036033630371,5.344355031847954,4658.09950733771,4696.992937293582,4779.594202655541,5850.006874564629
test,2315,79,35.665740966796875,-93.66768646240234,29.660179138183594,-93.30307006835938,29.627269744873047,14.755111694335938,1292.9465938509566,1309.7253566747956,10636.815358454385,608.7578565575658
test,2316,79,35.47634506225586,-93.30375671386719,29.626850128173828,-93.66808319091797,29.65991973876953,14.044551372528076,1197.3294506648183,1229.4158068621557,6017.12318416267,394.50248339505936
test,2317,68,29.482192993164062,-97.06123352050781,27.847129821777344,-96.77921295166016,27.76791000366211,3.3205702900886536,1276.264473016135,1387.322318446666,2465.1909029352223,778.1518687189566
test,2318,60,24.24217987060547,-119.41934204101562,34.1820182800293,-119.50267791748047,34.37623977661133,0.14674509642645717,725.7024430215083,743.23694719859,905.2408539152907,708.0203709747636
test,2319,60,34.16739273071289,-119.46855926513672,34.17987823486328,-119.20217895507812,34.14833068847656,2.2882921919226646,3083.5700387387524,3103.2805875050053,5447.58216320744,2898.2441157144067
test,2320,79,47.075462341308594,-87.93327331542969,28.573930740356445,-88.39082336425781,28.580669403076172,9.00835919380188,1948.6451511569198,1958.7849582283598,10962.972724578083,1373.14918979311
test,2321,60,38.551578521728516,-90.81542205810547,28.092269897460938,-90.69463348388672,28.421899795532227,18.96589946746826,705.0569633223156,722.7607229813948,11374.861283099104,298.62162192038613
test,2322,60,22.998600006103516,-89.1308364868164,29.498689651489258,-89.07476806640625,29.318090438842773,13.31019115447998,2705.744284821518,2728.725297866404,12729.98218401062,2209.1053247581253
test,2323,70,70.20710754394531,-79.59720611572266,28.121414184570312,-79.9006576538086,28.693069458007812,25.85485601425171,1117.2818676477464,1161.6500062142936,23468.69132219543,639.3283885204513
test,2324,80,62.611297607421875,-94.57962799072266,29.109140396118164,-94.38200378417969,29.218530654907227,1.0885573029518127,11699.822879796433,11712.145865838544,67045.30388922905,12676.34359996399
test,2325,70,47.21877670288086,-64.9457778930664,18.334949493408203,-64.77433013916016,17.9442195892334,0.13971055299043655,1471.3770575993133,1566.97030896157,146.24940625274186,235.54407640412023
